timestamp,scheduled_timestamp,arrdep,airport,airline,aircraft,nnumber,flight_type,flight_number,terminal,gate,__index_level_0__
9/11/2024 13:07,9/11/2024 13:10,DEP,MTY,AA,E7M,N205NN,I,3515,B,B24,0
9/11/2024 13:20,9/11/2024 13:20,DEP,PHL,F9,UNK,N337FR,D,3986,D,D15,1
9/11/2024 12:01,9/11/2024 11:45,ARR,GRU,AA,789,N841AN,I,962,D,D25A,2
9/11/2024 12:22,9/11/2024 12:20,ARR,TUL,AA,32C,N149AN,D,1090,C,C24,3
9/11/2024 22:38,9/11/2024 22:25,DEP,MCO,F9,UNK,N373FR,D,1952,D,D14,5
9/11/2024 21:49,9/11/2024 21:45,DEP,ICT,AA,A19,N823AW,D,2366,A,A19,6
9/11/2024 23:02,9/11/2024 23:06,ARR,PHL,AA,32C,N133AN,D,593,C,C16,7
9/11/2024 23:20,9/11/2024 23:00,ARR,RIC,AA,38K,N956AN,D,1915,C,C14,8
9/11/2024 23:38,9/11/2024 21:58,ARR,CMH,AA,38K,N960AN,D,1492,D,D29,9
9/11/2024 23:44,9/11/2024 23:48,ARR,SAT,AA,A19,N748UW,D,3093,B,B17,10
9/11/2024 23:53,9/12/2024 0:14,ARR,QRO,AA,38K,N926NN,I,2299,D,D21,11
9/14/2024 11:19,9/14/2024 11:19,ARR,HNL,AA,772,N781AN,D,115,A,A24,12
9/13/2024 22:35,9/13/2024 22:35,ARR,PVG,AA,788,N878BG,I,128,D,D23,13
9/12/2024 0:27,9/12/2024 0:34,ARR,GJT,AA,E7M,N254NN,D,3592,B,B2,14
9/13/2024 17:20,9/13/2024 17:20,DEP,CRP,AA,E7M,N313BS,D,3418,B,B44,15
9/13/2024 14:14,9/13/2024 14:14,ARR,ORF,AA,38K,N973AN,D,687,D,D40,16
9/14/2024 2:15,9/14/2024 2:15,DEP,PHX,AA,32E,N414AL,D,1159,C,C30,17
9/14/2024 11:45,9/14/2024 11:45,ARR,GRU,AA,789,N835AN,I,962,D,D29,18
9/13/2024 20:07,9/13/2024 20:07,DEP,ANC,AA,32E,N420AN,D,399,A,A17,19
9/13/2024 12:09,9/13/2024 12:09,ARR,JAX,AA,38R,N315PE,D,2789,C,C12,20
9/13/2024 13:27,9/13/2024 13:27,ARR,GSP,AA,38K,N881NN,D,1800,C,C11,21
9/11/2024 23:24,9/11/2024 23:30,DEP,LIT,AA,19W,N721UW,D,1105,D,D31,22
9/13/2024 13:28,9/13/2024 13:28,DEP,PHX,AA,A21,N920US,D,520,A,A20,23
9/14/2024 0:25,9/14/2024 0:25,DEP,BWI,AA,38R,N301PA,D,2251,A,A17,24
9/13/2024 20:54,9/13/2024 20:54,ARR,YYZ,AA,38K,N952AA,I,1993,C,C24,25
9/13/2024 13:19,9/13/2024 13:19,DEP,YYZ,AA,38K,N952AA,I,1993,A,A39,26
9/12/2024 0:52,9/12/2024 1:00,ARR,MKE,AA,A05,N651AW,D,1733,A,A19,27
9/13/2024 17:34,9/13/2024 17:34,ARR,BRO,AA,E7M,N259NN,D,3880,B,B35,28
9/13/2024 15:24,9/13/2024 15:24,DEP,RAP,AA,E7M,N253NN,D,4106,B,B48,29
9/13/2024 17:13,9/13/2024 17:13,ARR,BUR,AA,38K,N890NN,D,2599,A,A9,30
9/13/2024 13:50,9/13/2024 13:50,ARR,ABQ,AA,38K,N958AN,D,2335,C,C20,31
9/13/2024 15:00,9/13/2024 15:00,DEP,FCA,AA,38K,N958AN,D,3052,C,C20,32
9/13/2024 17:23,9/13/2024 17:23,ARR,PHL,AA,32C,N908AA,D,771,D,D31,33
9/13/2024 14:20,9/13/2024 14:20,ARR,SAT,AA,32C,N907AA,D,2070,A,A33,34
9/13/2024 13:41,9/13/2024 13:41,DEP,FLL,AA,38K,N813NN,D,1364,A,A11,35
9/13/2024 15:21,9/13/2024 15:21,ARR,TUS,AA,A21,N582UW,D,849,D,D23,36
9/13/2024 13:36,9/13/2024 13:36,DEP,COS,AA,38K,N858NN,D,1552,A,A23,37
9/13/2024 12:44,9/13/2024 12:44,ARR,ABQ,AA,E7M,N259NN,D,3535,B,B29,38
9/11/2024 23:39,9/11/2024 23:43,DEP,MAF,AA,E7M,N246NN,D,4029,B,B19,39
9/13/2024 18:05,9/13/2024 18:05,ARR,DUB,AA,772,N799AN,I,133,A,A24,40
9/14/2024 0:13,9/14/2024 0:13,DEP,ORF,AA,38K,N824NN,D,772,D,D20,41
9/14/2024 1:55,9/14/2024 1:55,DEP,MSN,AA,A05,N669AW,D,595,A,A25,42
9/14/2024 1:00,9/14/2024 1:00,ARR,TUS,AA,32C,N128AN,D,584,A,A28,43
9/13/2024 17:15,9/13/2024 17:15,ARR,LHR,AA,772,N795AN,I,51,D,D27,44
9/13/2024 13:31,9/13/2024 13:31,DEP,CLL,AA,E7M,N318JE,D,3953,B,B22,45
9/13/2024 13:14,9/13/2024 13:14,DEP,AMA,AA,E7M,N290NN,D,3969,B,B34,46
9/13/2024 16:23,9/13/2024 16:23,ARR,TUS,AA,E7M,N313BS,D,3683,B,B44,47
9/13/2024 15:23,9/13/2024 15:23,ARR,BIL,AA,E7M,N329DD,D,3746,B,B21,48
9/13/2024 13:29,9/13/2024 13:29,DEP,BRO,AA,E7M,N259NN,D,3880,B,B29,49
9/13/2024 16:39,9/13/2024 16:39,ARR,PNS,AA,E7M,N258NN,D,3986,B,B38,50
9/13/2024 15:05,9/13/2024 15:05,DEP,LBB,AA,E7M,N283NN,D,3852,B,B46,51
9/13/2024 22:50,9/13/2024 22:50,ARR,FCA,AA,38K,N958AN,D,3052,C,C14,52
9/13/2024 17:22,9/13/2024 17:22,DEP,AGS,AA,E7M,N290NN,D,3462,B,B27,53
9/13/2024 16:30,9/13/2024 16:30,ARR,AMA,AA,E7M,N290NN,D,3969,B,B27,54
9/11/2024 22:36,9/11/2024 22:39,DEP,SLC,AA,32C,N159AN,D,2375,B,B9,55
9/12/2024 1:11,9/12/2024 0:47,ARR,MIA,AA,38M,N306RC,D,1314,C,C37,56
9/13/2024 16:19,9/13/2024 16:19,DEP,GRK,AA,E7M,N329DD,D,3866,B,B21,57
9/13/2024 18:43,9/13/2024 18:43,ARR,GRK,AA,E7M,N329DD,D,3866,B,B24,58
9/13/2024 18:57,9/13/2024 18:57,ARR,SHV,AA,E7R,N751AB,D,3939,B,B34,59
9/13/2024 18:28,9/13/2024 18:28,ARR,EGE,AA,319,N9002U,D,1341,C,C24,60
9/14/2024 2:59,9/14/2024 2:59,DEP,OMA,AA,38K,N917AN,D,2628,A,A39,61
9/13/2024 11:20,9/13/2024 11:20,ARR,XNA,AA,19W,N724UW,D,2062,C,C26,62
9/14/2024 1:00,9/14/2024 1:00,ARR,IAH,AA,A05,N652AW,D,1416,C,C11,63
9/14/2024 1:45,9/14/2024 1:45,DEP,PDX,AA,32C,N994AN,D,2224,A,A38,64
9/14/2024 10:46,9/14/2024 10:46,ARR,PDX,AA,32C,N994AN,D,1956,D,D33,65
9/13/2024 22:22,9/13/2024 22:22,DEP,MCO,AA,A21,N576UW,D,2186,A,A17,66
9/14/2024 0:45,9/14/2024 0:45,DEP,RIC,AA,38K,N959AN,D,1133,D,D36,67
9/14/2024 1:56,9/14/2024 1:56,DEP,COS,AA,38R,N970NN,D,2347,C,C16,68
9/14/2024 0:45,9/14/2024 0:45,DEP,PBI,AA,38K,N960AN,D,2271,A,A9,69
9/13/2024 15:22,9/13/2024 15:22,ARR,LIT,AA,E7Q,N762DT,D,4016,B,B34,70
9/12/2024 0:47,9/12/2024 0:34,ARR,LAS,AA,32C,N900UW,D,1599,B,B14,71
9/12/2024 0:30,9/12/2024 0:34,ARR,BOS,AA,38K,N800NN,D,1163,C,C21,72
9/12/2024 0:51,9/12/2024 0:43,ARR,SJC,AA,38K,N826NN,D,2834,B,B9,73
9/12/2024 0:51,9/12/2024 0:54,ARR,SRQ,AA,38K,N967AN,D,2679,B,B18,74
9/14/2024 0:00,9/14/2024 0:00,DEP,PHX,AA,32Q,N433AN,D,339,D,D17,75
9/13/2024 20:04,9/13/2024 20:04,ARR,PVR,AA,737,N917AN,I,353,D,D37,76
9/13/2024 13:22,9/13/2024 13:22,DEP,LBB,AA,E7M,N308LD,D,3487,B,B24,77
9/11/2024 19:36,9/11/2024 19:36,DEP,ORD,F9,UNK,N371FR,D,3244,E,E21,78
9/11/2024 22:59,9/11/2024 23:10,ARR,MHK,AA,E7M,N244NN,D,3396,B,B24,79
9/11/2024 19:19,9/11/2024 19:25,DEP,EWR,NK,A320,N652NK,D,3717,E,E33,80
9/11/2024 23:04,9/11/2024 23:00,ARR,BNA,AA,38K,N880NN,D,1100,A,A36,81
9/11/2024 21:06,9/11/2024 20:57,DEP,MSP,AA,38K,N870NN,D,2406,D,D38,82
9/11/2024 23:38,9/11/2024 23:10,ARR,CVG,AA,38K,N803NN,D,1658,C,C30,83
9/11/2024 23:22,9/11/2024 23:27,DEP,IAH,AA,319,N9006,D,1392,A,A23,84
9/12/2024 0:23,9/12/2024 0:39,ARR,MYR,AA,E7M,N274NN,D,3675,B,B33,85
9/12/2024 13:06,9/12/2024 13:10,DEP,RAP,AA,E7M,N264NN,D,3534,B,B29,86
9/12/2024 12:00,9/12/2024 12:00,DEP,MIA,AA,7MB,N306SP,D,1702,D,D17,87
9/12/2024 15:25,9/12/2024 15:51,ARR,LAS,AA,32C,N904AA,D,654,D,D22,88
9/12/2024 13:16,9/12/2024 13:20,DEP,MTJ,AA,19W,N724UW,D,1683,B,B17,89
9/13/2024 21:50,9/13/2024 21:53,ARR,ATL,DL,32S,N341DN,D,374,E,E16,90
9/12/2024 15:53,9/12/2024 16:12,ARR,SFO,AA,A21,N199UW,D,402,C,C14,91
9/12/2024 13:40,9/12/2024 13:40,DEP,VPS,AA,38K,N970AN,D,388,A,A39,92
9/13/2024 14:15,9/13/2024 14:15,ARR,DCA,AA,A19,N762US,D,454,D,D37,93
9/12/2024 15:55,9/12/2024 16:08,ARR,ABQ,AA,38K,N917AN,D,709,C,C15,94
9/12/2024 14:59,9/12/2024 15:03,DEP,HRL,AA,E7R,N779RN,D,3952,B,B2,95
9/12/2024 22:30,9/12/2024 22:30,DEP,LAX,AA,32C,N154AA,D,2023,A,A25,96
9/12/2024 15:03,9/12/2024 15:05,DEP,LBB,AA,E7M,N308LD,D,3852,B,B47,97
9/12/2024 16:02,9/12/2024 16:03,ARR,DEN,AA,320,N112US,D,1320,A,A8,98
9/14/2024 0:24,9/14/2024 0:24,DEP,MTY,AA,E7M,N305CL,I,3661,B,B31,99
9/12/2024 12:33,9/12/2024 12:35,DEP,LGA,AA,38M,N302SA,D,2103,A,A37,100
9/12/2024 15:12,9/12/2024 15:12,ARR,ATL,DL,32S,N118DY,D,961,E,E16,101
9/13/2024 15:44,9/13/2024 16:00,ARR,LGA,DL,220,N126DU,D,873,E,E13,102
9/13/2024 22:12,9/13/2024 22:17,ARR,MSP,DL,32S,N326US,D,2971,E,E15,103
9/12/2024 16:03,9/12/2024 16:21,ARR,MCO,AA,32C,N928AM,D,2555,A,A20,104
9/12/2024 13:15,9/12/2024 13:15,DEP,SEA,AS,737,N506AS,D,543,E,E11,105
9/12/2024 14:58,9/12/2024 15:00,DEP,MFE,AA,E7M,N277NN,D,3825,B,B40,106
9/12/2024 16:06,9/12/2024 16:12,ARR,DEN,F9,UNK,N358FR,D,4464,E,E20,107
9/12/2024 16:18,9/12/2024 16:24,ARR,MCI,AA,E7M,N240NN,D,3916,B,B47,108
9/12/2024 16:31,9/12/2024 16:31,ARR,LBB,AA,E7M,N280NN,D,3487,B,B35,109
9/12/2024 15:20,9/12/2024 15:24,DEP,MAF,AA,E7M,N207AN,D,3505,B,B48,110
9/12/2024 16:36,9/12/2024 16:39,ARR,HRL,AA,E7M,N261NN,D,3473,B,B42,111
9/12/2024 16:23,9/12/2024 15:51,ARR,ABI,AA,E7M,N230NN,D,4039,B,B48,112
9/12/2024 16:36,9/12/2024 16:13,ARR,COS,AA,OO7,N614SK,D,6219,E,E27B,113
9/12/2024 13:12,9/12/2024 13:09,DEP,FAT,AA,38R,N959NN,D,1729,B,B14,114
9/12/2024 15:02,9/12/2024 15:05,DEP,AUS,AA,38K,N831NN,D,814,A,A8,115
9/13/2024 23:22,9/13/2024 23:22,ARR,CMH,AA,E7M,N209NN,D,4040,B,B30,116
9/14/2024 0:44,9/14/2024 0:44,DEP,ABI,AA,E7R,N788CJ,D,3508,E,E38A,117
9/13/2024 16:50,9/13/2024 16:50,DEP,BOS,DL,220,N315DU,D,760,E,E15,118
9/13/2024 16:05,9/13/2024 16:05,DEP,DTW,DL,32S,N371NW,D,2746,E,E14,119
9/13/2024 1:42,9/13/2024 1:39,ARR,LHR,AA,77W,N730AN,I,81,D,D23,120
9/12/2024 16:24,9/12/2024 16:36,ARR,CLT,AA,32C,N903AA,D,1625,A,A18,121
9/12/2024 16:30,9/12/2024 16:39,ARR,DCA,AA,38R,N997NN,D,796,A,A33,122
9/12/2024 13:48,9/12/2024 13:29,DEP,QRO,AA,737,N880NN,I,2302,D,D1,123
9/12/2024 15:10,9/12/2024 15:10,ARR,DTW,DL,32S,N367NW,D,2746,E,E14,124
9/13/2024 13:56,9/13/2024 13:56,ARR,COS,AA,38K,N843NN,D,2788,C,C17,125
9/13/2024 15:05,9/13/2024 15:05,DEP,OKC,AA,E7M,N243NN,D,3896,B,B24,126
9/13/2024 13:09,9/13/2024 13:09,DEP,GSP,AA,E7M,N279MQ,D,3436,B,B44,127
9/13/2024 18:54,9/13/2024 18:54,ARR,GSP,AA,E7M,N279MQ,D,3436,B,B46,128
9/12/2024 16:35,9/12/2024 16:48,ARR,LAS,AA,32C,N152AA,D,893,D,D34,129
9/12/2024 16:39,9/12/2024 16:23,ARR,ORD,AA,38K,N839NN,D,2631,D,D18,130
9/12/2024 13:18,9/12/2024 13:19,DEP,YYZ,AA,38R,N960NN,I,1993,A,A28,131
9/12/2024 12:45,9/12/2024 12:45,DEP,SFO,UA,319,N873UA,D,657,E,E7,132
9/12/2024 12:30,9/12/2024 12:30,DEP,LGA,DL,220,N115DU,D,551,E,E17,133
9/12/2024 16:49,9/12/2024 17:07,ARR,BTR,AA,CP9,N563NN,D,5087,E,E34A,134
9/12/2024 16:58,9/12/2024 16:50,ARR,SAT,AA,38K,N907NN,D,2077,A,A28,135
9/12/2024 16:49,9/12/2024 16:34,ARR,GRK,AA,E7M,N284JN,D,3873,B,B4,136
9/12/2024 13:00,9/12/2024 13:00,DEP,PDX,F9,UNK,N232FR,D,3253,E,E21,137
9/12/2024 15:12,9/12/2024 14:36,DEP,MDW,F9,UNK,N331FR,D,1888,E,E21,138
9/12/2024 16:57,9/12/2024 16:32,ARR,STL,AA,A19,N770UW,D,2897,A,A19,139
9/12/2024 15:42,9/12/2024 14:14,ARR,SDF,AA,32C,N166NN,D,1040,D,D4,140
9/12/2024 16:59,9/12/2024 17:11,ARR,YVR,AA,32C,N149AN,I,1099,B,B6,141
9/12/2024 17:08,9/12/2024 16:34,ARR,MAF,AA,E7M,N249NN,D,3504,B,B43,142
9/12/2024 13:27,9/12/2024 13:19,DEP,LGA,AA,38K,N945AN,D,575,A,A35,143
9/12/2024 17:07,9/12/2024 16:26,ARR,AUS,AA,38K,N906AN,D,794,D,D38,144
9/12/2024 14:59,9/12/2024 15:01,DEP,ORD,AA,38K,N868NN,D,1805,D,D22,145
9/13/2024 0:49,9/13/2024 0:49,ARR,HOU,AA,E7M,N260NN,D,3470,B,B32,146
9/13/2024 14:06,9/13/2024 14:06,ARR,GSO,AA,38K,N896NN,D,1716,B,B17,147
9/12/2024 17:32,9/12/2024 17:47,ARR,MEM,AA,19W,N721UW,D,2559,C,C17,148
9/12/2024 15:29,9/12/2024 15:35,DEP,ELP,AA,E7M,N233NN,D,3856,B,B32,149
9/12/2024 13:39,9/12/2024 13:37,DEP,SMF,AA,A21,N584UW,D,2192,A,A36,150
9/12/2024 17:39,9/12/2024 18:02,ARR,SNA,AA,32E,N416AN,D,2258,B,B11,151
9/12/2024 17:16,9/12/2024 16:34,ARR,FSM,AA,E7R,N774JG,D,3942,E,E37A,152
9/12/2024 14:54,9/12/2024 14:00,DEP,YYZ,AC,223,\N,I,2030,E,E2,153
9/12/2024 13:17,9/12/2024 13:20,DEP,SFO,AA,38K,N917NN,D,3098,C,C22,154
9/12/2024 14:38,9/12/2024 13:10,DEP,SJD,AA,320,N126UW,I,1304,A,A16,155
9/12/2024 16:53,9/12/2024 16:29,ARR,SHV,AA,CS7,N752SK,D,4930,E,E27A,156
9/12/2024 12:05,9/12/2024 12:05,DEP,EWR,UA,737,N37319,D,1349,E,E6,157
9/12/2024 16:51,9/12/2024 16:29,ARR,SJT,AA,OO7,N770SK,D,4960,E,E22A,158
9/12/2024 16:00,9/12/2024 16:00,ARR,LGA,DL,220,N119DU,D,873,E,E13,159
9/12/2024 23:30,9/12/2024 23:30,DEP,LIT,AA,E7M,N239NN,D,3644,B,B32,160
9/13/2024 17:54,9/13/2024 17:54,DEP,GDL,AA,38K,N883NN,I,387,D,D18,161
9/13/2024 19:26,9/13/2024 19:26,ARR,GSO,AA,E7M,N232NN,D,3570,B,B48,162
9/12/2024 17:35,9/12/2024 17:48,ARR,LAS,AA,32C,N134AN,D,1908,C,C15,163
9/12/2024 15:39,9/12/2024 15:20,DEP,TRC,AA,E7M,N274NN,I,3544,B,B4,164
9/12/2024 15:06,9/12/2024 15:09,DEP,BJX,AA,38R,N942NN,I,1393,C,C15,165
9/13/2024 17:55,9/13/2024 17:55,DEP,IAH,NK,32Q,\N,D,3723,E,E32,166
9/12/2024 15:03,9/12/2024 15:06,DEP,PBI,AA,38R,N973NN,D,2218,B,B17,167
9/12/2024 15:38,9/12/2024 15:21,DEP,SDF,AA,CP9,N562NN,D,5449,E,E35B,168
9/12/2024 17:06,9/12/2024 16:12,ARR,IAH,UA,CRJ,N934FJ,D,6349,E,E4,169
9/12/2024 17:56,9/12/2024 18:15,ARR,BOS,AA,38K,N821NN,D,2997,C,C21,170
9/12/2024 17:43,9/12/2024 18:03,ARR,SEA,AA,32E,N446AN,D,1667,A,A8,171
9/12/2024 14:12,9/12/2024 14:00,DEP,PDX,AA,A21,N582UW,D,2655,C,C37,172
9/12/2024 17:49,9/12/2024 17:56,ARR,DCA,AA,320,N121UW,D,1232,C,C35,173
9/12/2024 17:09,9/12/2024 17:14,ARR,LAX,AA,32C,N121AN,D,343,D,D2,174
9/12/2024 15:10,9/12/2024 15:13,DEP,CLT,AA,32C,N992AU,D,1152,C,C10,175
9/12/2024 18:05,9/12/2024 18:14,ARR,RNO,AA,38K,N843NN,D,669,C,C14,176
9/13/2024 22:15,9/13/2024 22:15,DEP,LGA,DL,220,N132DU,D,869,E,E13,177
9/13/2024 17:25,9/13/2024 17:25,DEP,TRI,AA,E7M,N240NN,D,3903,B,B47,178
9/12/2024 18:22,9/12/2024 18:32,ARR,CLT,AA,32C,N986AN,D,1467,C,C19,179
9/12/2024 14:59,9/12/2024 15:00,DEP,FCA,AA,38K,N844NN,D,3052,C,C8,180
9/12/2024 15:18,9/12/2024 15:19,DEP,BOI,AA,32C,N148AN,D,2944,B,B11,181
9/12/2024 20:42,9/12/2024 20:42,DEP,TPA,AA,38K,N987AN,D,2535,A,A37,182
9/13/2024 0:30,9/13/2024 0:30,DEP,LAX,AA,32C,N148AN,D,779,B,B12,183
9/13/2024 19:55,9/13/2024 19:55,ARR,CLE,AA,38R,N346PR,D,2331,C,C6,184
9/13/2024 18:35,9/13/2024 18:35,ARR,SAN,AA,32S,N197UW,D,2535,D,D37,185
9/12/2024 20:50,9/12/2024 20:50,DEP,SFO,UA,319,N828UA,D,1806,E,E8,186
9/12/2024 21:44,9/12/2024 21:38,ARR,AGU,AA,E7R,N788CJ,I,3354,B,B3A,187
9/14/2024 0:44,9/14/2024 0:44,DEP,XNA,AA,A19,N809AW,D,1536,C,C29,188
9/13/2024 21:47,9/13/2024 21:47,ARR,SMF,AA,32C,N132AN,D,2192,A,A9,189
9/13/2024 10:11,9/13/2024 10:11,ARR,LAX,AA,A21,N914UY,D,3060,C,C2,190
9/13/2024 2:30,9/13/2024 2:30,DEP,LAX,AA,A21,N914UY,D,3060,B,B6,191
9/12/2024 23:30,9/12/2024 23:30,DEP,LAX,AA,32C,N158AN,D,2318,B,B18,192
9/12/2024 22:52,9/12/2024 23:09,ARR,FWA,AA,E7Q,N764JD,D,3909,B,B43,193
9/12/2024 19:33,9/12/2024 19:35,DEP,MEX,AA,38K,N869NN,I,2350,A,A17,194
9/12/2024 16:43,9/12/2024 16:15,DEP,SFO,AA,32C,N166NN,D,2387,D,D4,195
9/12/2024 18:43,9/12/2024 19:05,ARR,CUN,NK,32B,N675NK,I,344,D,D1,196
9/12/2024 18:46,9/12/2024 18:26,ARR,MEM,NK,A320,N655NK,D,1016,E,E18,197
9/12/2024 19:38,9/12/2024 19:38,DEP,EWR,AA,38K,N926NN,D,2222,C,C6,198
9/12/2024 22:36,9/12/2024 22:01,ARR,MGM,AA,E7M,N249NN,D,3596,B,B28,199
9/12/2024 19:28,9/12/2024 19:31,DEP,LEX,AA,E7M,N232NN,D,3491,B,B40,200
9/12/2024 20:39,9/12/2024 20:55,ARR,OKC,AA,38M,N355TW,D,868,A,A22,201
9/12/2024 18:11,9/12/2024 18:19,DEP,MLI,AA,E7M,N329DD,D,4116,B,B37,202
9/12/2024 22:33,9/12/2024 22:47,ARR,LGA,AA,38K,N925AN,D,1056,A,A18,203
9/12/2024 18:13,9/12/2024 17:38,DEP,SWO,AA,OO7,N770SK,D,4953,E,E22A,204
9/13/2024 2:15,9/12/2024 22:48,ARR,MIA,AA,32E,N460AN,D,1649,A,A28,205
9/12/2024 18:39,9/12/2024 18:45,ARR,DEN,AA,A21,N163US,D,2357,B,B16,206
9/12/2024 18:58,9/12/2024 18:51,ARR,PIT,AA,38K,N829NN,D,1583,B,B17,207
9/12/2024 15:14,9/12/2024 15:16,DEP,SNA,AA,737,N993NN,D,2264,D,D1,208
9/12/2024 20:26,9/12/2024 20:41,ARR,EWR,AA,38K,N957AN,D,1700,A,A21,209
9/12/2024 16:11,9/12/2024 16:17,DEP,FAT,AA,38K,N906NN,D,2393,C,C7,210
9/12/2024 16:27,9/12/2024 16:05,DEP,STS,AA,A19,N827AW,D,3109,D,D3,211
9/12/2024 15:58,9/12/2024 16:00,DEP,SAN,AA,A21,N182UW,D,1055,A,A38,212
9/12/2024 20:44,9/12/2024 20:43,ARR,DEN,AA,A21,N176UW,D,2579,C,C2,213
9/12/2024 18:47,9/12/2024 19:14,ARR,LAX,AA,A21,N916US,D,615,D,D34,214
9/12/2024 20:52,9/12/2024 20:44,ARR,ORD,UA,32S,N447UA,D,2854,E,E9,215
9/12/2024 15:54,9/12/2024 15:20,DEP,MEX,AA,38R,N346PR,I,393,A,A24,216
9/12/2024 19:15,9/12/2024 13:29,DEP,PVR,AA,38R,N983NN,I,353,C,C2,217
9/13/2024 1:33,9/12/2024 20:04,ARR,PVR,AA,38R,N983NN,I,353,D,D40,218
9/12/2024 22:20,9/12/2024 22:20,DEP,IAH,UA,32S,N877UA,D,1267,E,E4,219
9/12/2024 15:20,9/12/2024 15:20,DEP,LGA,AA,38K,N874NN,D,2335,C,C31,220
9/12/2024 18:03,9/12/2024 18:00,DEP,LAX,AA,A21,N923US,D,1540,A,A36,221
9/11/2024 20:49,9/11/2024 20:50,DEP,FRA,LH,343,DAIGN,I,439,D,D15,222
9/12/2024 13:36,9/12/2024 13:31,DEP,SJU,AA,A21,N926UW,I,164,D,D3,223
9/12/2024 19:31,9/12/2024 19:52,ARR,IAD,UA,737,N14230,D,2169,E,E6,224
9/12/2024 17:15,9/12/2024 17:19,DEP,TQO,AA,38K,N938NN,I,163,D,D31,225
9/12/2024 17:46,9/12/2024 17:19,DEP,BTR,AA,E7M,N235NN,D,3925,B,B40,226
9/12/2024 17:29,9/12/2024 17:29,DEP,HOU,AA,OO7,N719SK,D,4873,E,E30,227
9/12/2024 20:41,9/12/2024 20:43,ARR,LAX,AA,32E,N457AM,D,1767,C,C31,228
9/12/2024 12:09,9/12/2024 12:14,ARR,TXK,AA,E7Q,N764JD,D,3355,B,B24,229
9/12/2024 12:14,9/12/2024 12:01,ARR,SPS,AA,OO7,N770SK,D,6380,E,E30,230
9/12/2024 9:44,9/12/2024 10:00,ARR,ONT,AA,32C,N125AA,D,2609,A,A38,231
9/13/2024 0:33,9/13/2024 0:33,ARR,LAX,F9,\N,N636FR,D,3212,E,E7,232
9/12/2024 22:48,9/12/2024 22:48,ARR,ORD,F9,\N,N360FR,D,3241,E,E7,233
9/13/2024 1:46,9/13/2024 1:46,ARR,MDW,F9,UNK,N331FR,D,2999,E,E7,234
9/13/2024 0:18,9/13/2024 0:18,DEP,ONT,F9,\N,N360FR,D,1405,E,E7,235
9/13/2024 1:38,9/13/2024 1:38,DEP,MIA,F9,\N,N636FR,D,2676,E,E7,236
9/12/2024 22:36,9/12/2024 22:36,DEP,LGA,F9,UNK,N372FR,D,3424,E,E7,237
9/13/2024 2:41,9/13/2024 2:41,DEP,MDW,F9,UNK,N331FR,D,2882,E,E7,238
9/13/2024 3:12,9/13/2024 3:12,DEP,DEN,F9,UNK,N619FR,D,4069,E,E21,239
9/13/2024 17:30,9/13/2024 17:30,DEP,MIA,AA,32C,N134AN,D,1271,D,D4,240
9/14/2024 23:55,9/14/2024 23:55,DEP,DOH,QR,351,\N,I,730,D,D11,241
9/13/2024 23:55,9/13/2024 23:55,DEP,DOH,QR,351,\N,I,730,D,D11,242
9/14/2024 20:05,9/14/2024 20:05,ARR,HEL,AY,359,\N,I,19,D,D14,243
9/13/2024 23:55,9/13/2024 23:55,ARR,IST,TK,789,\N,I,191,D,D14,244
9/15/2024 1:56,9/15/2024 1:56,ARR,MSP,SY,737,\N,D,1651,D,D5,245
9/14/2024 3:15,9/14/2024 3:15,DEP,SYD,QF,789,\N,I,8,D,D8,246
9/14/2024 21:50,9/14/2024 21:50,DEP,HEL,AY,359,\N,I,20,D,D15,247
9/14/2024 1:40,9/14/2024 1:40,DEP,IST,TK,789,\N,I,192,D,D14,248
9/15/2024 4:30,9/15/2024 4:30,DEP,MCO,SY,737,\N,D,8718,D,D5,249
9/13/2024 16:30,9/13/2024 16:30,DEP,HND,JL,351,\N,I,11,D,D14,250
9/13/2024 15:45,9/13/2024 15:45,ARR,CVN,KG,ER4,\N,D,5407,D,D12,251
9/13/2024 21:05,9/13/2024 21:05,ARR,SYD,QF,789,\N,I,7,D,D8,252
9/13/2024 20:40,9/13/2024 20:40,ARR,IAH,AA,A05,N601AW,D,1431,C,C39,253
9/13/2024 22:00,9/13/2024 22:00,DEP,ONT,AA,A05,N601AW,D,2191,C,C39,254
9/12/2024 23:30,9/12/2024 23:30,DEP,BNA,AA,38K,N853NN,D,1044,C,C8,255
9/13/2024 22:42,9/13/2024 22:42,ARR,PSP,AA,32C,N129AA,D,2003,A,A37,256
9/13/2024 15:31,9/13/2024 15:31,DEP,PSP,AA,32C,N129AA,D,2003,A,A9,257
9/13/2024 17:19,9/13/2024 17:19,DEP,TQO,AA,737,N877NN,I,163,D,D17,258
9/13/2024 3:40,9/13/2024 3:40,DEP,LIT,AA,19W,N716UW,D,1105,C,C17,259
9/12/2024 23:10,9/12/2024 23:10,ARR,MEM,AA,38K,N814NN,D,1789,C,C39,260
9/13/2024 14:19,9/13/2024 14:19,ARR,BMI,AA,E7M,N305CL,D,3370,B,B32,261
9/12/2024 21:42,9/12/2024 21:42,DEP,LBB,AA,E7M,N235NN,D,3489,B,B40,262
9/13/2024 1:40,9/13/2024 1:40,DEP,SGF,AA,E7M,N279MQ,D,4092,B,B27,263
9/12/2024 20:57,9/12/2024 20:57,DEP,LAS,AA,32C,N906AA,D,777,D,D31,264
9/13/2024 17:51,9/13/2024 17:51,DEP,LAS,AA,32C,N165NN,D,599,D,D2,265
9/13/2024 2:46,9/13/2024 2:46,ARR,ELP,AA,E7R,N786SM,D,3345,B,B48,266
9/13/2024 23:54,9/13/2024 23:54,ARR,ATL,DL,32S,N394DX,D,31,E,E15,267
9/13/2024 3:49,9/13/2024 3:49,DEP,COS,AA,737,N843NN,D,2347,D,D17,268
9/13/2024 2:05,9/13/2024 2:05,ARR,CUN,AA,737,N843NN,I,681,D,D17,269
9/12/2024 21:20,9/12/2024 20:31,DEP,CHS,AA,38K,N835NN,D,1638,A,A35,270
9/12/2024 18:06,9/12/2024 17:39,ARR,SGF,AA,OO7,N608SK,D,4952,E,E26,271
9/13/2024 14:47,9/13/2024 14:47,ARR,ORD,UA,320,N431UA,D,729,E,E9,272
9/13/2024 22:15,9/13/2024 22:15,DEP,ORD,AA,38K,N930AN,D,2399,C,C12,273
9/12/2024 18:26,9/12/2024 18:45,ARR,IAH,AA,38K,N863NN,D,1424,C,C22,274
9/13/2024 14:12,9/13/2024 14:12,ARR,CMH,AA,E7M,N243NN,D,3914,B,B24,275
9/12/2024 19:45,9/12/2024 19:45,DEP,SEA,AA,32C,N165NN,D,2101,D,D3,276
9/12/2024 19:33,9/12/2024 19:38,DEP,CLT,AA,32C,N128AN,D,1342,C,C10,277
9/12/2024 21:31,9/12/2024 21:29,ARR,AUS,AA,38K,N938AN,D,795,A,A35,278
9/13/2024 16:20,9/13/2024 16:20,DEP,ORD,AA,38R,N969NN,D,2412,C,C36,279
9/13/2024 0:39,9/13/2024 0:39,ARR,LBB,AA,E7M,N235NN,D,3489,B,B43,280
9/12/2024 17:40,9/12/2024 17:39,DEP,ATL,AA,38R,N997NN,D,1008,A,A33,281
9/12/2024 17:37,9/12/2024 17:33,DEP,CZM,AA,319,N4032T,I,1180,A,A35,282
9/12/2024 21:52,9/12/2024 21:52,DEP,BNA,AA,38K,N802NN,D,2238,B,B7,283
9/12/2024 17:31,9/12/2024 17:32,DEP,EGE,AA,319,N9008U,D,1980,C,C11,284
9/12/2024 17:27,9/12/2024 17:30,DEP,DCA,AA,32C,N131NN,D,54,C,C19,285
9/12/2024 20:55,9/12/2024 21:00,ARR,MAD,AA,772,N750AN,I,37,D,D18A,286
9/12/2024 21:45,9/12/2024 21:56,ARR,RSW,AA,38K,N865NN,D,609,C,C35,287
9/12/2024 19:02,9/12/2024 18:46,ARR,SGF,AA,E7M,N303DD,D,3560,B,B32,288
9/12/2024 20:31,9/12/2024 20:50,ARR,PHL,AA,A21,N579UW,D,856,C,C24,289
9/12/2024 19:00,9/12/2024 19:08,ARR,AUS,AA,E7M,N307LH,D,4085,B,B31,290
9/12/2024 15:57,9/12/2024 16:05,DEP,HNL,AA,772,N779AN,D,115,D,D33,291
9/12/2024 19:45,9/12/2024 20:00,ARR,GDL,AA,38K,N871NN,I,1174,D,D40,292
9/12/2024 18:22,9/12/2024 18:29,DEP,PNS,AA,38K,N955AN,D,2002,C,C30,293
9/12/2024 21:39,9/12/2024 21:38,ARR,SAN,AA,32C,N905AU,D,2034,C,C21,294
9/13/2024 20:43,9/13/2024 20:43,ARR,EWR,NK,32A,\N,D,3718,E,E33,295
9/13/2024 20:19,9/13/2024 20:19,ARR,FLL,NK,32A,\N,D,1101,E,E18,296
9/13/2024 20:03,9/13/2024 20:03,DEP,CLT,NK,32B,\N,D,213,E,E33,297
9/12/2024 18:34,9/12/2024 18:00,DEP,STL,AA,E7M,N282NN,D,9868,B,B44,298
9/13/2024 21:03,9/13/2024 21:03,ARR,SEA,AS,7M9,N921AK,D,586,E,E11,299
9/13/2024 22:05,9/13/2024 22:05,DEP,SEA,AS,7M9,N921AK,D,573,E,E11,300
9/11/2024 16:50,9/11/2024 16:50,DEP,BOS,DL,220,N307DU,D,760,E,E13,301
9/11/2024 21:01,9/11/2024 21:02,ARR,BOS,DL,220,N312DU,D,303,E,E17,302
9/11/2024 15:38,9/11/2024 15:38,ARR,IAD,UA,319,N871UA,D,2314,E,E8,303
9/11/2024 16:03,9/11/2024 15:55,DEP,TBN,LF,ERJ,\N,D,3552,D,D5,306
9/12/2024 3:52,9/12/2024 3:55,DEP,DOH,QR,351,A7ANG,I,732,D,D15,307
9/13/2024 2:48,9/13/2024 2:48,ARR,PBI,AA,38K,N863NN,D,1844,D,D40,308
9/13/2024 17:10,9/13/2024 17:10,DEP,IAH,UA,CR9,N930LR,D,6096,E,E4,309
9/11/2024 11:08,9/11/2024 11:42,ARR,CVG,AA,38K,N930AN,D,1970,A,A28,310
9/11/2024 11:43,9/11/2024 12:10,ARR,MCI,AA,38K,N821NN,D,1098,C,C7,311
9/11/2024 11:42,9/11/2024 12:07,ARR,BNA,AA,38R,N986NN,D,1997,C,C11,312
9/11/2024 11:47,9/11/2024 12:07,ARR,OKC,AA,38K,N973AN,D,2272,B,B12,313
9/11/2024 11:43,9/11/2024 11:45,ARR,LRD,AA,E7M,N246NN,D,3475,B,B2,314
9/11/2024 11:49,9/11/2024 12:28,ARR,MHK,AA,E7R,N782SM,D,3493,B,B29,315
9/11/2024 12:00,9/11/2024 11:48,ARR,GPT,AA,OO7,N719EV,D,6211,E,E24B,316
9/11/2024 12:01,9/11/2024 12:15,ARR,CID,AA,19W,N724UW,D,2753,A,A23,317
9/11/2024 12:05,9/11/2024 12:28,ARR,ORD,AA,38R,N954NN,D,760,A,A22,318
9/11/2024 12:29,9/11/2024 12:15,ARR,MSY,AA,38K,N889NN,D,2090,A,A8,319
9/11/2024 12:24,9/11/2024 12:25,ARR,SAT,AA,38K,N968AN,D,2266,B,B9,320
9/11/2024 12:16,9/11/2024 12:20,ARR,SDF,AA,E7M,N205NN,D,3424,B,B24,321
9/11/2024 12:23,9/11/2024 12:19,ARR,IAH,AA,38K,N874NN,D,2551,C,C37,322
9/11/2024 12:27,9/11/2024 12:28,ARR,LEX,AA,E7M,N282NN,D,3581,B,B21,323
9/11/2024 12:15,9/11/2024 12:08,ARR,MEM,AA,38K,N908AN,D,1940,B,B18,324
9/11/2024 9:55,9/11/2024 10:00,DEP,ORD,AA,38K,N907AN,D,1938,A,A17,325
9/11/2024 12:12,9/11/2024 12:26,ARR,CLE,AA,737,N343PN,D,525,D,D3,326
9/11/2024 12:21,9/11/2024 12:49,ARR,DCA,AA,319,N9002U,D,1839,C,C8,327
9/11/2024 12:30,9/11/2024 12:44,ARR,ABQ,AA,E7M,N255NN,D,3535,B,B37,328
9/11/2024 9:57,9/11/2024 10:00,DEP,MIA,AA,38R,N946NN,D,1042,A,A19,329
9/11/2024 12:52,9/11/2024 13:27,ARR,GSP,AA,38R,N967NN,D,1800,C,C16,330
9/11/2024 13:13,9/11/2024 13:51,ARR,SYR,AA,A19,N828AW,D,533,C,C22,331
9/11/2024 13:12,9/11/2024 13:28,ARR,ORD,AA,38R,N309PC,D,2610,A,A19,332
9/11/2024 14:34,9/11/2024 12:09,ARR,AEX,AA,OO7,N611SK,D,6310,E,E25,333
9/11/2024 13:16,9/11/2024 13:40,ARR,BJX,AA,38K,N869NN,I,2263,D,D22,334
9/11/2024 13:25,9/11/2024 13:40,ARR,PBI,AA,38K,N886NN,D,1220,A,A20,335
9/11/2024 13:24,9/11/2024 13:36,ARR,CUU,AA,E7Q,N764JD,I,3369,B,B2,336
9/11/2024 12:04,9/11/2024 12:14,DEP,IAH,AA,E7R,N749BM,D,3869,B,B49,337
9/11/2024 13:38,9/11/2024 13:49,ARR,SAV,AA,319,N9006,D,2435,C,C29,338
9/11/2024 13:36,9/11/2024 14:14,ARR,ORF,AA,38K,N841NN,D,687,A,A29,339
9/11/2024 13:44,9/11/2024 13:55,ARR,GRI,AA,OO7,N718SK,D,6312,E,E30,340
9/11/2024 13:53,9/11/2024 13:50,ARR,EVV,AA,OO7,N726SK,D,4912,E,E22A,341
9/11/2024 11:22,9/11/2024 10:00,DEP,CLT,AA,A21,N176UW,D,1091,A,A24,342
9/11/2024 12:09,9/11/2024 12:17,DEP,ELP,AA,E7M,N241NN,D,3549,B,B44,343
9/11/2024 13:56,9/11/2024 14:15,ARR,DCA,AA,A19,N806AW,D,454,B,B6,344
9/11/2024 13:44,9/11/2024 14:06,ARR,GSO,AA,38K,N960AN,D,1716,A,A38,345
9/11/2024 11:45,9/11/2024 12:00,DEP,ORD,AA,38K,N914NN,D,9783,A,A37,346
9/11/2024 13:48,9/11/2024 13:40,ARR,HND,JL,A35K,JA01WJ,I,12,D,D14,347
9/13/2024 2:01,9/13/2024 2:01,DEP,BHM,AA,CP9,N560NN,D,5176,E,E35A,348
9/13/2024 15:51,9/13/2024 15:51,ARR,LAS,AA,32C,N994AN,D,654,A,A37,349
9/13/2024 20:54,9/13/2024 20:54,ARR,MIA,AA,A21,N914UY,D,1824,C,C15,350
9/13/2024 14:06,9/13/2024 14:06,ARR,HSV,AA,E7M,N241NN,D,3985,B,B34,351
9/12/2024 21:46,9/12/2024 19:00,ARR,FWA,AA,OO7,N762SK,D,6186,E,E24A,352
9/13/2024 1:14,9/13/2024 0:55,ARR,LGA,DL,220,N122DU,D,522,E,E17,353
9/12/2024 23:55,9/12/2024 23:55,DEP,SNA,AA,32E,N424AN,D,348,B,B11,354
9/13/2024 0:15,9/13/2024 0:05,DEP,TRC,AA,E7R,N787BP,I,3547,E,E37A,355
9/13/2024 18:33,9/13/2024 18:42,ARR,LAX,DL,32S,N332NB,D,521,E,E14,356
9/14/2024 2:08,9/14/2024 2:13,ARR,SLC,DL,220,N303DU,D,2796,E,E12,357
9/12/2024 23:06,9/12/2024 23:06,DEP,PHX,AA,A21,N170US,D,2887,B,B17,358
9/13/2024 15:20,9/13/2024 15:20,ARR,ELP,AA,38R,N969NN,D,646,C,C36,359
9/13/2024 4:09,9/13/2024 4:09,ARR,MIA,NK,32A,\N,D,3175,E,E31,360
9/12/2024 22:30,9/12/2024 22:35,ARR,SAF,AA,OO7,N613SK,D,6216,E,E38B,361
9/13/2024 3:45,9/13/2024 3:45,DEP,LBB,AA,E7M,N240NN,D,3545,B,B4,362
9/13/2024 13:18,9/13/2024 13:18,DEP,SNA,AA,38R,N342PM,D,2253,B,B11,363
9/12/2024 18:08,9/12/2024 18:10,DEP,AUS,AA,E7M,N332JG,D,4009,B,B29,364
9/12/2024 18:26,9/12/2024 18:14,DEP,SFO,AA,32C,N149AN,D,2177,B,B6,365
9/13/2024 1:57,9/13/2024 1:57,DEP,QRO,AA,38K,N901AN,I,878,B,B9,366
9/13/2024 18:51,9/13/2024 18:51,DEP,LFT,AA,E7M,N283NN,D,3497,B,B25,367
9/13/2024 19:00,9/13/2024 19:00,ARR,AMS,AA,788,N870AX,I,221,D,D33,368
9/13/2024 17:33,9/13/2024 17:33,DEP,ICT,AA,E7M,N235NN,D,3551,B,B21,369
9/13/2024 18:06,9/13/2024 18:06,ARR,LBB,AA,E7M,N283NN,D,3852,B,B25,370
9/13/2024 18:19,9/13/2024 18:19,DEP,MLI,AA,E7M,N259NN,D,4116,B,B35,371
9/13/2024 14:08,9/13/2024 14:08,ARR,IAD,AA,32C,N129AA,D,2617,A,A9,372
9/14/2024 1:44,9/14/2024 1:44,DEP,SAN,AA,32C,N908AA,D,1399,A,A19,373
9/13/2024 20:44,9/13/2024 20:44,ARR,BHM,AA,E7M,N220NN,D,3888,B,B25,374
9/12/2024 0:39,9/12/2024 0:44,DEP,ABI,AA,E7M,N273NN,D,3508,B,B1A,375
9/12/2024 1:20,9/12/2024 1:54,ARR,TUL,AA,38K,N923AN,D,9787,B,B11,376
9/13/2024 18:11,9/13/2024 18:11,DEP,MCO,AA,32C,N154AA,D,1772,C,C30,377
9/14/2024 0:11,9/14/2024 0:11,ARR,MEX,Y4,32S,\N,I,800,D,D6,378
9/12/2024 0:49,9/12/2024 0:50,DEP,FSD,AA,32S,N747UW,D,855,D,D3,379
9/12/2024 0:34,9/12/2024 0:02,DEP,YVR,AA,32C,N149AN,I,2373,B,B14,380
9/12/2024 1:16,9/12/2024 0:45,DEP,SEA,AS,7M9,N917AK,D,575,E,E11,381
9/12/2024 12:37,9/12/2024 12:42,ARR,IAH,NK,A321,N684NK,D,3716,E,E32,382
9/13/2024 17:27,9/13/2024 17:27,DEP,HOU,AA,E7M,N265NN,D,4046,B,B31,383
9/13/2024 2:34,9/13/2024 2:34,ARR,DTW,AA,32C,N125AA,D,1355,A,A9,384
9/13/2024 2:05,9/13/2024 2:05,ARR,GRR,AA,38R,N951NN,D,1576,A,A16,385
9/13/2024 11:02,9/13/2024 11:02,DEP,LGA,AA,38R,N951NN,D,570,A,A16,386
9/13/2024 18:44,9/13/2024 18:44,ARR,SAT,AA,38R,N964NN,D,1957,A,A39,387
9/12/2024 12:07,9/12/2024 12:12,DEP,OKC,AA,E7M,N233NN,D,3506,B,B21,388
9/12/2024 13:03,9/12/2024 13:00,ARR,ICN,KE,B789,HL7209,I,31,D,D8,389
9/12/2024 13:11,9/12/2024 12:10,ARR,MCI,AA,38K,N925AN,D,1098,B,B12,390
9/13/2024 17:40,9/13/2024 17:40,DEP,JFK,AA,38M,N336SR,D,2246,D,D34,391
9/12/2024 11:53,9/12/2024 12:00,DEP,DSM,AA,E7M,N265NN,D,3930,B,B38,392
9/12/2024 10:35,9/12/2024 10:35,DEP,DTW,DL,32S,N341NW,D,2183,E,E16,393
9/13/2024 18:21,9/13/2024 18:21,DEP,SAN,AA,32C,N137AA,D,456,C,C38,394
9/13/2024 22:44,9/13/2024 22:44,ARR,SAN,AA,32E,N446AN,D,772,C,C39,395
9/14/2024 2:00,9/14/2024 2:00,DEP,LAX,AA,38K,N844NN,D,1641,C,C8,396
9/14/2024 3:54,9/14/2024 3:54,ARR,LAX,AA,32C,N152AA,D,1504,C,C16,397
9/13/2024 16:00,9/13/2024 16:00,DEP,SFO,AA,32C,N125AA,D,2387,A,A18,398
9/13/2024 17:56,9/13/2024 17:56,ARR,DCA,AA,A05,N669AW,D,1232,C,C31,399
9/12/2024 12:10,9/12/2024 12:15,DEP,XNA,AA,E7M,N273NN,D,3588,B,B4,400
9/12/2024 13:50,9/12/2024 13:54,ARR,IAH,AA,319,N9006,D,1423,C,C24,401
9/12/2024 10:43,9/12/2024 10:45,DEP,FLL,NK,A20N,N962NK,D,971,E,E32,402
9/12/2024 13:33,9/12/2024 13:40,ARR,HND,JL,A35K,JA05WJ,I,12,D,D14,403
9/14/2024 2:10,9/14/2024 2:10,ARR,LAX,AA,38K,N878NN,D,2833,B,B7,404
9/14/2024 0:34,9/14/2024 0:34,ARR,IAD,AA,A21,N556UW,D,1390,C,C35,405
9/13/2024 10:32,9/13/2024 10:32,ARR,SFO,AA,A21,N926UW,D,2111,A,A11,406
9/13/2024 19:56,9/13/2024 19:56,DEP,ORD,AA,38M,N343SY,D,1559,C,C10,407
9/12/2024 13:05,9/12/2024 13:13,DEP,OKC,AA,A19,N813AW,D,1902,B,B12,408
9/13/2024 21:34,9/13/2024 21:34,ARR,MTY,AA,E7M,N261NN,I,4027,B,B3,409
9/12/2024 13:52,9/12/2024 13:52,ARR,MAF,AA,E7M,N246NN,D,3343,B,B22,410
9/12/2024 12:31,9/12/2024 12:40,DEP,SGF,AA,CP9,N551NN,D,5559,E,E34A,411
9/12/2024 13:57,9/12/2024 14:08,ARR,BIS,AA,E7M,N279MQ,D,3807,B,B19,412
9/12/2024 12:23,9/12/2024 12:30,DEP,MFE,AA,E7M,N237NN,D,4096,B,B33,413
9/12/2024 13:46,9/12/2024 13:49,ARR,EWR,AA,38K,N961AN,D,2728,B,B9,414
9/12/2024 10:56,9/12/2024 11:00,DEP,MIA,AA,A21,N568UW,D,2955,A,A17,415
9/12/2024 12:58,9/12/2024 13:08,DEP,XNA,AA,A05,N667AW,D,3121,C,C16,416
9/12/2024 14:02,9/12/2024 14:19,ARR,SLC,AA,32C,N142AN,D,2195,D,D20,417
9/12/2024 14:23,9/12/2024 13:56,ARR,MCI,AA,38R,N346PR,D,2487,A,A24,418
9/12/2024 14:00,9/12/2024 14:00,ARR,MEM,AA,38K,N863NN,D,943,A,A21,419
9/12/2024 14:11,9/12/2024 14:20,ARR,ECP,AA,E7M,N282NN,D,3338,B,B44,420
9/12/2024 12:00,9/12/2024 12:00,DEP,ATL,DL,32S,N341DN,D,893,E,E15,421
9/12/2024 14:20,9/12/2024 13:56,ARR,COS,AA,38K,N811NN,D,2788,C,C39,422
9/12/2024 14:26,9/12/2024 14:20,ARR,VPS,AA,38K,N881NN,D,2560,B,B7,423
9/12/2024 14:26,9/12/2024 14:20,ARR,RAP,AA,E7M,N228NN,D,3679,B,B36,424
9/12/2024 14:26,9/12/2024 14:17,ARR,TUS,AA,32C,N130AN,D,2193,C,C2,425
9/12/2024 10:51,9/12/2024 10:55,DEP,LAX,NK,A321,N676NK,D,420,E,E18,426
9/12/2024 11:29,9/12/2024 11:30,DEP,ATL,NK,A21N,N709NK,D,834,E,E31,427
9/12/2024 11:19,9/12/2024 11:25,DEP,LAS,NK,A20N,N966NK,D,979,E,E33,428
9/12/2024 14:24,9/12/2024 14:09,ARR,MDT,AA,A05,N662AW,D,674,A,A18,429
9/12/2024 14:24,9/12/2024 14:20,ARR,ATW,AA,E7M,N207AN,D,3673,B,B48,430
9/12/2024 14:37,9/12/2024 14:50,ARR,DOH,QR,351,A7ANM,I,731,D,D11,431
9/13/2024 0:59,9/13/2024 0:59,DEP,ATL,DL,321,N113DX,D,436,E,E15,432
9/12/2024 14:34,9/12/2024 14:20,ARR,LIT,AA,E7M,N283NN,D,3641,B,B24,433
9/12/2024 13:14,9/12/2024 13:18,DEP,IAH,AA,38K,N973AN,D,1407,C,C35,434
9/12/2024 12:59,9/12/2024 13:08,DEP,ICT,AA,E7M,N313BS,D,3479,B,B47,435
9/12/2024 14:33,9/12/2024 14:27,ARR,ABI,AA,E7M,N285NN,D,3647,B,B34,436
9/13/2024 18:20,9/13/2024 18:20,DEP,ABQ,AA,E7M,N200NN,D,3777,B,B3,437
9/12/2024 14:06,9/12/2024 14:10,ARR,SAF,AA,OO7,N761ND,D,6350,E,E26,438
9/13/2024 20:05,9/13/2024 20:05,ARR,ABI,AA,E7M,N263NN,D,3468,B,B36,439
9/12/2024 12:28,9/12/2024 12:50,ARR,ELP,AA,32S,N806AW,D,887,D,D2,440
9/12/2024 14:49,9/12/2024 14:53,ARR,OKC,AA,E7M,N233NN,D,3506,B,B32,441
9/12/2024 12:30,9/12/2024 12:05,DEP,SDF,AA,E7M,N215NN,D,3948,B,B44,442
9/12/2024 14:45,9/12/2024 14:50,ARR,DXB,EK,B77W,A6EQE,I,221,D,D15,443
9/12/2024 14:49,9/12/2024 14:06,ARR,HSV,AA,E7M,N307LH,D,3985,B,B35,444
9/12/2024 14:50,9/12/2024 14:19,ARR,PIA,AA,CP9,N562NN,D,5226,E,E35B,445
9/12/2024 15:24,9/12/2024 15:32,ARR,PHX,AA,32C,N994AN,D,1112,B,B9,446
9/12/2024 13:19,9/12/2024 13:13,DEP,MSY,AA,38K,N814NN,D,811,A,A16,447
9/12/2024 15:01,9/12/2024 15:15,ARR,GDL,AA,38K,N851NN,I,1034,D,D25,448
9/12/2024 15:10,9/12/2024 15:23,ARR,BIL,AA,E7M,N206NN,D,3746,B,B30,449
9/12/2024 13:00,9/12/2024 13:08,DEP,FAR,AA,E7M,N255NN,D,3490,B,B42,450
9/14/2024 0:10,9/14/2024 0:10,ARR,CUN,AA,32C,N156AN,I,2652,D,D3,451
9/13/2024 19:38,9/13/2024 19:38,ARR,PHX,AA,A21,N927UW,D,3003,C,C7,452
9/13/2024 23:06,9/13/2024 23:06,DEP,PHX,AA,A21,N924US,D,2887,C,C20,453
9/13/2024 21:58,9/13/2024 21:58,ARR,CMH,AA,38K,N826NN,D,1492,B,B16,454
9/13/2024 18:58,9/13/2024 18:58,ARR,GRR,AA,19W,N724UW,D,1875,B,B9,455
9/13/2024 22:31,9/13/2024 22:31,DEP,AUS,AA,38K,N891NN,D,410,A,A38,456
9/12/2024 1:52,9/12/2024 2:00,DEP,BRO,AA,E7M,N329DD,D,3783,B,B32,457
9/11/2024 10:30,9/11/2024 10:30,DEP,ATL,DL,32S,N398DN,D,401,E,E14,458
9/12/2024 1:58,9/12/2024 1:59,DEP,BNA,AA,A21,N913US,D,1500,A,A9,459
9/11/2024 11:15,9/11/2024 11:15,DEP,LAX,DL,32S,N338NB,D,439,E,E16,460
9/13/2024 13:15,9/13/2024 13:22,ARR,ATL,DL,32S,N346DN,D,839,E,E14,461
9/12/2024 13:06,9/12/2024 13:13,DEP,EGE,AA,32S,N9023N,D,1341,D,D37,462
9/13/2024 11:32,9/13/2024 11:32,ARR,SGF,AA,E7M,N281NN,D,3976,B,B38,463
9/12/2024 13:23,9/12/2024 13:28,DEP,CHA,AA,CP9,N610NN,D,5127,E,E38A,464
9/13/2024 14:05,9/13/2024 14:05,ARR,FLL,AA,38K,N839NN,D,638,B,B6,465
9/12/2024 13:07,9/12/2024 13:10,DEP,CLE,AA,38K,N899NN,D,2331,D,D40,466
9/12/2024 15:58,9/12/2024 16:18,ARR,BFL,AA,19W,N733UW,D,2969,A,A10,467
9/13/2024 18:44,9/13/2024 18:44,ARR,MAF,AA,E7M,N305CL,D,3505,B,B42,468
9/13/2024 19:33,9/13/2024 19:33,DEP,CRP,AA,E7M,N270NN,D,4012,B,B3,469
9/13/2024 3:50,9/13/2024 3:50,DEP,TUL,AA,38K,N926AN,D,532,C,C38,470
9/13/2024 13:19,9/13/2024 13:19,DEP,YVR,AA,A21,N197UW,I,1415,B,B12,471
9/13/2024 3:44,9/13/2024 3:44,DEP,LAX,AA,38R,N984NN,D,1644,D,D36,472
9/12/2024 15:59,9/12/2024 15:38,ARR,DAY,AA,CP9,N564NN,D,5157,E,E35B,473
9/12/2024 16:25,9/12/2024 16:39,ARR,OMA,AA,E7M,N270NN,D,3984,B,B32,474
9/12/2024 14:59,9/12/2024 15:02,DEP,IAH,AA,38K,N863NN,D,1424,A,A21,475
9/13/2024 20:49,9/13/2024 20:49,ARR,SGF,AA,E7M,N322RC,D,3555,B,B21,476
9/13/2024 19:40,9/13/2024 19:40,ARR,STL,AA,E7M,N215NN,D,3944,B,B29,477
9/13/2024 0:45,9/13/2024 0:45,DEP,PIT,AA,A21,N545UW,D,1761,C,C17,478
9/12/2024 23:02,9/12/2024 23:02,ARR,MSY,AA,32C,N134AN,D,1785,B,B16,479
9/13/2024 13:49,9/13/2024 13:49,ARR,EWR,AA,38M,N355TW,D,2728,C,C26,480
9/12/2024 16:19,9/12/2024 16:29,ARR,ACT,AA,OO7,N773SK,D,6193,E,E24A,481
9/12/2024 16:04,9/12/2024 16:12,ARR,PHL,AA,32C,N129AA,D,969,C,C21,482
9/12/2024 16:16,9/12/2024 16:24,ARR,MFE,AA,E7M,N237NN,D,3918,B,B27,483
9/12/2024 12:55,9/12/2024 13:00,DEP,EWR,AA,38R,N961NN,D,1700,C,C36,484
9/12/2024 16:38,9/12/2024 16:39,ARR,PNS,AA,E7M,N222NS,D,3986,B,B34,485
9/12/2024 15:00,9/12/2024 15:00,DEP,COU,AA,E7M,N259NN,D,3416,B,B38,486
9/12/2024 16:44,9/12/2024 16:39,ARR,DSM,AA,E7M,N265NN,D,3930,B,B22,487
9/12/2024 23:30,9/12/2024 23:30,DEP,TPA,AA,38K,N811NN,D,2950,A,A29,488
9/13/2024 12:14,9/13/2024 12:14,ARR,TXK,AA,E7M,N267NN,D,3355,B,B44,489
9/12/2024 23:24,9/12/2024 23:24,DEP,PHL,AA,A21,N185UW,D,2395,C,C17,490
9/13/2024 2:43,9/13/2024 2:43,DEP,ICT,AA,E7M,N290NN,D,3530,B,B19,491
9/12/2024 23:59,9/12/2024 23:59,DEP,CRP,AA,E7M,N303DD,D,4173,B,B39,492
9/13/2024 2:40,9/13/2024 2:40,ARR,AMA,AA,CS7,N752SK,D,4847,E,E23A,493
9/12/2024 17:11,9/12/2024 17:15,DEP,DXB,EK,B77W,A6EQE,I,222,D,D16,494
9/12/2024 15:14,9/12/2024 15:20,DEP,LEX,AA,319,N9002U,D,558,A,A20,495
9/12/2024 17:12,9/12/2024 17:20,ARR,LFT,AA,OO7,N613SK,D,4885,E,E23A,496
9/12/2024 21:35,9/12/2024 21:35,DEP,CRP,AA,E7M,N205NN,D,4166,B,B4,497
9/13/2024 3:31,9/13/2024 3:31,ARR,SFO,AA,32C,N153AN,D,2121,D,D4,498
9/12/2024 17:15,9/12/2024 17:02,ARR,IAH,AA,38K,N973AN,D,1407,C,C8,499
9/12/2024 15:14,9/12/2024 15:19,DEP,CUU,AA,E7R,N742GR,I,3405,E,E37B,500
9/12/2024 17:19,9/12/2024 17:29,ARR,MSY,AA,38K,N814NN,D,1871,A,A38,501
9/12/2024 16:26,9/12/2024 16:14,ARR,FAT,AA,38K,N934NN,D,2653,A,A39,502
9/12/2024 15:26,9/12/2024 15:30,DEP,SAF,AA,OO7,N761ND,D,4836,E,E26,503
9/12/2024 15:01,9/12/2024 15:05,DEP,BRO,AA,E7M,N246NN,D,3872,B,B22,504
9/12/2024 16:57,9/12/2024 17:04,ARR,DEN,AA,38K,N936AN,D,1523,C,C6,505
9/12/2024 15:08,9/12/2024 15:02,DEP,MOB,AA,E7M,N285NN,D,3677,B,B34,506
9/12/2024 14:58,9/12/2024 15:00,DEP,DGO,AA,E7M,N205NN,I,3765,B,B27,507
9/12/2024 17:04,9/12/2024 16:29,ARR,SGF,AA,CP9,N551NN,D,5559,E,E36,508
9/13/2024 18:46,9/13/2024 18:46,DEP,LAS,AA,A21,N521UW,D,2668,C,C7,509
9/12/2024 17:17,9/12/2024 17:21,ARR,LGA,AA,38K,N955AN,D,2030,C,C30,510
9/12/2024 15:30,9/12/2024 15:36,DEP,FSD,AA,A19,N757UW,D,2872,A,A23,511
9/12/2024 17:34,9/12/2024 17:37,ARR,ATL,AA,38K,N877NN,D,2431,A,A9,512
9/13/2024 2:15,9/13/2024 2:15,DEP,PHX,AA,32E,N439AN,D,1159,D,D33,513
9/12/2024 13:00,9/12/2024 13:00,DEP,SJU,NK,A20N,N972NK,D,3707,E,E31,514
9/12/2024 13:29,9/12/2024 13:27,DEP,JFK,AA,38R,N964NN,D,1019,A,A18,515
9/13/2024 10:00,9/13/2024 10:00,DEP,ORD,AA,737,N983NN,D,1938,D,D17,516
9/12/2024 15:28,9/12/2024 15:35,DEP,PVR,AA,38K,N881NN,I,1215,B,B7,517
9/12/2024 15:08,9/12/2024 15:12,DEP,DCA,AA,A21,N192UW,D,1244,C,C17,518
9/13/2024 1:58,9/13/2024 1:58,ARR,MTY,AA,E7M,N265NN,I,3889,B,B2,519
9/13/2024 17:42,9/13/2024 17:42,DEP,LBB,AA,E7M,N218NN,D,3488,B,B28,520
9/12/2024 21:23,9/12/2024 21:37,ARR,IAH,NK,A21N,N708NK,D,3724,E,E33,521
9/13/2024 17:33,9/13/2024 17:33,DEP,ABI,AA,E7M,N235NN,D,3468,B,B36,522
9/12/2024 22:56,9/12/2024 23:00,ARR,RIC,AA,38K,N808NN,D,1915,C,C38,523
9/12/2024 23:29,9/12/2024 23:29,DEP,AMA,AA,CS7,N752SK,D,4847,E,E29B,524
9/13/2024 0:15,9/13/2024 0:15,ARR,TQO,AA,38K,N938NN,I,163,D,D1,525
9/12/2024 22:58,9/12/2024 22:58,DEP,OKC,AA,OO7,N754EV,D,4967,E,E22B,526
9/12/2024 23:22,9/12/2024 23:10,ARR,ATL,AA,38R,N997NN,D,1008,A,A38,527
9/12/2024 23:03,9/12/2024 23:03,DEP,LFT,AA,OO7,N727SK,D,4838,E,E23A,528
9/13/2024 12:34,9/13/2024 13:00,ARR,ICN,KE,789,\N,I,31,D,D8,529
9/13/2024 3:38,9/13/2024 3:38,DEP,ICT,AA,A19,N757UW,D,88,C,C12,530
9/13/2024 1:53,9/13/2024 1:53,ARR,MSY,AA,A19,N757UW,D,1854,C,C12,531
9/13/2024 2:02,9/13/2024 2:02,DEP,BJX,AA,38K,N907NN,I,2262,C,C6,532
9/12/2024 23:29,9/12/2024 23:29,DEP,LBB,AA,OO7,N724SK,D,4850,E,E23B,533
9/12/2024 23:45,9/12/2024 23:45,ARR,ORD,AA,38R,N979NN,D,1878,C,C31,534
9/12/2024 22:49,9/12/2024 22:45,ARR,MSP,F9,UNK,N358FR,D,3223,E,E20,535
9/13/2024 0:44,9/13/2024 0:44,ARR,DEN,AA,A21,N971UY,D,631,C,C2,536
9/13/2024 2:04,9/13/2024 2:04,DEP,GCK,AA,OO7,N726SK,D,6301,E,E23B,537
9/12/2024 22:04,9/12/2024 22:16,ARR,MLU,AA,OO7,N727SK,D,6241,E,E23A,538
9/13/2024 3:50,9/13/2024 3:50,DEP,AUS,AA,38K,N802NN,D,1205,C,C6,539
9/13/2024 2:39,9/13/2024 2:39,ARR,BNA,AA,38K,N802NN,D,2238,C,C6,540
9/13/2024 0:14,9/13/2024 0:14,DEP,COS,AA,OO7,N732SK,D,6273,E,E25,541
9/13/2024 0:01,9/13/2024 0:01,DEP,SGF,AA,E7M,N281NN,D,3553,B,B42,542
9/13/2024 2:29,9/13/2024 2:29,ARR,GPT,AA,OO7,N612QX,D,4872,E,E24A,543
9/13/2024 3:50,9/13/2024 3:50,DEP,ACT,AA,OO7,N612QX,D,6258,E,E24A,544
9/12/2024 20:12,9/12/2024 20:12,DEP,SAV,AA,E7M,N322RC,D,4018,B,B38,545
9/12/2024 19:03,9/12/2024 18:59,DEP,DAY,AA,CP9,N576NN,D,5384,E,E35B,546
9/13/2024 18:29,9/13/2024 18:29,ARR,STL,AA,38K,N885NN,D,2289,A,A33,547
9/14/2024 1:39,9/14/2024 1:39,ARR,LHR,AA,77W,N728AN,I,81,D,D27,548
9/13/2024 20:34,9/13/2024 20:34,DEP,LGA,AA,38K,N885NN,D,610,A,A33,549
9/13/2024 22:09,9/13/2024 22:09,DEP,RNO,AA,38R,N342PM,D,670,C,C22,550
9/14/2024 4:39,9/14/2024 4:39,ARR,PHL,AA,32C,N996AN,D,808,A,A22,551
9/12/2024 20:00,9/12/2024 20:00,DEP,PBI,AA,38K,N863NN,D,1844,C,C22,552
9/13/2024 22:57,9/13/2024 22:57,ARR,SFO,AA,32Q,N433AN,D,1414,D,D17,553
9/12/2024 22:21,9/12/2024 22:30,ARR,SGU,AA,CS7,N752SK,D,6387,E,E29B,554
9/13/2024 22:44,9/13/2024 22:44,ARR,PDX,AA,A21,N157UW,D,2655,C,C10,555
9/12/2024 23:30,9/12/2024 23:30,ARR,PNS,AA,38K,N955AN,D,2002,C,C19,556
9/13/2024 18:00,9/13/2024 18:00,DEP,CMI,AA,E7R,N789SS,D,3924,B,B48,557
9/13/2024 13:05,9/13/2024 13:05,ARR,TRC,AA,E7R,N787BP,I,3776,B,B1,558
9/12/2024 23:18,9/12/2024 23:05,ARR,SDF,AA,19W,N733UW,D,3096,A,A19,559
9/14/2024 0:39,9/14/2024 0:39,ARR,STL,AA,19W,N704US,D,2269,D,D2,560
9/14/2024 1:57,9/14/2024 1:57,DEP,STL,AA,19W,N704US,D,1010,D,D2,561
9/13/2024 20:05,9/13/2024 20:05,DEP,STL,AA,19W,N704US,D,622,A,A19,562
9/12/2024 22:46,9/12/2024 22:47,ARR,MTJ,AA,38K,N887NN,D,665,A,A10,563
9/12/2024 20:35,9/12/2024 20:35,DEP,SAT,AA,A19,N748UW,D,3093,D,D4,564
9/13/2024 0:58,9/13/2024 0:58,ARR,MFE,AA,38K,N899NN,D,1803,B,B14,565
9/13/2024 2:12,9/13/2024 2:12,DEP,MTY,AA,319,N9018E,I,1012,B,B18,566
9/13/2024 0:34,9/13/2024 0:34,ARR,OKC,AA,319,N9018E,D,3066,B,B18,567
9/13/2024 0:05,9/13/2024 0:05,ARR,MEX,AA,38R,N994NN,I,2816,D,D36,568
9/13/2024 0:12,9/13/2024 0:17,ARR,JFK,AA,38K,N924NN,D,2423,C,C7,569
9/12/2024 23:46,9/12/2024 23:45,ARR,FAT,AA,38K,N906NN,D,2393,D,D4,570
9/12/2024 23:44,9/12/2024 23:45,ARR,LAX,AA,32C,N910AU,D,1305,D,D29,571
9/13/2024 4:59,9/13/2024 4:59,ARR,SFO,UA,320,N430UA,D,1342,E,E9,572
9/12/2024 22:45,9/12/2024 22:46,ARR,EGE,AA,319,N9008U,D,1980,C,C16,573
9/13/2024 13:14,9/13/2024 13:14,DEP,FSM,AA,E7R,N789SS,D,3942,B,B28,574
9/12/2024 23:17,9/12/2024 23:19,ARR,CLE,F9,UNK,N621FR,D,3567,E,E10,575
9/12/2024 22:10,9/12/2024 21:52,DEP,MEM,AA,38K,N943AN,D,1728,C,C36,576
9/12/2024 22:42,9/12/2024 23:04,ARR,CMI,AA,E7R,N751AB,D,3700,E,E37B,577
9/13/2024 0:56,9/13/2024 0:56,ARR,LIT,AA,19W,N704US,D,2197,C,C14,578
9/13/2024 22:03,9/13/2024 22:03,ARR,MEX,AA,38R,N338PK,I,393,D,D34,579
9/13/2024 23:45,9/13/2024 23:45,DEP,MEX,AA,38R,N338PK,I,2417,D,D34,580
9/13/2024 14:17,9/13/2024 14:17,ARR,TPA,AA,38R,N338PK,D,1455,C,C37,581
9/12/2024 22:08,9/12/2024 22:13,ARR,COS,AA,OO7,N754EV,D,4923,E,E22B,582
9/12/2024 17:34,9/12/2024 17:21,DEP,CUN,AA,32C,N930AU,I,2207,C,C10,583
9/13/2024 23:24,9/13/2024 23:24,DEP,PHL,AA,32C,N132AN,D,2395,A,A9,584
9/13/2024 0:39,9/13/2024 0:39,DEP,SAF,AA,OO7,N773SK,D,6352,E,E29A,585
9/12/2024 19:22,9/12/2024 19:06,DEP,MLU,AA,OO7,N727SK,D,6241,E,E29A,586
9/12/2024 18:04,9/12/2024 17:29,DEP,SBN,AA,OO7,N746SK,D,6239,E,E25,587
9/12/2024 17:27,9/12/2024 17:29,DEP,BPT,AA,OO7,N614SK,D,4999,E,E27B,588
9/12/2024 17:32,9/12/2024 17:37,DEP,GCK,AA,OO7,N773SK,D,4815,E,E24A,589
9/12/2024 18:58,9/12/2024 19:02,DEP,MEM,AA,38K,N814NN,D,2746,A,A38,590
9/13/2024 12:26,9/13/2024 12:26,ARR,CLE,AA,38K,N885NN,D,525,C,C21,591
9/14/2024 2:31,9/14/2024 2:36,ARR,LGA,DL,220,N123DQ,D,860,E,E13,592
9/13/2024 20:53,9/13/2024 20:53,ARR,LRD,AA,E7M,N250NN,D,3502,B,B33,593
9/13/2024 20:03,9/13/2024 20:03,ARR,SAN,AA,A21,N167US,D,767,C,C38,594
9/13/2024 1:53,9/13/2024 1:53,DEP,MFE,AA,32C,N132AN,D,2657,A,A39,595
9/12/2024 20:01,9/12/2024 20:01,DEP,DCA,AA,38K,N825NN,D,1831,A,A33,596
9/13/2024 1:53,9/13/2024 1:53,DEP,DCA,AA,319,N9006,D,562,A,A9,597
9/12/2024 23:57,9/12/2024 23:50,ARR,YUL,AA,320,N117UW,I,1964,B,B17,598
9/13/2024 0:01,9/13/2024 0:01,DEP,ALB,AA,320,N112US,D,2513,B,B9,599
9/13/2024 13:52,9/13/2024 13:52,ARR,IND,AA,38R,N993NN,D,1296,D,D30,600
9/12/2024 23:09,9/12/2024 23:03,ARR,MCO,AA,32C,N156AN,D,1737,C,C6,601
9/12/2024 19:45,9/12/2024 19:45,DEP,DEN,AA,A21,N971UY,D,631,D,D17,602
9/13/2024 1:43,9/13/2024 1:43,DEP,LEX,AA,E7M,N218NN,D,3701,B,B39,603
9/13/2024 12:15,9/13/2024 12:15,DEP,IAH,UA,737,N69829,D,2670,E,E4,604
9/13/2024 22:02,9/13/2024 22:02,ARR,PBI,AA,38R,N986NN,D,2218,A,A24,605
9/13/2024 15:06,9/13/2024 15:06,DEP,PBI,AA,38R,N986NN,D,2218,C,C26,606
9/13/2024 12:21,9/13/2024 12:21,DEP,CMH,AA,38K,N930AN,D,1279,A,A39,607
9/13/2024 11:30,9/13/2024 11:30,DEP,ATL,NK,32Q,\N,D,834,E,E33,608
9/13/2024 13:54,9/13/2024 13:54,ARR,IAH,UA,175,N86334,D,6087,E,E4,609
9/12/2024 18:23,9/12/2024 18:35,ARR,MGM,AA,OO7,N774SK,D,4889,E,E25,610
9/12/2024 15:48,9/12/2024 15:41,DEP,CMH,AA,38K,N931AN,D,1550,B,B6,611
9/12/2024 15:25,9/12/2024 15:25,DEP,RSW,AA,38K,N937AN,D,2740,C,C37,612
9/13/2024 16:54,9/13/2024 15:42,ARR,MSP,SY,738,\N,D,501,D,D5,613
9/12/2024 21:35,9/12/2024 21:35,DEP,MAF,AA,E7M,N273NN,D,3573,B,B32,614
9/13/2024 0:43,9/13/2024 0:43,ARR,SJC,AA,38K,N914AN,D,2834,C,C24,615
9/12/2024 22:39,9/12/2024 22:39,DEP,SLC,AA,32C,N164NN,D,2375,B,B9,616
9/11/2024 10:46,9/11/2024 11:04,ARR,OKC,AA,319,N9012,D,1166,B,B6,617
9/11/2024 10:58,9/11/2024 11:15,ARR,GRK,AA,E7M,N305CL,D,3919,B,B31,618
9/11/2024 10:59,9/11/2024 11:19,ARR,IAH,AA,38K,N908NN,D,2442,C,C16,619
9/11/2024 11:04,9/11/2024 11:30,ARR,SAT,NK,A20N,N905NK,D,3706,E,E32,620
9/11/2024 11:02,9/11/2024 11:18,ARR,SAT,AA,32S,N668AW,D,2342,D,D2,621
9/11/2024 11:54,9/11/2024 12:11,ARR,LCH,AA,OO7,N773SK,D,6297,E,E28A,622
9/11/2024 11:46,9/11/2024 12:14,ARR,BPT,AA,OO7,N754EV,D,6329,E,E25,623
9/11/2024 11:50,9/11/2024 11:43,ARR,SWO,AA,OO7,N608SK,D,4926,E,E26,624
9/11/2024 11:44,9/11/2024 12:16,ARR,BHM,AA,CP9,N604NN,D,5173,E,E37B,625
9/11/2024 11:53,9/11/2024 12:08,ARR,JAN,AA,OO7,N612QX,D,4839,E,E36,626
9/11/2024 11:57,9/11/2024 12:26,ARR,DAY,AA,CP9,N551NN,D,5391,E,E38A,627
9/11/2024 11:58,9/11/2024 12:24,ARR,FWA,AA,E7M,N239NN,D,3665,B,B4,628
9/11/2024 11:53,9/11/2024 12:01,ARR,TYR,AA,E7R,N750BD,D,3763,B,B34,629
9/11/2024 12:13,9/11/2024 12:24,ARR,STL,AA,38K,N843NN,D,2261,A,A35,630
9/11/2024 12:09,9/11/2024 12:28,ARR,CHA,AA,E7M,N220NN,D,3512,B,B38,631
9/11/2024 12:01,9/11/2024 12:19,ARR,HRL,AA,E7M,N312BT,D,3818,B,B22,632
9/11/2024 12:21,9/11/2024 11:00,ARR,OGG,AA,788,N805AN,D,116,D,D33,633
9/11/2024 12:26,9/11/2024 12:26,ARR,TLH,AA,CR7,N533AE,D,5325,E,E29A,634
9/11/2024 12:25,9/11/2024 12:39,ARR,MFE,AA,38K,N937AN,D,335,B,B6,635
9/11/2024 12:23,9/11/2024 12:24,ARR,FSM,AA,E7M,N258NN,D,3471,B,B33,636
9/11/2024 12:36,9/11/2024 13:04,ARR,DEN,AA,38K,N879NN,D,2612,D,D21,637
9/11/2024 12:35,9/11/2024 12:28,ARR,ICT,AA,E7M,N212NN,D,3575,B,B46,638
9/11/2024 12:33,9/11/2024 12:12,ARR,HSV,AA,OO7,N746SK,D,4933,E,E23B,639
9/11/2024 12:14,9/11/2024 12:42,ARR,IAH,NK,A321,N674NK,D,3716,E,E31,640
9/11/2024 11:00,9/11/2024 11:00,DEP,DEN,F9,UNK,N358FR,D,3365,E,E21,641
9/11/2024 13:10,9/11/2024 13:40,ARR,AGU,AA,E7R,N787BP,I,3339,B,B3A,642
9/11/2024 12:05,9/11/2024 12:12,DEP,SAT,AA,A19,N807AW,D,3091,D,D20,643
9/11/2024 13:11,9/11/2024 13:22,ARR,AUS,AA,38K,N924NN,D,1595,C,C39,644
9/11/2024 11:59,9/11/2024 12:00,DEP,LIT,AA,E7R,N751AB,D,4016,B,B37,645
9/11/2024 12:11,9/11/2024 12:10,DEP,AUS,AA,319,N9012,D,783,B,B6,646
9/11/2024 11:54,9/11/2024 12:02,DEP,HSV,AA,E7M,N279MQ,D,3476,B,B21,647
9/11/2024 13:51,9/11/2024 14:01,ARR,CVG,AA,38K,N920NN,D,961,B,B12,648
9/11/2024 12:00,9/11/2024 12:01,DEP,STL,AA,320,N126UW,D,2897,B,B5,649
9/11/2024 13:40,9/11/2024 13:40,ARR,QRO,AA,38K,N916NN,I,883,D,D40,650
9/11/2024 11:18,9/11/2024 11:25,DEP,ORD,AA,38K,N909AN,D,2144,A,A18,651
9/11/2024 11:56,9/11/2024 12:03,DEP,PNS,AA,E7M,N246NN,D,3986,B,B19,652
9/11/2024 13:43,9/11/2024 13:52,ARR,CHS,AA,38K,N853NN,D,1418,A,A22,653
9/11/2024 12:03,9/11/2024 12:08,DEP,OMA,AA,E7M,N305CL,D,3984,B,B31,654
9/11/2024 13:33,9/11/2024 13:55,ARR,BDL,AA,32C,N145AN,D,1077,D,D18,655
9/11/2024 12:07,9/11/2024 12:15,DEP,XNA,AA,E7R,N788CJ,D,3588,B,B30,656
9/11/2024 12:45,9/11/2024 13:05,ARR,TRC,AA,E7R,N739AE,I,3776,B,B1A,657
9/11/2024 13:06,9/11/2024 13:14,DEP,FSM,AA,E7R,N782SM,D,3942,B,B29,658
9/11/2024 13:55,9/11/2024 13:59,ARR,OKC,AA,OO7,N762SK,D,4945,E,E23B,659
9/11/2024 13:06,9/11/2024 13:13,DEP,ABI,AA,E7M,N258NN,D,4039,B,B33,660
9/11/2024 12:00,9/11/2024 12:05,DEP,SDF,AA,E7M,N277NN,D,3948,B,B46,661
9/11/2024 13:52,9/11/2024 14:16,ARR,TRI,AA,E7M,N264NN,D,3349,B,B48,662
9/11/2024 13:48,9/11/2024 13:56,ARR,COS,AA,38K,N887NN,D,2788,B,B18,663
9/11/2024 13:53,9/11/2024 14:19,ARR,FAR,AA,E7M,N206NN,D,3373,B,B38,664
9/11/2024 13:57,9/11/2024 14:08,ARR,IAD,AA,A21,N971UY,D,2617,C,C10,665
9/11/2024 13:47,9/11/2024 14:20,ARR,LGA,AA,38K,N949AN,D,349,C,C7,666
9/11/2024 14:03,9/11/2024 14:14,ARR,SDF,AA,32C,N148AN,D,1040,C,C20,667
9/11/2024 11:57,9/11/2024 12:07,DEP,IND,AA,38K,N817NN,D,1506,A,A35,668
9/11/2024 13:02,9/11/2024 13:08,DEP,LIT,AA,E7M,N298FR,D,3850,B,B47,669
9/11/2024 14:12,9/11/2024 14:19,ARR,SLC,AA,32C,N146AA,D,2195,C,C36,670
9/11/2024 14:10,9/11/2024 13:51,ARR,MSY,AA,32C,N136AN,D,1055,B,B11,671
9/11/2024 14:02,9/11/2024 14:03,ARR,DTW,AA,38K,N800NN,D,544,C,C6,672
9/11/2024 14:06,9/11/2024 14:02,ARR,CLE,AA,38R,N945NN,D,1229,D,D38,673
9/11/2024 10:29,9/11/2024 10:15,DEP,PHL,AA,32C,N994AN,D,1971,D,D37,674
9/11/2024 14:01,9/11/2024 14:20,ARR,ALB,AA,A19,N823AW,D,2971,B,B7,675
9/11/2024 14:04,9/11/2024 14:05,ARR,FLL,AA,38K,N922NN,D,638,C,C11,676
9/11/2024 13:17,9/11/2024 13:40,ARR,MTY,AA,319,N704US,I,941,D,D1,677
9/11/2024 14:02,9/11/2024 14:05,ARR,ILM,AA,E7M,N270NN,D,4011,B,B29,678
9/11/2024 14:13,9/11/2024 13:52,ARR,ATL,F9,UNK,N373FR,D,3021,E,E20,679
9/11/2024 14:17,9/11/2024 14:27,ARR,ABI,AA,E7M,N267NN,D,3647,B,B31,680
9/11/2024 13:12,9/11/2024 13:18,DEP,IAH,AA,38R,N954NN,D,1407,A,A22,681
9/11/2024 14:20,9/11/2024 14:20,ARR,VPS,AA,38K,N943AN,D,2560,C,C21,682
9/11/2024 14:16,9/11/2024 14:11,ARR,BNA,AA,A21,N151UW,D,2583,A,A37,683
9/11/2024 14:23,9/11/2024 13:55,ARR,RSW,AA,38K,N875NN,D,1281,D,D20,684
9/11/2024 13:14,9/11/2024 13:18,DEP,SAT,AA,38K,N973AN,D,2077,B,B12,685
9/11/2024 11:20,9/11/2024 11:25,DEP,MCO,NK,A20N,N966NK,D,504,E,E18,686
9/11/2024 14:20,9/11/2024 14:08,ARR,BHM,AA,E7M,N274NN,D,3433,B,B27,687
9/11/2024 12:00,9/11/2024 12:05,DEP,TPA,AA,A21,N923US,D,2321,C,C35,688
9/11/2024 14:27,9/11/2024 14:48,ARR,LAS,AA,32C,N906AA,D,2649,C,C16,689
9/11/2024 11:11,9/11/2024 11:00,DEP,LAX,AA,32E,N424AN,D,1639,C,C15,690
9/11/2024 14:11,9/11/2024 14:18,ARR,FLL,NK,A21N,N725NK,D,3052,E,E18,691
9/11/2024 12:15,9/11/2024 12:21,DEP,CMH,AA,38K,N811NN,D,1279,C,C30,692
9/11/2024 13:18,9/11/2024 13:29,DEP,BRO,AA,E7M,N213NN,D,3880,B,B35,693
9/11/2024 12:23,9/11/2024 12:23,DEP,PHX,F9,UNK,N371FR,D,3283,E,E20,694
9/11/2024 12:09,9/11/2024 12:11,DEP,RDU,AA,32E,N409AA,D,2683,C,C39,695
9/11/2024 14:26,9/11/2024 15:00,ARR,EWR,NK,A20N,N901NK,D,3718,E,E33,696
9/11/2024 12:27,9/11/2024 12:37,DEP,ORD,AA,38K,N908NN,D,3076,C,C16,697
9/11/2024 15:12,9/11/2024 15:28,ARR,IAH,AA,E7R,N749BM,D,3729,E,E37B,698
9/11/2024 10:56,9/11/2024 11:02,DEP,LGA,AA,737,N901AN,D,570,D,D2,699
9/11/2024 15:11,9/11/2024 15:19,ARR,AUS,AA,38R,N956NN,D,845,A,A25,700
9/11/2024 12:36,9/11/2024 12:45,DEP,TPA,NK,A20N,N905NK,D,3713,E,E32,701
9/11/2024 12:09,9/11/2024 12:06,DEP,DCA,AA,38M,N339SU,D,1699,B,B9,702
9/11/2024 11:58,9/11/2024 12:14,DEP,SNA,AA,38R,N992NN,D,3106,A,A25,703
9/11/2024 15:09,9/11/2024 15:23,ARR,MDW,F9,UNK,N307FR,D,1887,E,E21,704
9/11/2024 12:24,9/11/2024 12:35,DEP,LGA,AA,38M,N316SE,D,2103,D,D29,705
9/11/2024 15:20,9/11/2024 15:26,ARR,RDU,AA,38K,N904AN,D,802,A,A34,706
9/11/2024 12:13,9/11/2024 12:23,DEP,EWR,AA,32C,N986AN,D,1700,A,A39,707
9/11/2024 12:02,9/11/2024 12:10,DEP,CUN,AA,737,N870NN,I,1343,D,D4,708
9/11/2024 13:09,9/11/2024 13:09,DEP,GSP,AA,E7M,N303DD,D,3436,B,B36,709
9/11/2024 13:04,9/11/2024 13:10,DEP,CLE,AA,38K,N919NN,D,2331,A,A29,710
9/11/2024 15:35,9/11/2024 15:51,ARR,ABI,AA,E7M,N258NN,D,4039,B,B37,711
9/11/2024 15:40,9/11/2024 15:54,ARR,MIA,AA,A21,N545UW,D,1562,C,C6,712
9/11/2024 13:29,9/11/2024 13:26,DEP,DEN,AA,32C,N137AA,D,2357,A,A33,713
9/11/2024 12:30,9/11/2024 12:20,DEP,PHL,AA,A21,N976UY,D,856,C,C31,714
9/11/2024 11:58,9/11/2024 12:00,DEP,SEA,AA,32C,N134AN,D,2100,B,B11,715
9/11/2024 15:54,9/11/2024 16:03,ARR,DEN,AA,32C,N905AU,D,1320,B,B6,716
9/11/2024 12:00,9/11/2024 12:00,DEP,BOS,AA,32C,N931AM,D,2297,A,A8,717
9/11/2024 16:11,9/11/2024 16:23,ARR,ORD,AA,38K,N890NN,D,2631,C,C10,718
9/11/2024 16:08,9/11/2024 16:10,ARR,RNO,AA,38K,N850NN,D,1361,C,C35,719
9/11/2024 16:00,9/11/2024 16:12,ARR,DEN,F9,UNK,N358FR,D,4464,E,E10,720
9/11/2024 13:19,9/11/2024 13:22,DEP,MIA,AA,A21,N154UW,D,1824,A,A18,721
9/11/2024 13:38,9/11/2024 13:25,DEP,MEX,AA,38R,N358PW,I,389,C,C2,722
9/11/2024 16:13,9/11/2024 15:52,ARR,ONT,F9,UNK,N344FR,D,1406,E,E20,723
9/11/2024 13:24,9/11/2024 13:28,DEP,PHX,AA,A21,N536UW,D,520,C,C10,724
9/11/2024 13:26,9/11/2024 13:32,DEP,SAN,AA,32C,N901AA,D,2034,D,D38,725
9/11/2024 13:32,9/11/2024 13:30,DEP,ONT,AA,32C,N159AN,D,1513,B,B11,726
9/11/2024 16:52,9/11/2024 16:57,ARR,TUL,AA,E7M,N282NN,D,3336,B,B42,727
9/11/2024 16:45,9/11/2024 16:05,ARR,YYZ,AC,BCS3,CGMZN,I,1031,D,D14,728
9/11/2024 16:49,9/11/2024 16:16,ARR,ONT,AA,A21,N926UW,D,1412,A,A36,729
9/13/2024 0:45,9/13/2024 0:45,DEP,ABI,AA,E7Q,N762DT,D,3508,E,E38B,730
9/12/2024 23:59,9/12/2024 23:59,ARR,TYR,AA,E7Q,N762DT,D,3971,E,E38B,731
9/12/2024 2:02,9/12/2024 2:02,ARR,BOS,DL,220,N307DU,D,835,E,E12,732
9/11/2024 22:40,9/11/2024 22:30,DEP,ELP,AA,32S,N806AW,D,1679,D,D4,733
9/12/2024 1:44,9/12/2024 0:33,ARR,MCO,AA,32C,N147AA,D,1772,D,D4,734
9/13/2024 13:47,9/13/2024 13:47,ARR,RIC,AA,38K,N800NN,D,2204,A,A19,735
9/13/2024 17:18,9/13/2024 17:18,ARR,MIA,AA,A21,N976UY,D,2862,D,D36,736
9/13/2024 23:45,9/13/2024 23:45,ARR,MIA,AA,38K,N959AN,D,2958,D,D36,737
9/13/2024 13:30,9/13/2024 13:30,DEP,ONT,AA,32C,N149AN,D,1513,B,B9,738
9/13/2024 1:00,9/13/2024 1:00,ARR,TUS,AA,A21,N573UW,D,584,D,D25,739
9/13/2024 23:44,9/13/2024 23:44,DEP,CLT,AA,32E,N446AN,D,522,C,C39,740
9/12/2024 20:00,9/12/2024 20:00,DEP,COS,AA,38K,N901AN,D,1170,C,C36,741
9/13/2024 23:56,9/13/2024 23:56,ARR,CLT,AA,A21,N153UW,D,3025,B,B7,742
9/13/2024 17:11,9/13/2024 17:11,ARR,YVR,AA,32C,N137AA,I,1099,C,C38,743
9/13/2024 23:15,9/13/2024 23:15,DEP,LHR,AA,772,N770AN,I,50,D,D21A,744
9/13/2024 20:55,9/13/2024 20:55,ARR,FSD,AA,A19,N823AW,D,2872,C,C35,745
9/14/2024 2:37,9/14/2024 2:37,ARR,PHL,AA,32E,N416AN,D,2533,C,C10,746
9/13/2024 23:00,9/13/2024 23:00,ARR,RIC,AA,38K,N955AN,D,1915,A,A38,747
9/13/2024 19:31,9/13/2024 19:31,ARR,ABQ,AA,38K,N876NN,D,1670,C,C30,748
9/14/2024 0:17,9/14/2024 0:17,ARR,JFK,AA,38K,N871NN,D,2423,C,C15,749
9/13/2024 14:03,9/13/2024 14:03,ARR,DEN,AA,32C,N159AN,D,1067,C,C22,750
9/13/2024 19:30,9/13/2024 19:30,DEP,FRA,AA,772,N750AN,I,70,D,D23,751
9/13/2024 12:50,9/13/2024 12:50,ARR,ELP,AA,A19,N747UW,D,887,C,C31,752
9/14/2024 2:49,9/14/2024 2:49,ARR,SNA,AA,38R,N972NN,D,146,C,C35,753
9/14/2024 0:00,9/14/2024 0:00,ARR,STS,AA,A19,N762US,D,3109,C,C21,754
9/14/2024 0:54,9/14/2024 0:54,ARR,TYS,AA,38K,N945AN,D,3002,A,A34,755
9/13/2024 13:35,9/13/2024 13:35,DEP,RNO,AA,38K,N899NN,D,2722,B,B11,756
9/13/2024 23:10,9/13/2024 23:10,ARR,ATL,AA,38R,N301PA,D,1008,A,A17,757
9/13/2024 21:35,9/13/2024 21:35,DEP,PHL,AA,788,N806AA,D,1310,D,D30,758
9/14/2024 1:40,9/14/2024 1:40,DEP,PHL,AA,32C,N150NN,D,1311,D,D27,759
9/14/2024 1:50,9/14/2024 1:50,DEP,DSM,AA,319,N9002U,D,1371,C,C6,760
9/13/2024 23:02,9/13/2024 23:02,ARR,MSY,AA,32C,N164NN,D,1785,C,C37,761
9/13/2024 17:21,9/13/2024 17:21,DEP,CUN,AA,32C,N156AN,I,2207,C,C39,762
9/13/2024 23:02,9/13/2024 23:02,ARR,VPS,AA,38K,N867NN,D,2501,C,C30,763
9/14/2024 0:39,9/14/2024 0:39,ARR,SMF,AA,32C,N994AN,D,2078,A,A38,764
9/13/2024 12:10,9/13/2024 12:10,ARR,OMA,AA,38R,N954NN,D,2540,C,C37,765
9/13/2024 23:03,9/13/2024 23:03,ARR,MCO,AA,32C,N987AM,D,1737,C,C36,766
9/14/2024 0:00,9/14/2024 0:00,DEP,BFL,AA,319,N9023N,D,1024,D,D21,767
9/13/2024 19:00,9/13/2024 19:00,ARR,VPS,AA,38R,N939NN,D,388,A,A35,768
9/12/2024 22:29,9/12/2024 22:29,ARR,AUS,AA,A21,N925UY,D,2580,A,A11,769
9/13/2024 15:15,9/13/2024 15:15,DEP,ICN,AA,789,N823AN,I,281,D,D29,770
9/13/2024 12:20,9/13/2024 12:20,DEP,PHL,AA,A21,N576UW,D,856,A,A8,771
9/13/2024 17:30,9/13/2024 17:30,DEP,DCA,AA,A21,N165US,D,54,A,A20,772
9/13/2024 15:00,9/13/2024 15:00,DEP,LIR,AA,38K,N907NN,I,1495,D,D31,773
9/13/2024 15:21,9/13/2024 15:21,DEP,MSO,AA,38R,N991NN,D,851,B,B18,774
9/13/2024 22:15,9/13/2024 22:15,DEP,DEN,AA,A21,N178US,D,1322,A,A19,775
9/13/2024 18:13,9/13/2024 18:13,DEP,BNA,AA,38K,N890NN,D,1100,A,A9,776
9/14/2024 0:44,9/14/2024 0:44,DEP,CLE,AA,38K,N867NN,D,1607,C,C30,777
9/13/2024 21:46,9/13/2024 21:46,DEP,TUS,AA,32C,N903AA,D,785,C,C21,778
9/14/2024 1:20,9/14/2024 1:20,DEP,SAT,AA,319,N8009T,D,1406,A,A25,779
9/13/2024 18:14,9/13/2024 18:14,DEP,SFO,AA,32C,N148AN,D,2177,C,C15,780
9/13/2024 18:25,9/13/2024 18:25,DEP,SLC,AA,32C,N908AA,D,1456,D,D31,781
9/13/2024 15:12,9/13/2024 15:12,DEP,DCA,AA,32C,N159AN,D,1244,C,C22,782
9/13/2024 17:32,9/13/2024 17:32,DEP,EGE,AA,319,N9023N,D,1980,A,A25,783
9/13/2024 16:27,9/13/2024 16:27,DEP,MSY,AA,38K,N927AN,D,1848,C,C36,784
9/14/2024 2:00,9/14/2024 2:00,DEP,MSY,AA,38K,N871NN,D,1369,C,C15,785
9/13/2024 15:25,9/13/2024 15:25,DEP,DTW,AA,38K,N808NN,D,1323,C,C21,786
9/13/2024 21:35,9/13/2024 21:35,DEP,TUL,AA,737,N917AN,D,2360,D,D37,787
9/13/2024 0:44,9/13/2024 0:44,ARR,SDF,AA,19W,N724UW,D,2356,A,A24,788
9/13/2024 14:27,9/13/2024 14:27,DEP,LGA,AA,38K,N881NN,D,2564,C,C11,789
9/13/2024 0:44,9/13/2024 0:44,ARR,FSD,AA,OO7,N717EV,D,4916,E,E22B,790
9/13/2024 17:19,9/13/2024 17:19,DEP,XNA,AA,A19,N822AW,D,2676,B,B16,791
9/13/2024 0:32,9/13/2024 0:32,ARR,GRK,AA,OO7,N614SK,D,4825,E,E24B,792
9/13/2024 22:47,9/13/2024 22:47,ARR,MRY,AA,A19,N757UW,D,2879,D,D27,793
9/13/2024 23:55,9/13/2024 23:55,DEP,CMH,AA,A19,N757UW,D,398,D,D27,794
9/13/2024 21:35,9/13/2024 21:35,DEP,LIT,AA,A19,N813AW,D,3066,D,D2,795
9/13/2024 20:39,9/13/2024 20:39,ARR,XNA,AA,A19,N822AW,D,2676,C,C24,796
9/14/2024 1:45,9/14/2024 1:45,DEP,CID,AA,A19,N813AW,D,2394,D,D4,797
9/14/2024 2:03,9/14/2024 2:03,DEP,LRD,AA,E7Q,N762DT,D,3589,B,B34,798
9/13/2024 19:35,9/13/2024 19:35,DEP,FCO,AA,772,N779AN,I,240,D,D1X,799
9/14/2024 11:16,9/14/2024 11:16,ARR,ANC,AA,32E,N420AN,D,399,C,C21,800
9/13/2024 23:51,9/13/2024 23:51,DEP,SFO,AA,321,N925UY,D,1430,D,D1,801
9/13/2024 13:31,9/13/2024 13:31,ARR,CAE,AA,A19,N813AW,D,2256,D,D34,802
9/13/2024 13:40,9/13/2024 13:40,ARR,MTY,AA,319,N9018E,I,941,D,D34,803
9/12/2024 0:02,9/12/2024 0:05,DEP,DUB,AA,772,N791AN,I,132,A,A34,804
9/11/2024 23:18,9/11/2024 19:30,DEP,FRA,AA,772,N786AN,I,70,D,D25A,805
9/12/2024 2:40,9/12/2024 0:44,DEP,DAY,AA,CP9,N564NN,D,5245,E,E37A,806
9/12/2024 4:05,9/12/2024 3:41,ARR,ORD,UA,32S,N816UA,D,2621,E,E8,807
9/12/2024 4:44,9/12/2024 4:59,ARR,SFO,UA,32S,N873UA,D,1342,E,E7,808
9/11/2024 7:15,9/12/2024 4:59,ARR,DEN,UA,32S,N444UA,D,514,E,E9,809
9/13/2024 0:05,9/13/2024 0:05,DEP,TYS,AA,CP9,N551NN,D,5034,E,E35B,810
9/12/2024 0:55,9/12/2024 0:55,DEP,SFO,UA,32S,N426UA,D,1387,E,E5,811
9/12/2024 22:20,9/12/2024 22:20,DEP,COU,AA,OO7,N713SK,D,4905,E,E29A,812
9/13/2024 13:29,9/13/2024 13:29,DEP,QRO,AA,38K,N832NN,I,2302,A,A39,813
9/13/2024 20:37,9/13/2024 20:37,ARR,TPA,AA,38K,N902AN,D,1948,A,A36,814
9/13/2024 14:28,9/13/2024 14:28,DEP,TPA,AA,38K,N902AN,D,2328,A,A18,815
9/13/2024 1:45,9/13/2024 1:45,DEP,PNS,AA,38K,N837NN,D,474,A,A36,816
9/12/2024 22:32,9/12/2024 22:32,DEP,MCI,AA,38K,N867NN,D,591,B,B5,817
9/13/2024 0:26,9/13/2024 0:26,DEP,MCI,AA,38R,N997NN,D,2738,A,A38,818
9/13/2024 23:49,9/13/2024 23:49,ARR,PWM,AA,320,N110UW,D,3085,B,B17,819
9/13/2024 15:01,9/13/2024 15:01,DEP,PWM,AA,320,N110UW,D,3085,C,C8,820
9/12/2024 0:16,9/12/2024 0:20,DEP,GRU,AA,789,N823AN,I,963,D,D30,821
9/12/2024 10:01,9/12/2024 10:14,ARR,BOG,AA,7MB,N306SP,I,1122,D,D17,822
9/13/2024 0:57,9/13/2024 0:57,ARR,DAY,AA,CP9,N560NN,D,5115,E,E35A,823
9/13/2024 23:30,9/13/2024 23:30,DEP,BNA,AA,38K,N840NN,D,504,C,C29,824
9/13/2024 19:40,9/13/2024 19:40,DEP,CUU,AA,E7R,N742GR,I,4160,B,B40,825
9/13/2024 22:34,9/13/2024 22:34,ARR,ELP,AA,38K,N829NN,D,1326,B,B9,826
9/13/2024 21:56,9/13/2024 21:56,ARR,RSW,AA,38K,N840NN,D,609,C,C29,827
9/13/2024 1:04,9/13/2024 1:04,ARR,EVV,AA,OO7,N750EV,D,4928,E,E26,828
9/12/2024 10:57,9/12/2024 11:19,ARR,HNL,AA,772,N779AN,D,115,D,D33,829
9/12/2024 9:53,9/12/2024 10:12,ARR,LAS,NK,A20N,N966NK,D,2700,E,E33,830
9/13/2024 13:22,9/13/2024 13:22,ARR,AUS,AA,38K,N902AN,D,1595,A,A18,831
9/13/2024 22:29,9/13/2024 22:29,ARR,AUS,AA,38K,N842NN,D,2580,C,C22,832
9/13/2024 19:15,9/13/2024 19:15,DEP,AUS,AA,38K,N842NN,D,2580,C,C22,833
9/13/2024 21:29,9/13/2024 21:29,ARR,AUS,AA,38K,N910AN,D,795,D,D31,834
9/13/2024 20:00,9/13/2024 20:00,DEP,AUS,AA,19W,N724UW,D,775,B,B9,835
9/14/2024 0:45,9/14/2024 0:45,ARR,AUS,AA,319,N9012,D,773,C,C26,836
9/13/2024 11:15,9/13/2024 11:15,DEP,LAX,DL,32S,N339NB,D,439,E,E17,837
9/12/2024 11:11,9/12/2024 11:16,ARR,ANC,AA,32E,N409AA,D,399,D,D21,838
9/13/2024 15:32,9/13/2024 15:32,ARR,PHX,AA,A21,N923US,D,1112,D,D25,839
9/13/2024 13:09,9/13/2024 13:09,DEP,MLU,AA,E7R,N782SM,D,3518,B,B36,840
9/13/2024 21:41,9/13/2024 21:41,DEP,SHV,AA,E7M,N220NN,D,4002,B,B25,841
9/13/2024 17:33,9/13/2024 17:33,DEP,AMA,AA,E7R,N782SM,D,3943,B,B49,842
9/13/2024 17:25,9/13/2024 17:25,DEP,TUL,AA,32C,N158AN,D,2013,D,D38,843
9/13/2024 20:42,9/13/2024 20:42,ARR,TUL,AA,32C,N158AN,D,2013,A,A23,844
9/12/2024 11:21,9/12/2024 11:32,ARR,SGF,AA,E7M,N260NN,D,3976,B,B40,845
9/12/2024 11:25,9/12/2024 11:25,DEP,MCO,NK,32N,N905NK,D,504,D,D15,846
9/12/2024 11:15,9/12/2024 11:30,ARR,SAT,NK,32N,N920NK,D,3706,D,D16,847
9/13/2024 11:45,9/13/2024 11:45,DEP,MSP,DL,32S,N378NW,D,1276,E,E12,848
9/13/2024 16:35,9/13/2024 16:35,DEP,EWR,AA,A21,N923US,D,813,D,D25,849
9/13/2024 12:01,9/13/2024 12:01,DEP,BHM,AA,32S,N9008U,D,2859,D,D3,850
9/12/2024 2:32,9/12/2024 2:35,DEP,LHR,AA,772,N758AN,I,80,D,D36,851
9/12/2024 11:35,9/12/2024 11:42,ARR,CVG,AA,38K,N906AN,D,1970,C,C17,852
9/13/2024 14:00,9/13/2024 14:00,ARR,GLH,LF,ERJ,\N,D,3501,D,D5,853
9/13/2024 22:08,9/13/2024 22:08,ARR,SJD,AA,32C,N989AU,I,2667,D,D36,854
9/13/2024 23:30,9/13/2024 23:30,DEP,MCO,AA,32C,N989AU,D,3007,D,D36,855
9/13/2024 22:05,9/13/2024 22:05,ARR,CUN,AA,32C,N157AA,I,2219,D,D38,856
9/14/2024 10:14,9/14/2024 10:14,ARR,BOG,AA,38M,N335RT,I,1122,D,D23,857
9/14/2024 2:20,9/14/2024 2:20,ARR,CLT,AA,32C,N993AN,D,1384,A,A11,858
9/12/2024 11:50,9/12/2024 11:45,ARR,GRU,AA,789,N828AA,I,962,D,D23,859
9/13/2024 22:32,9/13/2024 22:32,ARR,SNA,AA,38R,N993NN,D,2264,A,A18,860
9/13/2024 14:07,9/13/2024 14:07,ARR,CLT,AA,32C,N160AN,D,422,C,C35,861
9/13/2024 22:25,9/13/2024 22:25,ARR,JFK,AA,38R,N315PE,D,2234,B,B18,862
9/13/2024 23:01,9/13/2024 23:01,ARR,CHS,AA,E7M,N273NN,D,3771,B,B40,863
9/13/2024 21:15,9/13/2024 21:15,DEP,AUS,AA,A19,N747UW,D,843,D,D4,864
9/12/2024 12:18,9/12/2024 12:22,ARR,MAF,AA,E7M,N305CL,D,4028,B,B25,865
9/12/2024 12:27,9/12/2024 12:26,ARR,DAY,AA,CP9,N610NN,D,5391,E,E38A,866
9/12/2024 12:22,9/12/2024 12:24,ARR,STL,AA,38R,N960NN,D,2261,A,A28,867
9/12/2024 12:27,9/12/2024 12:09,ARR,JAX,AA,38R,N959NN,D,2789,B,B14,868
9/12/2024 12:19,9/12/2024 12:19,ARR,HRL,AA,E7M,N313BS,D,3818,B,B47,869
9/14/2024 1:52,9/14/2024 1:52,DEP,MIA,AA,321,N912UY,D,1847,D,D17,870
9/13/2024 14:50,9/13/2024 14:50,ARR,DOH,QR,351,\N,I,731,D,D11,871
9/13/2024 19:16,9/13/2024 19:28,ARR,LGA,DL,220,N119DU,D,856,E,E16,872
9/13/2024 16:05,9/13/2024 16:05,DEP,LAX,AA,32E,N411AN,D,943,A,A16,873
9/13/2024 22:30,9/13/2024 22:30,DEP,LAX,AA,32C,N907AA,D,2023,A,A25,874
9/13/2024 23:53,9/13/2024 23:53,DEP,LAS,AA,A21,N582UW,D,1771,C,C7,875
9/12/2024 11:15,9/12/2024 11:29,ARR,LIT,AA,CP9,N551NN,D,5076,E,E34A,876
9/12/2024 12:03,9/12/2024 12:09,ARR,GGG,AA,E7R,N751AB,D,3713,B,B37,877
9/13/2024 17:15,9/13/2024 17:15,DEP,DXB,EK,77W,\N,I,222,D,D15,878
9/13/2024 17:14,9/13/2024 17:14,DEP,GDL,Y4,32Q,\N,I,1801,D,D6,879
9/12/2024 23:34,9/12/2024 23:34,DEP,GSP,AA,737,N881NN,D,2402,D,D4,880
9/13/2024 10:57,9/13/2024 10:57,ARR,SEA,AA,A21,N576UW,D,2102,A,A8,881
9/13/2024 0:08,9/13/2024 0:08,ARR,CZM,AA,319,N4032T,I,1180,D,D21,882
9/13/2024 2:50,9/13/2024 2:50,ARR,DCA,AA,38K,N824NN,D,1202,A,A38,883
9/13/2024 17:10,9/13/2024 17:10,DEP,ICN,KE,789,\N,I,32,D,D8,884
9/12/2024 22:15,9/12/2024 22:15,DEP,SEA,AA,32E,N465AN,D,2009,B,B6,885
9/13/2024 15:24,9/13/2024 15:24,ARR,GDL,Y4,32Q,\N,I,1800,D,D6,886
9/14/2024 0:38,9/14/2024 0:38,ARR,JAX,AA,38R,N306NY,D,2465,A,A36,887
9/13/2024 15:20,9/13/2024 15:20,DEP,LEX,AA,32S,N4032T,D,558,D,D4,888
9/13/2024 14:50,9/13/2024 14:50,ARR,DXB,EK,77W,\N,I,221,D,D15,889
9/13/2024 15:38,9/13/2024 15:38,DEP,MSP,DL,32S,N321NB,D,2972,E,E12,890
9/13/2024 17:21,9/13/2024 17:21,ARR,SAN,AA,A21,N586UW,D,959,C,C36,891
9/12/2024 21:36,9/12/2024 21:36,DEP,AMA,AA,E7M,N313BS,D,3789,B,B39,892
9/13/2024 15:19,9/13/2024 15:19,ARR,AUS,AA,737,N904AN,D,845,D,D3,893
9/12/2024 23:50,9/12/2024 23:50,DEP,BMI,AA,E7M,N305CL,D,3702,B,B47,894
9/13/2024 14:16,9/13/2024 14:16,ARR,TRI,AA,E7M,N228NN,D,3349,B,B28,895
9/13/2024 10:59,9/13/2024 10:59,ARR,LAX,AA,32E,N420AN,D,971,C,C31,896
9/12/2024 23:31,9/12/2024 23:31,DEP,HOU,AA,OO7,N773SK,D,4832,E,E38B,897
9/12/2024 22:46,9/12/2024 22:46,DEP,MFE,AA,E7M,N220NN,D,3392,B,B2,898
9/13/2024 22:10,9/13/2024 22:10,ARR,PVR,AA,38K,N803NN,I,1215,D,D25,899
9/13/2024 22:50,9/13/2024 22:50,ARR,IAH,AA,E7M,N312BT,D,3947,B,B39,900
9/12/2024 21:35,9/12/2024 21:35,DEP,TYR,AA,E7Q,N762DT,D,3971,E,E34A,901
9/13/2024 15:36,9/13/2024 15:36,DEP,FSD,AA,32S,N823AW,D,2872,D,D2,902
9/14/2024 1:10,9/14/2024 1:10,DEP,PHX,AA,32C,N144AN,D,1659,A,A21,903
9/13/2024 14:20,9/13/2024 14:20,ARR,VPS,AA,38K,N914AN,D,2560,A,A23,904
9/12/2024 23:56,9/12/2024 23:56,DEP,LGA,AA,38K,N887NN,D,2708,A,A10,905
9/13/2024 15:59,9/13/2024 15:59,ARR,CUN,AA,737,N960NN,I,316,D,D37,906
9/13/2024 2:00,9/13/2024 2:00,DEP,VPS,AA,38K,N914AN,D,1201,C,C24,907
9/13/2024 23:22,9/13/2024 23:22,ARR,OMA,AA,38K,N989AN,D,2188,D,D31,908
9/13/2024 3:50,9/13/2024 3:50,DEP,ELP,AA,A19,N747UW,D,1679,C,C22,909
9/13/2024 0:26,9/13/2024 0:26,DEP,FSD,AA,A19,N823AW,D,855,C,C20,910
9/13/2024 2:32,9/13/2024 2:32,ARR,RDU,AA,38K,N989AN,D,1888,B,B18,911
9/13/2024 15:24,9/13/2024 15:24,DEP,MAF,AA,E7M,N305CL,D,3505,B,B32,912
9/13/2024 13:20,9/13/2024 13:20,DEP,SLC,AA,32C,N126AN,D,2178,A,A9,913
9/13/2024 2:05,9/13/2024 2:05,ARR,MEX,AA,38K,N869NN,I,2351,D,D30,914
9/12/2024 23:37,9/12/2024 23:37,DEP,TUL,AA,319,N9008U,D,2353,C,C16,915
9/13/2024 15:20,9/13/2024 15:20,DEP,ICT,AA,E7M,N270NN,D,3550,B,B35,916
9/13/2024 14:48,9/13/2024 14:48,ARR,LAS,AA,32C,N125AA,D,2649,A,A18,917
9/13/2024 20:51,9/13/2024 20:51,ARR,CRP,AA,E7M,N313BS,D,3418,B,B44,918
9/14/2024 2:20,9/14/2024 2:20,DEP,CLL,AA,E7M,N249NN,D,3717,B,B47,919
9/13/2024 15:53,9/13/2024 15:53,ARR,BOS,DL,220,N315DU,D,760,E,E15,920
9/13/2024 0:17,9/13/2024 0:17,ARR,BJX,AA,319,N721UW,I,2907,D,D2,921
9/13/2024 2:50,9/13/2024 2:50,DEP,MAD,IB,330,\N,I,6148,D,D11,922
9/13/2024 16:11,9/13/2024 16:11,ARR,BOI,AA,321,N190UW,D,423,D,D4,923
9/13/2024 16:12,9/13/2024 16:12,ARR,PDX,AA,32C,N134AN,D,2216,D,D4,924
9/13/2024 16:21,9/13/2024 16:21,ARR,MCO,AA,A21,N979UY,D,2555,D,D33,925
9/14/2024 1:35,9/14/2024 1:35,ARR,LAS,AA,A21,N552UW,D,1494,B,B6,926
9/13/2024 12:20,9/13/2024 12:20,ARR,MCO,AA,A21,N913US,D,1317,A,A36,927
9/13/2024 3:50,9/13/2024 3:50,DEP,TUS,AA,A21,N154UW,D,785,D,D25,928
9/13/2024 3:00,9/13/2024 3:00,DEP,LAS,AA,A21,N181UW,D,2065,C,C35,929
9/12/2024 23:06,9/12/2024 23:06,ARR,SGF,AA,E7M,N303DD,D,3556,B,B39,930
9/13/2024 0:43,9/13/2024 0:43,ARR,EWR,AA,32C,N133AN,D,813,C,C38,931
9/13/2024 16:25,9/13/2024 16:25,ARR,OKC,AA,319,N827AW,D,1902,D,D2,932
9/13/2024 16:25,9/13/2024 16:25,ARR,SMF,AA,32C,N133AN,D,1544,D,D17,933
9/13/2024 2:20,9/13/2024 2:20,DEP,MAF,AA,E7M,N270NN,D,3492,B,B1A,934
9/13/2024 1:49,9/13/2024 1:49,DEP,MCO,AA,A21,N199UW,D,1336,A,A22,935
9/13/2024 19:50,9/13/2024 19:50,DEP,IST,TK,789,\N,I,292,D,D11,936
9/13/2024 0:44,9/13/2024 0:44,DEP,DAY,AA,CP9,N553NN,D,5245,E,E36,937
9/13/2024 0:23,9/13/2024 0:23,ARR,ROW,AA,OO7,N761ND,D,4890,E,E24A,938
9/13/2024 13:09,9/13/2024 13:09,DEP,GSO,AA,E7M,N232NN,D,3570,B,B21,939
9/14/2024 0:09,9/14/2024 0:09,ARR,GDL,AA,38K,N883NN,I,387,D,D38,940
9/13/2024 20:05,9/13/2024 20:05,ARR,HEL,AY,359,\N,I,19,D,D14,941
9/13/2024 16:45,9/13/2024 16:45,DEP,SAT,SY,737,\N,D,8466,D,D5,942
9/12/2024 19:58,9/12/2024 19:58,DEP,BRO,AA,OO7,N774SK,D,4924,E,E25,943
9/13/2024 18:05,9/13/2024 18:05,ARR,IST,TK,789,\N,I,291,D,D11,944
9/12/2024 2:44,9/12/2024 2:55,DEP,SAT,NK,A20N,N920NK,D,3715,E,E33,945
9/12/2024 2:15,9/12/2024 1:55,DEP,MSN,AA,A05,N651AW,D,595,A,A19,946
9/13/2024 4:02,9/13/2024 4:02,DEP,LAS,F9,UNK,N371FR,D,3885,E,E10,947
9/13/2024 1:03,9/13/2024 1:03,DEP,MCO,F9,UNK,N701FR,D,4018,E,E20,948
9/12/2024 23:40,9/12/2024 23:40,DEP,SLC,F9,UNK,N358FR,D,3277,E,E20,949
9/12/2024 22:22,9/12/2024 22:22,DEP,LAS,F9,UNK,N232FR,D,1649,E,E21,950
9/12/2024 23:53,9/12/2024 23:53,DEP,PHL,F9,UNK,N639FR,D,2970,E,E21,951
9/13/2024 1:35,9/13/2024 1:35,DEP,ATL,F9,UNK,N711FR,D,3098,E,E10,952
9/12/2024 20:54,9/12/2024 20:54,DEP,IAH,F9,UNK,N332FR,D,3196,E,E20,953
9/13/2024 1:39,9/13/2024 1:39,ARR,PHX,F9,UNK,N624FR,D,3972,E,E20,954
9/13/2024 1:14,9/13/2024 1:14,DEP,TPA,F9,UNK,N649FR,D,1334,E,E21,955
9/13/2024 0:09,9/13/2024 0:09,ARR,TPA,F9,UNK,N649FR,D,1333,E,E21,956
9/13/2024 2:44,9/13/2024 2:44,DEP,PHX,F9,UNK,N624FR,D,3971,E,E20,957
9/13/2024 20:10,9/13/2024 20:10,ARR,SLP,AA,319,N747UW,I,1097,D,D4,958
9/13/2024 0:30,9/13/2024 0:30,ARR,ATL,F9,UNK,N711FR,D,3097,E,E10,959
9/13/2024 0:16,9/13/2024 0:16,DEP,CLE,F9,UNK,N621FR,D,3568,E,E10,960
9/12/2024 3:26,9/12/2024 3:58,ARR,IAH,UA,CR9,N933LR,D,6116,E,E9,961
9/14/2024 5:27,9/14/2024 5:27,ARR,CLT,AA,32E,N427AN,D,2714,C,C2,962
9/13/2024 3:40,9/13/2024 3:40,DEP,GGG,AA,OO7,N727SK,D,6321,E,E24B,963
9/13/2024 3:47,9/13/2024 3:47,DEP,SPS,AA,OO7,N608SK,D,4976,E,E28A,964
9/13/2024 2:39,9/13/2024 2:39,ARR,OKC,AA,OO7,N608SK,D,4893,E,E28A,965
9/13/2024 1:50,9/13/2024 1:50,DEP,CHS,AA,E7M,N273NN,D,3881,B,B21,966
9/14/2024 2:50,9/14/2024 2:50,ARR,MIA,AA,38M,N324RA,D,2524,C,C14,967
9/13/2024 0:59,9/13/2024 0:59,ARR,ATL,AA,32C,N147AA,D,1051,C,C19,968
9/13/2024 3:47,9/13/2024 3:47,DEP,ROW,AA,OO7,N724SK,D,6333,E,E23B,969
9/13/2024 0:45,9/13/2024 0:45,DEP,SEA,AS,73J,N274AK,D,575,E,E11,970
9/12/2024 17:56,9/12/2024 18:02,ARR,PDX,AA,A21,N925UY,D,2577,B,B18,971
9/12/2024 14:27,9/12/2024 14:27,DEP,LGA,AA,38K,N925AN,D,2564,B,B12,972
9/12/2024 13:30,9/12/2024 13:29,DEP,YYC,AA,737,N982NN,I,2517,D,D4,973
9/13/2024 16:22,9/13/2024 16:22,ARR,ORD,UA,737,N76529,D,1071,E,E9,974
9/12/2024 14:47,9/12/2024 14:47,DEP,IAH,UA,175,N87345,D,6079,E,E4,975
9/12/2024 21:35,9/12/2024 21:35,DEP,LAX,AA,A21,N176UW,D,1669,C,C2,976
9/13/2024 15:26,9/13/2024 15:26,ARR,RDU,AA,38K,N927AN,D,802,C,C36,977
9/13/2024 22:49,9/13/2024 22:49,ARR,SBP,AA,A19,N770UW,D,2087,B,B11,978
9/13/2024 12:28,9/13/2024 12:28,ARR,ORD,AA,38K,N813NN,D,760,A,A11,979
9/13/2024 14:20,9/13/2024 14:20,DEP,ORD,AA,789,N834AA,D,1539,D,D25A,980
9/12/2024 20:03,9/12/2024 20:03,DEP,AMA,AA,E7M,N285NN,D,3385,B,B39,981
9/13/2024 17:19,9/13/2024 17:27,ARR,ATL,DL,32S,N394DX,D,414,E,E15,982
9/12/2024 21:27,9/12/2024 20:55,ARR,BTR,AA,E7M,N235NN,D,3925,B,B40,983
9/13/2024 12:28,9/13/2024 12:28,ARR,MHK,AA,E7M,N205NN,D,3493,B,B46,984
9/13/2024 10:15,9/13/2024 10:15,DEP,ORD,NK,32B,\N,D,828,E,E33,985
9/12/2024 15:08,9/12/2024 15:10,DEP,BUR,AA,38K,N826NN,D,1208,B,B16,986
9/13/2024 18:30,9/13/2024 18:30,ARR,CMH,AA,38K,N930AN,D,1279,C,C12,987
9/13/2024 18:41,9/13/2024 18:41,DEP,JAX,AA,737,N809NN,D,2744,D,D1,988
9/13/2024 17:47,9/13/2024 17:47,ARR,ABQ,AA,38K,N989AN,D,928,A,A23,989
9/13/2024 23:09,9/13/2024 23:09,ARR,TRI,AA,E7M,N240NN,D,3903,B,B38,990
9/12/2024 16:36,9/12/2024 16:38,DEP,MEM,AA,CP9,N564NN,D,5339,E,E35B,991
9/12/2024 21:41,9/12/2024 21:34,ARR,MTY,AA,E7M,N220NN,I,4027,B,B2,992
9/12/2024 18:27,9/12/2024 18:43,ARR,GRK,AA,E7M,N279MQ,D,3866,B,B46,993
9/13/2024 17:20,9/13/2024 17:20,ARR,BOS,B6,223,\N,D,215,E,E7,994
9/13/2024 19:00,9/13/2024 19:00,DEP,LAX,NK,32A,\N,D,363,E,E31,995
9/12/2024 19:30,9/12/2024 19:29,DEP,MHK,AA,E7M,N228NN,D,3396,B,B24,996
9/12/2024 20:24,9/12/2024 19:31,ARR,ABQ,AA,38K,N835NN,D,1670,A,A35,997
9/12/2024 20:34,9/12/2024 20:13,ARR,GGG,AA,E7R,N774JG,D,3870,B,B48,998
9/12/2024 17:15,9/12/2024 17:19,DEP,ECP,AA,E7M,N231AN,D,3625,B,B2,999
9/13/2024 12:00,9/13/2024 12:00,DEP,ORD,UA,737,N24729,D,380,E,E7,1000
9/12/2024 20:10,9/12/2024 20:10,ARR,TRC,AA,E7M,N274NN,I,3552,B,B2,1001
9/12/2024 19:21,9/12/2024 19:24,ARR,COS,AA,E7M,N234JW,D,3827,B,B30,1002
9/12/2024 19:27,9/12/2024 19:18,ARR,MOB,AA,E7M,N285NN,D,3677,B,B39,1003
9/13/2024 0:39,9/13/2024 0:39,ARR,MYR,AA,E7M,N218NN,D,3675,B,B39,1004
9/12/2024 19:47,9/12/2024 19:47,DEP,TUL,AA,E7M,N239NN,D,3956,B,B4,1005
9/12/2024 15:13,9/12/2024 15:15,DEP,ICN,AA,789,N840AN,I,281,D,D30,1006
9/12/2024 16:27,9/12/2024 16:31,DEP,BIL,AA,E7M,N335JS,D,4095,B,B1A,1007
9/12/2024 20:37,9/12/2024 19:40,ARR,SGF,AA,OO7,N750SK,D,9922,E,E39C,1008
9/13/2024 10:12,9/13/2024 10:12,ARR,LAS,NK,32N,\N,D,2700,E,E18,1009
9/12/2024 20:49,9/12/2024 21:02,ARR,BOS,DL,220,N324DU,D,303,E,E14,1010
9/12/2024 15:07,9/12/2024 15:01,DEP,PWM,AA,32S,N651AW,D,3085,D,D4,1011
9/12/2024 18:49,9/12/2024 18:52,ARR,LGA,AA,38R,N315PE,D,2437,A,A18,1012
9/12/2024 15:07,9/12/2024 15:05,DEP,SJO,AA,38K,N850NN,I,1053,D,D40,1013
9/12/2024 15:12,9/12/2024 15:01,DEP,GEG,AA,A05,N660AW,D,1381,C,C16,1014
9/12/2024 20:08,9/12/2024 20:08,DEP,LBB,AA,E7M,N211NN,D,3738,B,B34,1015
9/12/2024 22:32,9/12/2024 22:35,ARR,IDA,AA,OO7,N732SK,D,4831,E,E25,1016
9/12/2024 22:00,9/12/2024 22:10,ARR,PVR,AA,737,N881NN,I,1215,D,D4,1017
9/12/2024 20:50,9/12/2024 20:53,ARR,AMA,AA,E7M,N290NN,D,3943,B,B27,1018
9/12/2024 19:40,9/12/2024 19:26,DEP,TYS,AA,38K,N861NN,D,3002,A,A35,1019
9/13/2024 19:26,9/13/2024 19:26,DEP,ORD,UA,737,N24212,D,694,E,E9,1020
9/12/2024 23:22,9/12/2024 23:00,ARR,BNA,AA,38K,N923AN,D,1100,A,A23,1021
9/13/2024 12:49,9/13/2024 12:49,ARR,DCA,AA,319,N9026C,D,1839,C,C16,1022
9/12/2024 20:49,9/12/2024 20:51,ARR,CRP,AA,E7M,N260NN,D,3418,B,B47,1023
9/12/2024 19:38,9/12/2024 19:56,ARR,CUU,AA,E7R,N742GR,I,3376,B,B3A,1024
9/12/2024 22:58,9/12/2024 23:25,ARR,MBJ,AA,38R,N943NN,I,2922,D,D25,1025
9/12/2024 19:48,9/12/2024 20:05,ARR,ABI,AA,E7M,N270NN,D,3468,B,B35,1026
9/14/2024 1:57,9/14/2024 1:57,DEP,DEN,AA,A21,N913US,D,577,C,C14,1027
9/12/2024 21:25,9/12/2024 21:33,ARR,RNO,AA,38K,N949AN,D,2722,B,B12,1028
9/12/2024 21:31,9/12/2024 21:53,ARR,PHX,AA,A21,N170US,D,1477,B,B17,1029
9/12/2024 19:52,9/12/2024 19:55,ARR,CLE,AA,38K,N899NN,D,2331,A,A19,1030
9/12/2024 19:32,9/12/2024 19:20,DEP,ICT,AA,OO7,N724SK,D,4957,E,E24A,1031
9/12/2024 20:00,9/12/2024 19:29,DEP,HRL,AA,E7M,N267NN,D,4052,B,B47,1032
9/12/2024 20:04,9/12/2024 20:04,DEP,MEM,AA,38K,N829NN,D,3070,B,B17,1033
9/12/2024 21:24,9/12/2024 20:21,ARR,SPS,AA,OO7,N612QX,D,4913,E,E28A,1034
9/12/2024 20:35,9/12/2024 20:49,ARR,FAT,AA,38R,N959NN,D,1729,C,C22,1035
9/12/2024 21:00,9/12/2024 19:50,DEP,ASE,AA,OO7,N702SK,D,6370,E,E29B,1036
9/12/2024 20:59,9/12/2024 20:55,ARR,FSD,AA,A19,N757UW,D,2872,C,C16,1037
9/12/2024 18:19,9/12/2024 18:28,DEP,BHM,AA,OO7,N716SK,D,4830,E,E22B,1038
9/12/2024 21:10,9/12/2024 20:55,ARR,TUS,AA,38K,N867NN,D,2721,B,B5,1039
9/12/2024 17:19,9/12/2024 17:25,DEP,TUL,AA,32C,N907AA,D,2013,C,C17,1040
9/12/2024 17:27,9/12/2024 17:30,DEP,IAD,AA,A21,N199UW,D,1390,C,C14,1041
9/12/2024 17:32,9/12/2024 17:20,DEP,DSM,AA,A19,N813AW,D,1664,B,B18,1042
9/12/2024 18:41,9/12/2024 18:42,ARR,TUL,AA,319,N9006,D,2352,B,B6,1043
9/12/2024 17:20,9/12/2024 17:21,DEP,BUF,AA,38K,N934NN,D,1724,A,A39,1044
9/12/2024 17:26,9/12/2024 17:19,DEP,SGF,AA,E7M,N313BS,D,3555,B,B3A,1045
9/12/2024 17:58,9/12/2024 17:54,DEP,SNA,AA,38R,N992NN,D,2861,B,B12,1046
9/12/2024 18:41,9/12/2024 18:02,ARR,JAX,AA,38K,N989AN,D,1061,C,C11,1047
9/12/2024 20:34,9/12/2024 20:46,ARR,SDF,AA,CP9,N562NN,D,5449,E,E36,1048
9/13/2024 20:59,9/13/2024 20:59,DEP,SJC,NK,32B,\N,D,1941,E,E32,1049
9/13/2024 21:05,9/13/2024 21:05,DEP,DTW,NK,32A,\N,D,1019,E,E31,1050
9/13/2024 21:09,9/13/2024 21:09,DEP,FLL,NK,32A,\N,D,1102,E,E18,1051
9/13/2024 21:09,9/13/2024 21:09,ARR,BOS,NK,32Q,\N,D,1035,E,E32,1052
9/13/2024 0:40,9/13/2024 0:40,DEP,DAY,AA,CR7,N533AE,D,9964,E,E37A,1053
9/13/2024 21:33,9/13/2024 21:33,DEP,EWR,NK,32A,\N,D,3717,E,E33,1054
9/13/2024 21:35,9/13/2024 21:35,ARR,LAS,NK,32N,\N,D,2392,E,E31,1055
9/13/2024 16:05,9/13/2024 16:05,ARR,YYZ,AC,223,\N,I,1031,E,E2,1056
9/13/2024 15:37,9/13/2024 15:37,ARR,LAS,NK,32N,\N,D,2708,E,E18,1057
9/13/2024 16:27,9/13/2024 16:27,DEP,LGA,NK,32N,\N,D,2706,E,E18,1058
9/11/2024 12:59,9/11/2024 13:26,ARR,SAT,AA,319,N4032T,D,1333,A,A25,1059
9/13/2024 10:14,9/13/2024 10:14,ARR,BOG,AA,38M,N306SP,I,1122,D,D27,1062
9/11/2024 13:08,9/11/2024 13:13,DEP,MSY,AA,38R,N986NN,D,811,C,C11,1064
9/11/2024 13:04,9/11/2024 13:08,DEP,ELP,AA,737,N346PR,D,1365,D,D1,1065
9/11/2024 10:51,9/11/2024 11:20,ARR,XNA,AA,A19,N813AW,D,2062,C,C19,1066
9/11/2024 10:52,9/11/2024 11:15,ARR,AUS,AA,38R,N358PW,D,2563,C,C2,1067
9/11/2024 11:01,9/11/2024 11:10,ARR,CLL,AA,E7R,N788CJ,D,3750,B,B30,1068
9/11/2024 11:07,9/11/2024 11:10,ARR,SJT,AA,OO7,N744SK,D,4883,E,E23A,1069
9/11/2024 11:16,9/11/2024 11:20,ARR,MAF,AA,OO7,N715SK,D,4840,E,E23B,1070
9/11/2024 11:15,9/11/2024 11:43,ARR,MFE,AA,32C,N125AA,D,2451,D,D34,1071
9/11/2024 13:33,9/11/2024 13:35,DEP,STL,AA,38K,N837NN,D,2289,C,C6,1072
9/11/2024 13:39,9/11/2024 13:35,DEP,BNA,AA,A05,N651AW,D,1118,A,A9,1073
9/11/2024 13:08,9/11/2024 13:10,DEP,CLT,AA,A21,N552UW,D,1303,A,A38,1074
9/11/2024 15:43,9/11/2024 16:12,ARR,SFO,AA,A21,N163US,D,402,B,B11,1075
9/11/2024 14:10,9/11/2024 12:02,DEP,BNA,AA,38K,N886NN,D,1103,A,A20,1076
9/11/2024 15:43,9/11/2024 16:00,ARR,PSP,AA,32C,N934AA,D,2425,B,B18,1077
9/11/2024 14:11,9/11/2024 14:18,ARR,MGM,AA,E7M,N281NN,D,3358,B,B24,1078
9/11/2024 16:10,9/11/2024 16:34,ARR,MLU,AA,E7R,N750BD,D,3518,E,E38B,1079
9/11/2024 16:09,9/11/2024 16:18,ARR,BFL,AA,319,N9016,D,2969,B,B5,1080
9/11/2024 16:13,9/11/2024 16:14,ARR,FAT,AA,38K,N989AN,D,2653,A,A38,1081
9/11/2024 16:23,9/11/2024 16:29,ARR,SHV,AA,OO7,N730EV,D,4930,E,E23B,1082
9/11/2024 16:17,9/11/2024 16:32,ARR,STL,AA,320,N126UW,D,2897,C,C21,1083
9/11/2024 16:27,9/11/2024 16:32,ARR,BHM,AA,A19,N822AW,D,2859,A,A29,1084
9/11/2024 14:22,9/11/2024 14:28,DEP,TPA,AA,32C,N154AA,D,2328,A,A39,1085
9/11/2024 16:32,9/11/2024 16:39,ARR,CRP,AA,E7M,N220NN,D,3774,B,B19,1086
9/11/2024 14:59,9/11/2024 15:00,DEP,ABQ,AA,38R,N951NN,D,1670,B,B16,1087
9/11/2024 15:08,9/11/2024 15:11,DEP,STL,AA,E7M,N281NN,D,3944,B,B24,1088
9/11/2024 16:49,9/11/2024 16:34,ARR,FSM,AA,E7R,N782SM,D,3942,E,E34A,1089
9/11/2024 14:54,9/11/2024 15:00,DEP,SAV,AA,A05,N662AW,D,2081,C,C37,1090
9/11/2024 13:38,9/11/2024 13:19,DEP,LGA,AA,38K,N983AN,D,575,D,D31,1091
9/11/2024 10:10,9/11/2024 10:10,DEP,IAH,UA,E7W,N80348,D,6267,E,E4,1092
9/11/2024 17:00,9/11/2024 17:10,DEP,ICN,KE,789,HL8082,I,32,D,D8,1093
9/11/2024 13:15,9/11/2024 13:15,DEP,SEA,AS,737,N306AS,D,543,E,E11,1094
9/11/2024 17:04,9/11/2024 16:24,ARR,TYR,AA,E7R,N739AE,D,3968,B,B34,1095
9/11/2024 15:01,9/11/2024 14:20,DEP,ORD,AA,789,N825AA,D,1539,A,A34,1096
9/11/2024 17:04,9/11/2024 17:18,ARR,MIA,AA,32C,N990AU,D,2862,C,C22,1097
9/11/2024 13:36,9/11/2024 13:37,DEP,SMF,AA,32E,N465AN,D,2192,C,C20,1098
9/11/2024 17:20,9/11/2024 17:15,ARR,LHR,AA,772,N786AN,I,51,D,D25A,1099
9/11/2024 15:30,9/11/2024 15:30,DEP,BNA,AA,A21,N151UW,D,1396,A,A37,1100
9/11/2024 13:22,9/11/2024 13:19,DEP,YVR,AA,32C,N125AA,I,1415,D,D34,1101
9/12/2024 23:52,9/12/2024 23:52,DEP,ONT,AA,32C,N130AN,D,810,D,D38,1102
9/13/2024 0:35,9/13/2024 0:35,DEP,BIL,AA,E7M,N329DD,D,3937,B,B25,1103
9/12/2024 23:10,9/12/2024 23:10,ARR,MLI,AA,E7M,N329DD,D,4116,B,B25,1104
9/12/2024 22:42,9/12/2024 22:44,ARR,BIL,AA,E7M,N335JS,D,4095,B,B36,1105
9/13/2024 11:00,9/13/2024 11:00,ARR,OGG,AA,788,N817AN,D,116,D,D36,1108
9/11/2024 17:07,9/11/2024 17:07,DEP,IAH,F9,UNK,N373FR,D,3194,E,E10,1110
9/13/2024 16:03,9/13/2024 16:03,ARR,MKE,AA,319,N9023N,D,53,A,A25,1111
9/11/2024 17:14,9/11/2024 17:14,DEP,GDL,Y4,A21N,XAVSX,I,1801,D,D6,1112
9/11/2024 13:12,9/11/2024 13:18,DEP,DAY,AA,OO7,N774SK,D,4918,E,E27A,1113
9/13/2024 17:40,9/13/2024 17:40,ARR,SLC,AA,32C,N164NN,D,2066,A,A18,1114
9/11/2024 12:23,9/11/2024 12:28,ARR,LIT,AA,19W,N716UW,D,1762,B,B5,1115
9/13/2024 13:44,9/13/2024 13:44,ARR,MFE,AA,38K,N876NN,D,64,C,C6,1116
9/13/2024 21:00,9/13/2024 21:00,ARR,MAD,AA,772,N772AN,I,37,D,D33,1117
9/13/2024 16:53,9/13/2024 16:53,ARR,BNA,AA,38K,N867NN,D,1103,A,A33,1118
9/13/2024 18:19,9/13/2024 18:19,ARR,MSP,AA,38K,N863NN,D,2593,B,B18,1119
9/13/2024 16:32,9/13/2024 16:32,ARR,BHM,AA,319,N9008U,D,2859,C,C14,1120
9/13/2024 12:25,9/13/2024 12:25,ARR,SAT,AA,38R,N998NN,D,2266,C,C7,1121
9/13/2024 13:37,9/13/2024 13:37,DEP,JAX,AA,38K,N991AN,D,3029,C,C21,1122
9/13/2024 18:02,9/13/2024 18:02,ARR,PDX,AA,A05,N668AW,D,2577,D,D34,1123
9/13/2024 18:33,9/13/2024 18:33,ARR,MIA,AA,38K,N921NN,D,1794,C,C4,1124
9/13/2024 13:25,9/13/2024 13:25,DEP,BZN,AA,38K,N879NN,D,2522,A,A20,1125
9/13/2024 16:39,9/13/2024 16:39,ARR,GEG,AA,320,N104UW,D,2369,B,B17,1126
9/13/2024 13:18,9/13/2024 13:18,DEP,IAH,AA,38K,N829NN,D,1407,A,A37,1127
9/13/2024 14:00,9/13/2024 14:00,ARR,MEM,AA,38K,N938AN,D,943,D,D25,1128
9/13/2024 13:51,9/13/2024 13:51,ARR,MSY,AA,A21,N509AY,D,1055,C,C10,1129
9/13/2024 11:40,9/13/2024 11:40,ARR,LAX,AA,32E,N403AN,D,2162,B,B9,1130
9/13/2024 16:32,9/13/2024 16:32,ARR,STL,AA,A05,N649AW,D,2897,C,C8,1131
9/13/2024 18:13,9/13/2024 18:13,ARR,LAX,AA,32C,N128AN,D,2746,A,A8,1132
9/13/2024 9:32,9/13/2024 9:32,ARR,SEA,AS,737,N274AK,D,542,E,E11,1133
9/13/2024 12:54,9/13/2024 12:54,ARR,OKC,AA,32C,N146AA,D,2791,A,A24,1134
9/13/2024 14:19,9/13/2024 14:19,ARR,MIA,AA,32E,N411AN,D,3009,A,A16,1135
9/13/2024 17:02,9/13/2024 17:02,ARR,IAH,AA,737,N925AN,D,1407,D,D37,1136
9/11/2024 14:20,9/11/2024 14:10,ARR,ATL,AA,38K,N834NN,D,1567,A,A17,1137
9/11/2024 16:06,9/11/2024 13:50,ARR,MEX,AA,38K,N926NN,I,1066,D,D40,1138
9/11/2024 15:45,9/11/2024 15:24,ARR,GDL,Y4,A21N,XAVSX,I,1800,D,D6,1139
9/11/2024 13:47,9/11/2024 14:04,ARR,BUF,AA,A05,N662AW,D,576,C,C37,1140
9/11/2024 14:02,9/11/2024 13:50,ARR,MYR,AA,E7M,N232NN,D,4038,B,B39,1141
9/13/2024 17:36,9/13/2024 17:36,ARR,IND,AA,38K,N824NN,D,1506,D,D25,1142
9/13/2024 13:20,9/13/2024 13:20,DEP,LAS,AA,32E,N440AN,D,1853,A,A22,1143
9/13/2024 13:23,9/13/2024 13:23,DEP,LAX,AA,32E,N403AN,D,1994,B,B9,1144
9/13/2024 1:41,9/13/2024 1:41,DEP,CMH,AA,A19,N827AW,D,1015,A,A10,1145
9/13/2024 14:00,9/13/2024 14:00,DEP,PDX,AA,A21,N157UW,D,2655,B,B16,1146
9/13/2024 18:04,9/13/2024 18:04,ARR,PHX,AA,38K,N920AN,D,1276,C,C11,1147
9/13/2024 15:10,9/13/2024 15:10,ARR,STL,AA,32S,N756US,D,1410,D,D2,1148
9/13/2024 14:01,9/13/2024 14:01,ARR,CVG,AA,38K,N949AN,D,961,B,B7,1149
9/12/2024 4:40,9/11/2024 5:27,ARR,CLT,AA,32E,N413AN,D,2714,A,A16,1151
9/11/2024 15:44,9/11/2024 16:00,ARR,LGA,DL,220,N104DU,D,873,E,E12,1152
9/11/2024 13:05,9/11/2024 13:08,DEP,GRR,AA,A19,N813AW,D,1875,C,C19,1159
9/11/2024 16:15,9/11/2024 16:21,ARR,MCO,AA,32C,N995AN,D,2555,A,A22,1160
9/11/2024 12:09,9/11/2024 12:20,ARR,MCO,AA,A21,N536UW,D,1317,C,C10,1161
9/11/2024 12:10,9/11/2024 12:09,ARR,JAX,AA,38K,N819NN,D,2789,C,C4,1162
9/11/2024 12:14,9/11/2024 12:09,ARR,GGG,AA,E7Q,N766JM,D,3713,B,B27,1163
9/11/2024 12:20,9/11/2024 12:24,ARR,ATL,AA,19W,N733UW,D,2770,B,B16,1164
9/11/2024 12:01,9/11/2024 12:09,ARR,DTW,AA,38K,N932AN,D,1108,C,C21,1165
9/11/2024 10:31,9/11/2024 10:46,ARR,PDX,AA,32C,N910AU,D,1956,A,A17,1166
9/13/2024 0:30,9/13/2024 0:30,DEP,PIA,AA,CP9,N573NN,D,5229,E,E35A,1167
9/13/2024 2:40,9/13/2024 2:40,ARR,HOU,AA,OO7,N773SK,D,4832,E,E27A,1168
9/13/2024 2:38,9/13/2024 2:38,ARR,LBB,AA,OO7,N724SK,D,4850,E,E23B,1169
9/11/2024 11:35,9/11/2024 12:10,ARR,RDU,AA,A21,N154UW,D,2605,A,A18,1170
9/13/2024 2:35,9/13/2024 2:35,ARR,LFT,AA,OO7,N727SK,D,4838,E,E24B,1171
9/13/2024 0:54,9/13/2024 0:54,ARR,CRP,AA,E7M,N205NN,D,4166,B,B31,1172
9/13/2024 3:32,9/13/2024 3:32,DEP,HRL,AA,E7M,N322RC,D,3823,B,B24,1173
9/11/2024 11:48,9/11/2024 12:10,ARR,OMA,AA,38K,N837NN,D,2540,C,C6,1174
9/13/2024 1:07,9/13/2024 1:07,DEP,LBB,AA,E7M,N207AN,D,3619,B,B48,1175
9/11/2024 22:36,9/11/2024 22:36,DEP,LGA,F9,UNK,N337FR,D,3424,E,E21,1176
9/11/2024 21:26,9/11/2024 21:26,ARR,PHL,F9,UNK,N337FR,D,3985,E,E21,1177
9/12/2024 0:33,9/12/2024 0:33,ARR,LAX,F9,UNK,N636FR,D,3212,E,E21,1178
9/12/2024 1:38,9/12/2024 1:38,DEP,MIA,F9,UNK,N636FR,D,2676,E,E21,1179
9/11/2024 18:49,9/11/2024 18:45,ARR,ICT,AA,E7M,N264NN,D,3550,B,B35,1180
9/11/2024 18:44,9/11/2024 18:43,ARR,AMA,AA,E7M,N259NN,D,3388,B,B34,1181
9/11/2024 18:57,9/11/2024 17:25,ARR,SAL,AV,A320,\N,I,440,D,D11,1182
9/12/2024 1:54,9/12/2024 1:54,ARR,ORD,F9,UNK,N371FR,D,3241,E,E7,1183
9/11/2024 19:48,9/11/2024 20:30,ARR,TBN,LF,E135,N812AE,D,3551,D,D5,1184
9/11/2024 19:46,9/11/2024 19:50,DEP,IST,TK,B789,TCLLH,I,292,D,D14,1185
9/11/2024 19:34,9/11/2024 19:31,DEP,IAH,AA,E7M,N292NN,D,3947,B,B46,1186
9/11/2024 17:27,9/11/2024 15:00,DEP,SLP,AA,32S,N8027D,I,1097,D,D4,1187
9/11/2024 16:50,9/11/2024 16:39,DEP,SJC,AA,38K,N826NN,D,2834,C,C22,1188
9/11/2024 21:07,9/11/2024 21:40,ARR,MTY,VB,320,\N,I,684,D,D12,1189
9/11/2024 19:37,9/11/2024 19:39,DEP,SGF,AA,E7M,N264NN,D,3556,B,B35,1190
9/11/2024 21:00,9/11/2024 20:53,ARR,LRD,AA,E7R,N739AE,D,3502,E,E37A,1191
9/11/2024 21:24,9/11/2024 21:26,ARR,IND,AA,38K,N924NN,D,2456,A,A29,1192
9/11/2024 20:07,9/11/2024 20:17,DEP,ELP,AA,38K,N896NN,D,1681,C,C2,1194
9/11/2024 22:46,9/11/2024 22:44,ARR,PDX,AA,32C,N157AA,D,2655,A,A33,1195
9/11/2024 22:48,9/11/2024 22:46,ARR,EGE,AA,319,N9016,D,1980,B,B7,1196
9/11/2024 22:57,9/11/2024 23:05,ARR,SDF,AA,19W,N733UW,D,3096,A,A35,1197
9/13/2024 12:15,9/13/2024 12:15,ARR,CID,AA,19W,N721UW,D,2753,D,D22,1198
9/13/2024 15:51,9/13/2024 15:51,ARR,EWR,AA,38K,N909NN,D,1603,A,A22,1199
9/13/2024 14:14,9/13/2024 14:14,ARR,BWI,AA,38K,N955AN,D,1403,C,C7,1200
9/13/2024 13:08,9/13/2024 13:08,DEP,XNA,AA,A05,N651AW,D,3121,C,C38,1201
9/13/2024 21:17,9/13/2024 21:17,ARR,SEA,AA,A21,N578UW,D,2767,B,B12,1202
9/13/2024 23:10,9/13/2024 23:10,ARR,MLI,AA,E7M,N259NN,D,4116,B,B33,1203
9/13/2024 23:03,9/13/2024 23:03,ARR,AGS,AA,E7M,N290NN,D,3462,B,B47,1204
9/12/2024 21:47,9/12/2024 21:47,DEP,LAW,AA,OO7,N719SK,D,4917,E,E26,1205
9/12/2024 2:40,9/12/2024 2:19,ARR,DEN,F9,UNK,N372FR,D,2632,D,D14,1206
9/12/2024 21:45,9/12/2024 21:45,DEP,MLU,AA,OO7,N770SK,D,4823,E,E24B,1207
9/13/2024 17:19,9/13/2024 17:19,DEP,SGF,AA,E7M,N322RC,D,3555,B,B2,1208
9/12/2024 2:03,9/12/2024 1:57,DEP,DEN,AA,320,N112US,D,577,A,A20,1209
9/11/2024 23:43,9/11/2024 23:27,DEP,PDX,AS,737,N518AS,D,247,E,E11,1210
9/13/2024 4:59,9/13/2024 4:59,ARR,SEA,AS,737,N407AS,D,372,E,E11,1211
9/13/2024 12:37,9/13/2024 12:37,ARR,MSP,AA,38K,N899NN,D,2954,B,B11,1212
9/12/2024 1:42,9/12/2024 1:45,DEP,PDX,AA,32C,N900UW,D,2224,B,B14,1213
9/13/2024 12:02,9/13/2024 12:02,DEP,BNA,AA,38K,N867NN,D,1103,A,A33,1214
9/13/2024 13:08,9/13/2024 13:08,DEP,CVG,AA,38K,N831NN,D,1568,C,C2,1215
9/13/2024 0:30,9/13/2024 0:30,DEP,BWI,AA,38K,N955AN,D,2251,C,C19,1216
9/13/2024 17:25,9/13/2024 17:25,ARR,SMF,AA,A21,N521UW,D,409,C,C7,1217
9/13/2024 18:02,9/13/2024 18:02,ARR,JAX,AA,38K,N842NN,D,1061,C,C22,1218
9/13/2024 15:00,9/13/2024 15:00,DEP,MRY,AA,A19,N757UW,D,2879,C,C36,1219
9/13/2024 13:13,9/13/2024 13:13,DEP,OKC,AA,A19,N827AW,D,1902,C,C19,1220
9/13/2024 20:20,9/13/2024 20:20,ARR,FCO,AA,772,N755AN,I,239,D,D36,1221
9/13/2024 15:00,9/13/2024 15:00,DEP,ABQ,AA,38K,N876NN,D,1670,C,C6,1222
9/13/2024 15:16,9/13/2024 15:16,DEP,SNA,AA,38R,N993NN,D,2264,D,D30,1223
9/13/2024 15:29,9/13/2024 15:29,DEP,SEA,AA,32C,N146AA,D,2769,A,A24,1224
9/13/2024 15:00,9/13/2024 15:00,DEP,SLP,AA,A19,N747UW,I,1097,C,C31,1225
9/13/2024 12:35,9/13/2024 12:35,DEP,LGA,AA,38M,N306SP,D,2103,D,D27,1226
9/13/2024 15:50,9/13/2024 15:50,DEP,ORF,AA,38K,N914AN,D,2638,A,A23,1227
9/13/2024 13:30,9/13/2024 13:30,DEP,MEM,AA,19W,N716UW,D,2559,D,D30,1228
9/13/2024 13:20,9/13/2024 13:20,DEP,MSN,AA,19W,N721UW,D,2139,D,D22,1229
9/13/2024 13:27,9/13/2024 13:27,DEP,JFK,AA,38R,N315PE,D,1019,C,C12,1230
9/13/2024 18:15,9/13/2024 18:15,ARR,BOS,AA,38K,N851NN,D,2997,A,A38,1231
9/13/2024 15:09,9/13/2024 15:09,DEP,MIA,AA,38K,N868NN,D,1275,D,D20,1232
9/13/2024 16:12,9/13/2024 16:12,ARR,SFO,AA,A21,N580UW,D,402,C,C21,1233
9/12/2024 21:45,9/12/2024 21:45,DEP,PHL,AA,788,N872AN,D,1310,D,D36,1234
9/13/2024 3:52,9/13/2024 3:52,DEP,ABQ,AA,38K,N875NN,D,886,A,A35,1235
9/11/2024 13:15,9/11/2024 13:15,DEP,SLC,DL,220,N322DU,D,1291,E,E17,1236
9/11/2024 10:35,9/11/2024 10:35,DEP,DTW,DL,320,N339NW,D,2183,E,E17,1237
9/13/2024 13:00,9/13/2024 13:00,DEP,EWR,AA,38K,N850NN,D,1700,A,A17,1238
9/13/2024 13:40,9/13/2024 13:40,ARR,PBI,AA,38R,N979NN,D,1220,A,A10,1239
9/13/2024 15:41,9/13/2024 15:41,DEP,CMH,AA,38K,N826NN,D,1550,B,B5,1240
9/13/2024 13:08,9/13/2024 13:08,DEP,GRR,AA,19W,N724UW,D,1875,C,C26,1241
9/13/2024 13:30,9/13/2024 13:30,DEP,MKE,AA,38K,N924NN,D,2581,B,B7,1242
9/13/2024 1:45,9/13/2024 1:45,DEP,DTW,AA,38K,N908NN,D,2508,C,C10,1243
9/11/2024 12:05,9/11/2024 12:05,DEP,BOS,DL,220,N312DU,D,536,E,E14,1244
9/12/2024 0:04,9/12/2024 0:05,DEP,TRC,AA,E7R,N774JG,I,3547,B,B2,1245
9/11/2024 13:49,9/11/2024 13:49,ARR,LGA,DL,220,N315DU,D,878,E,E17,1246
9/13/2024 0:15,9/13/2024 0:15,ARR,SJD,AA,32C,N159AN,I,1663,D,D37,1247
9/13/2024 11:42,9/13/2024 11:42,ARR,CVG,AA,38K,N844NN,D,1970,D,D31,1248
9/13/2024 23:30,9/13/2024 23:30,DEP,SAV,AA,319,N8031M,D,330,A,A39,1249
9/13/2024 13:48,9/13/2024 13:48,ARR,TUL,AA,38K,N906NN,D,2340,B,B9,1250
9/11/2024 11:45,9/11/2024 11:45,DEP,MSP,DL,32S,N325US,D,1276,E,E13,1251
9/13/2024 13:52,9/13/2024 13:52,ARR,CHS,AA,38K,N821NN,D,1418,C,C19,1252
9/13/2024 16:08,9/13/2024 16:08,ARR,CHS,AA,E7M,N273NN,D,3371,B,B35,1253
9/13/2024 22:15,9/13/2024 22:15,DEP,SEA,AA,32E,N461AN,D,2009,A,A28,1254
9/13/2024 13:57,9/13/2024 13:57,ARR,ELP,AA,38K,N868NN,D,537,D,D20,1255
9/13/2024 2:44,9/13/2024 2:44,ARR,BWI,AA,38K,N831NN,D,1213,C,C2,1256
9/13/2024 2:40,9/13/2024 2:40,DEP,XNA,AA,19W,N724UW,D,2143,A,A24,1257
9/11/2024 22:13,9/11/2024 22:42,ARR,IAH,UA,320,N483UA,D,1788,E,E9,1258
9/13/2024 12:10,9/13/2024 12:10,ARR,MCI,AA,38K,N884NN,D,1098,A,A33,1259
9/13/2024 15:09,9/13/2024 15:09,DEP,MCI,AA,38K,N938AN,D,2064,D,D25,1260
9/13/2024 16:31,9/13/2024 16:31,DEP,LGA,AA,38K,N954AN,D,541,D,D31,1261
9/13/2024 14:17,9/13/2024 14:17,ARR,PHL,AA,32C,N989AU,D,2398,A,A22,1262
9/13/2024 15:10,9/13/2024 15:10,DEP,CUN,AA,32C,N157AA,I,2874,D,D38,1263
9/13/2024 22:32,9/13/2024 22:32,DEP,MIA,AA,737,N837NN,D,1287,D,D17,1264
9/13/2024 15:13,9/13/2024 15:13,DEP,CLT,AA,32C,N160AN,D,1152,C,C35,1265
9/13/2024 13:23,9/13/2024 13:23,ARR,XNA,AA,E7M,N233NN,D,3362,B,B38,1266
9/12/2024 22:50,9/12/2024 22:50,ARR,IAH,AA,E7M,N207AN,D,3947,B,B48,1267
9/13/2024 0:16,9/13/2024 0:16,DEP,FWA,AA,E7M,N234JW,D,3978,B,B30,1268
9/13/2024 17:44,9/13/2024 17:44,DEP,BZN,AA,E7M,N280NN,D,3862,B,B39,1269
9/12/2024 22:15,9/12/2024 22:15,DEP,FLL,NK,32Q,\N,D,1036,E,E18,1270
9/13/2024 0:39,9/13/2024 0:39,DEP,SYR,AA,A19,N770UW,D,396,A,A29,1271
9/13/2024 2:38,9/13/2024 2:38,ARR,IND,AA,38K,N871NN,D,1505,A,A22,1272
9/13/2024 12:21,9/13/2024 12:21,DEP,MSP,AA,38K,N863NN,D,2593,D,D40,1273
9/13/2024 0:18,9/13/2024 0:18,DEP,BUR,AA,38K,N890NN,D,2597,B,B6,1274
9/12/2024 22:50,9/12/2024 22:50,DEP,FAT,AA,38K,N945AN,D,508,A,A37,1275
9/13/2024 13:09,9/13/2024 13:09,DEP,ATL,AA,38R,N995NN,D,982,B,B17,1276
9/14/2024 0:40,9/14/2024 0:40,DEP,MEM,AA,38K,N989AN,D,1758,D,D31,1277
9/14/2024 1:57,9/14/2024 1:57,DEP,QRO,AA,38K,N906AN,I,878,A,A16,1278
9/13/2024 20:53,9/13/2024 20:53,DEP,MSY,AA,E7M,N335JS,D,3485,B,B24,1279
9/13/2024 21:50,9/13/2024 21:50,DEP,ATL,AA,38K,N821NN,D,2749,C,C14,1280
9/13/2024 12:02,9/13/2024 12:02,DEP,ATL,AA,38K,N866NN,D,2431,A,A35,1281
9/13/2024 14:05,9/13/2024 14:05,DEP,SJC,AA,38R,N357PV,D,2046,B,B16,1282
9/12/2024 21:51,9/12/2024 21:51,DEP,CLL,AA,OO7,N726SK,D,6373,E,E30,1283
9/12/2024 23:55,9/12/2024 23:55,DEP,DOH,QR,351,A7AND,I,730,D,D11,1284
9/13/2024 12:00,9/13/2024 12:00,DEP,CLT,AA,32E,N457AM,D,1120,A,A9,1285
9/13/2024 2:44,9/13/2024 2:44,ARR,MCI,AA,38K,N867NN,D,1710,A,A33,1286
9/13/2024 20:53,9/13/2024 20:53,ARR,ORD,AA,38K,N943AN,D,1290,B,B14,1287
9/13/2024 12:19,9/13/2024 12:19,ARR,TPA,AA,38K,N952AA,D,1189,A,A39,1288
9/13/2024 19:00,9/13/2024 19:00,ARR,RDU,AA,32E,N420AN,D,2683,A,A17,1289
9/13/2024 20:16,9/13/2024 20:16,ARR,MCO,AA,32C,N903AA,D,2409,C,C21,1290
9/13/2024 13:58,9/13/2024 13:58,ARR,PIT,AA,A21,N545UW,D,340,A,A39,1291
9/13/2024 16:03,9/13/2024 16:03,ARR,DEN,AA,32C,N142AN,D,1320,A,A39,1292
9/13/2024 13:17,9/13/2024 13:17,DEP,BWI,AA,38K,N884NN,D,2314,A,A33,1293
9/13/2024 16:00,9/13/2024 16:00,ARR,PSP,AA,32C,N156AN,D,2425,C,C39,1294
9/13/2024 20:50,9/13/2024 20:50,ARR,PHL,AA,A21,N576UW,D,856,A,A17,1295
9/13/2024 15:30,9/13/2024 15:30,DEP,BNA,AA,A21,N154UW,D,1396,C,C30,1296
9/13/2024 14:19,9/13/2024 14:19,ARR,SLC,AA,32C,N121AN,D,2195,C,C38,1297
9/13/2024 12:03,9/13/2024 12:03,DEP,PNS,AA,E7M,N258NN,D,3986,B,B39,1298
9/13/2024 15:50,9/13/2024 15:50,ARR,MTY,AA,E7M,N227NN,I,3810,B,B3,1299
9/13/2024 23:54,9/13/2024 23:54,DEP,YYZ,AA,38K,N958AN,I,2804,C,C14,1300
9/14/2024 2:05,9/14/2024 2:05,DEP,RNO,AA,38K,N852NN,D,1273,D,D20,1301
9/14/2024 1:00,9/14/2024 1:00,ARR,TUL,AA,38K,N917AN,D,2360,A,A39,1302
9/13/2024 14:06,9/13/2024 14:06,ARR,ICT,AA,A19,N757UW,D,1696,C,C36,1303
9/13/2024 13:30,9/13/2024 13:30,DEP,MCO,AA,32C,N903AA,D,1672,C,C14,1304
9/14/2024 0:02,9/14/2024 0:02,ARR,BUF,AA,38R,N970NN,D,1069,C,C16,1305
9/13/2024 22:10,9/13/2024 22:10,DEP,PNS,AA,38K,N813NN,D,474,A,A29,1306
9/13/2024 15:15,9/13/2024 15:15,DEP,ATL,AA,38K,N906NN,D,980,B,B9,1307
9/13/2024 12:08,9/13/2024 12:08,ARR,MEM,AA,38R,N943NN,D,1940,C,C29,1308
9/14/2024 0:45,9/14/2024 0:45,DEP,PIT,AA,A21,N153UW,D,1761,B,B7,1309
9/13/2024 17:20,9/13/2024 17:20,DEP,CLT,AA,A21,N580UW,D,1082,C,C21,1310
9/13/2024 13:29,9/13/2024 13:29,DEP,PVR,AA,38K,N917AN,I,353,C,C20,1311
9/13/2024 13:15,9/13/2024 13:15,DEP,JAC,AA,319,N5007E,D,1443,A,A37,1312
9/13/2024 12:11,9/13/2024 12:11,DEP,RDU,AA,32E,N420AN,D,2683,C,C31,1313
9/13/2024 21:35,9/13/2024 21:35,DEP,MAD,AA,772,N795AN,I,36,D,D27,1314
9/13/2024 17:51,9/13/2024 17:51,DEP,SDF,AA,319,N8009T,D,3096,C,C11,1315
9/13/2024 21:45,9/13/2024 21:45,DEP,DCA,AA,A05,N668AW,D,472,D,D34,1316
9/13/2024 23:00,9/13/2024 23:00,DEP,CDG,AA,788,N810AN,I,48,D,D27,1317
9/14/2024 1:40,9/14/2024 1:40,DEP,RDU,AA,737,N892NN,D,542,D,D37,1318
9/13/2024 13:08,9/13/2024 13:08,DEP,AUS,AA,38K,N844NN,D,794,D,D31,1319
9/13/2024 3:45,9/13/2024 3:45,DEP,SJT,AA,E7R,N788CJ,D,4108,E,E34A,1320
9/13/2024 15:22,9/13/2024 15:22,ARR,MCO,AA,32C,N987AM,D,599,C,C20,1321
9/13/2024 0:12,9/13/2024 0:12,ARR,HSV,AA,OO7,N707SK,D,5001,E,E23A,1322
9/13/2024 11:19,9/13/2024 11:19,ARR,HNL,AA,772,N779AN,D,115,A,A24,1323
9/13/2024 17:20,9/13/2024 17:20,DEP,DSM,AA,319,N9018E,D,1664,A,A8,1324
9/13/2024 14:23,9/13/2024 14:23,ARR,XNA,AA,A19,N828AW,D,1531,A,A36,1325
9/12/2024 23:48,9/12/2024 23:48,ARR,SAT,AA,A19,N748UW,D,3093,C,C11,1326
9/13/2024 13:20,9/13/2024 13:20,DEP,MTJ,AA,19W,N704US,D,1683,C,C12,1327
9/12/2024 22:37,9/12/2024 21:25,DEP,LCH,AA,OO7,N762SK,D,4965,E,E24A,1328
9/12/2024 22:40,9/12/2024 22:40,ARR,ICT,AA,OO7,N724SK,D,4957,E,E23B,1329
9/13/2024 16:34,9/13/2024 16:34,ARR,FSM,AA,E7R,N789SS,D,3942,B,B48,1330
9/13/2024 13:37,9/13/2024 13:37,DEP,SMF,AA,32C,N132AN,D,2192,D,D20,1331
9/13/2024 0:50,9/13/2024 0:50,ARR,MLU,AA,OO7,N770SK,D,4823,E,E27B,1332
9/12/2024 20:45,9/12/2024 20:45,DEP,MKE,NK,A321,N684NK,D,3721,E,E33,1333
9/13/2024 13:20,9/13/2024 13:20,DEP,SFO,AA,38R,N943NN,D,3098,C,C29,1334
9/13/2024 16:15,9/13/2024 16:15,ARR,FLL,AA,38K,N927NN,D,443,C,C31,1335
9/13/2024 0:04,9/13/2024 0:04,ARR,BUF,AA,38K,N912AN,D,1069,A,A28,1336
9/13/2024 0:55,9/12/2024 23:29,ARR,CAE,AA,A19,N770UW,D,2028,A,A29,1337
9/13/2024 0:55,9/13/2024 0:55,DEP,SFO,UA,320,N482UA,D,1387,E,E8,1338
9/13/2024 22:16,9/13/2024 22:16,ARR,ECP,AA,E7M,N215NN,D,3625,B,B27,1339
9/13/2024 1:55,9/13/2024 1:55,DEP,MSN,AA,320,N121UW,D,595,A,A16,1340
9/13/2024 14:09,9/13/2024 14:09,ARR,MDT,AA,320,N117UW,D,674,C,C16,1341
9/13/2024 21:55,9/13/2024 21:55,DEP,CHS,AA,E7M,N250NN,D,3384,B,B33,1342
9/13/2024 19:07,9/13/2024 19:07,DEP,IAH,UA,CRJ,N249LR,D,6160,E,E4,1343
9/13/2024 18:26,9/13/2024 18:26,ARR,IAH,UA,CRJ,N249LR,D,6326,E,E4,1344
9/13/2024 15:02,9/13/2024 15:02,DEP,MOB,AA,E7M,N241NN,D,3677,B,B34,1345
9/13/2024 19:18,9/13/2024 19:18,ARR,MOB,AA,E7M,N241NN,D,3677,B,B43,1346
9/13/2024 12:03,9/13/2024 12:03,DEP,FLL,AA,38K,N869NN,D,1340,D,D30,1347
9/12/2024 22:59,9/12/2024 23:01,ARR,GEG,AA,A05,N660AW,D,1381,C,C30,1348
9/12/2024 20:27,9/12/2024 20:49,ARR,HOU,AA,OO7,N719SK,D,4873,E,E26,1349
9/13/2024 20:49,9/13/2024 20:49,ARR,BWI,AA,38K,N884NN,D,2314,C,C37,1350
9/13/2024 13:13,9/13/2024 13:13,DEP,CRP,AA,E7M,N280NN,D,3774,B,B2,1351
9/13/2024 21:05,9/13/2024 21:05,ARR,NRT,AA,788,N818AL,I,60,D,D18A,1352
9/14/2024 2:44,9/14/2024 2:44,ARR,SEA,AA,A21,N190UW,D,1992,D,D25,1353
9/13/2024 1:45,9/13/2024 1:45,DEP,TYS,AA,32C,N166NN,D,1052,A,A19,1354
9/13/2024 17:14,9/13/2024 17:14,ARR,LAX,AA,32C,N148AN,D,343,C,C15,1355
9/13/2024 15:30,9/13/2024 15:30,ARR,SAT,AA,A19,N822AW,D,3091,B,B16,1356
9/13/2024 19:42,9/13/2024 19:45,ARR,ATL,DL,32S,N118DY,D,921,E,E13,1357
9/12/2024 21:45,9/12/2024 21:45,DEP,SJT,AA,OO7,N771SK,D,4897,E,E27B,1358
9/13/2024 15:54,9/13/2024 15:54,ARR,MIA,AA,A21,N556UW,D,1562,A,A11,1359
9/13/2024 12:01,9/13/2024 12:01,DEP,STL,AA,A05,N649AW,D,2897,B,B14,1360
9/14/2024 4:20,9/14/2024 4:20,ARR,MIA,AA,38K,N839NN,D,1219,A,A8,1361
9/13/2024 15:00,9/13/2024 15:00,DEP,DGO,AA,E7M,N212NN,I,3765,B,B40,1362
9/13/2024 21:35,9/13/2024 21:35,DEP,OKC,AA,E7M,N212NN,D,3558,B,B2,1363
9/12/2024 22:15,9/12/2024 22:15,DEP,CLT,AA,32C,N135NN,D,1029,C,C12,1364
9/13/2024 15:35,9/13/2024 15:35,DEP,PVR,AA,38K,N803NN,I,1215,D,D18,1365
9/13/2024 12:11,9/13/2024 12:11,DEP,PIT,AA,38K,N906AN,D,1583,A,A10,1366
9/13/2024 11:00,9/13/2024 11:00,DEP,MIA,AA,32E,N460AN,D,2955,A,A28,1367
9/13/2024 19:18,9/13/2024 19:18,ARR,FAR,AA,E7M,N307LH,D,3490,B,B22,1368
9/13/2024 13:08,9/13/2024 13:08,DEP,FAR,AA,E7M,N307LH,D,3490,B,B31,1369
9/13/2024 22:39,9/13/2024 22:39,ARR,GRR,AA,E7M,N260NN,D,3443,B,B22,1370
9/12/2024 23:47,9/12/2024 23:47,ARR,IAH,UA,E7W,N89317,D,6256,E,E4,1371
9/13/2024 12:05,9/13/2024 12:05,DEP,MEM,AA,E7M,N265NN,D,3973,B,B46,1372
9/13/2024 17:37,9/13/2024 17:37,ARR,ELP,AA,38K,N982AN,D,1365,D,D30,1373
9/13/2024 13:18,9/13/2024 13:18,DEP,SAT,AA,38K,N852NN,D,2077,C,C16,1374
9/13/2024 13:09,9/13/2024 13:09,DEP,ABQ,AA,38K,N989AN,D,928,B,B18,1375
9/12/2024 19:19,9/12/2024 19:25,DEP,CUN,AA,38K,N843NN,I,1507,C,C14,1376
9/13/2024 19:38,9/13/2024 19:38,DEP,CLT,AA,32C,N122NN,D,1342,D,D37,1377
9/13/2024 2:00,9/13/2024 2:00,DEP,SLC,AA,32C,N904AA,D,535,B,B17,1378
9/13/2024 22:22,9/13/2024 22:22,ARR,PIT,AA,38K,N944AN,D,1988,C,C16,1379
9/13/2024 17:23,9/13/2024 17:23,DEP,CVG,AA,38K,N927NN,D,2345,C,C31,1380
9/14/2024 1:49,9/14/2024 1:49,DEP,SMF,AA,32C,N156AN,D,2700,C,C37,1381
9/13/2024 13:55,9/13/2024 13:55,ARR,GRR,AA,38K,N808NN,D,1561,C,C21,1382
9/12/2024 20:35,9/12/2024 20:35,DEP,SAT,NK,32B,N675NK,D,345,D,D1,1383
9/13/2024 16:15,9/13/2024 16:15,DEP,JAC,AA,319,N8027D,D,1438,C,C2,1384
9/13/2024 16:07,9/13/2024 16:07,DEP,SHV,AA,E7R,N751AB,D,3939,B,B40,1385
9/13/2024 16:08,9/13/2024 16:08,ARR,MEM,AA,E7M,N265NN,D,3973,B,B31,1386
9/13/2024 13:29,9/13/2024 13:29,DEP,YYC,AA,A21,N971UY,I,2517,C,C2,1387
9/12/2024 23:54,9/12/2024 23:54,ARR,DEN,UA,32S,N482UA,D,1341,E,E8,1388
9/12/2024 23:55,9/12/2024 23:55,DEP,YYC,AA,38R,N358PW,I,2520,D,D1,1389
9/13/2024 15:25,9/13/2024 15:25,DEP,PHX,AA,38K,N843NN,D,1976,C,C17,1390
9/13/2024 18:25,9/13/2024 18:25,ARR,MCO,AA,A21,N537UW,D,1087,C,C39,1391
9/13/2024 15:25,9/13/2024 15:25,DEP,AMA,AA,E7M,N222NS,D,3388,B,B37,1392
9/13/2024 17:25,9/13/2024 17:25,ARR,MTY,AA,E7M,N200NN,I,3515,B,B3,1393
9/14/2024 2:00,9/14/2024 2:00,DEP,SLC,AA,A21,N556UW,D,535,C,C35,1394
9/12/2024 6:26,9/12/2024 6:45,ARR,LGA,F9,UNK,N337FR,D,3423,E,E20,1395
9/13/2024 17:19,9/13/2024 17:19,DEP,MTY,AA,E7M,N261NN,I,4027,B,B32,1396
9/13/2024 16:39,9/13/2024 16:39,ARR,CRP,AA,E7M,N280NN,D,3774,B,B39,1397
9/11/2024 9:26,9/11/2024 10:00,ARR,ONT,AA,A21,N972UY,D,2609,A,A22,1398
9/11/2024 9:30,9/11/2024 9:32,ARR,SEA,AS,7M9,N921AK,D,542,E,E11,1399
9/11/2024 9:57,9/11/2024 10:11,ARR,LAX,AA,32E,N417AN,D,3060,D,D36,1400
9/11/2024 10:25,9/11/2024 10:32,ARR,SFO,AA,32C,N986AN,D,2111,A,A39,1401
9/11/2024 10:39,9/11/2024 10:59,ARR,LAX,AA,32E,N433AN,D,971,C,C8,1402
9/11/2024 10:51,9/11/2024 11:16,ARR,ANC,AA,32Q,N437AN,D,399,D,D37,1403
9/11/2024 11:09,9/11/2024 11:32,ARR,SGF,AA,E7M,N241NN,D,3976,B,B44,1404
9/11/2024 11:20,9/11/2024 11:44,ARR,IND,AA,38K,N808NN,D,2782,C,C14,1405
9/11/2024 11:24,9/11/2024 11:51,ARR,TYS,AA,A21,N552UW,D,1049,A,A38,1406
9/13/2024 3:30,9/13/2024 3:30,DEP,RNO,AA,38K,N970AN,D,1273,C,C37,1407
9/13/2024 0:35,9/13/2024 0:35,DEP,RAP,AA,E7M,N285NN,D,3439,B,B37,1408
9/12/2024 22:02,9/12/2024 22:02,DEP,HSV,AA,E7M,N258NN,D,3801,B,B24,1409
9/11/2024 9:32,9/11/2024 10:02,ARR,LAS,AA,32C,N994AN,D,2166,D,D37,1410
9/13/2024 0:44,9/13/2024 0:44,ARR,MAF,AA,E7M,N273NN,D,3573,B,B21,1411
9/12/2024 23:45,9/12/2024 23:45,DEP,CMH,AA,E7M,N243NN,D,3995,B,B2,1412
9/12/2024 23:45,9/12/2024 23:45,DEP,MYR,AA,E7M,N335JS,D,4037,B,B36,1413
9/13/2024 2:15,9/13/2024 2:15,DEP,GRI,AA,OO7,N717EV,D,6319,E,E22B,1414
9/13/2024 2:05,9/13/2024 2:05,DEP,DRO,AA,OO7,N761ND,D,4972,E,E24A,1415
9/13/2024 2:34,9/13/2024 2:34,ARR,HSV,AA,E7M,N258NN,D,3801,B,B39,1416
9/11/2024 17:48,9/11/2024 17:41,ARR,OKC,AA,E7M,N274NN,D,3896,B,B35,1417
9/11/2024 17:51,9/11/2024 17:59,ARR,MFE,AA,38K,N908AN,D,1793,A,A33,1418
9/11/2024 15:31,9/11/2024 15:36,DEP,FSD,AA,A19,N806AW,D,2872,B,B6,1419
9/11/2024 17:51,9/11/2024 17:40,ARR,SLC,AA,320,N112US,D,2066,C,C4,1420
9/11/2024 17:57,9/11/2024 18:15,ARR,BOS,AA,38K,N991AN,D,2997,C,C6,1421
9/11/2024 13:54,9/11/2024 13:25,DEP,SEA,AA,32E,N401AN,D,2105,C,C17,1422
9/11/2024 15:11,9/11/2024 15:10,DEP,CUN,AA,32C,N129AA,I,2874,D,D34,1423
9/11/2024 15:29,9/11/2024 15:25,DEP,RSW,AA,38K,N918NN,D,2740,C,C17,1424
9/11/2024 15:24,9/11/2024 15:09,DEP,BJX,AA,38K,N992AN,I,1393,C,C4,1425
9/11/2024 15:12,9/11/2024 15:13,DEP,CLT,AA,A21,N524UW,D,1152,C,C12,1426
9/11/2024 15:58,9/11/2024 16:01,DEP,CHA,AA,E7M,N214NN,D,4139,B,B33,1427
9/11/2024 18:04,9/11/2024 18:21,ARR,PHX,F9,UNK,N371FR,D,2532,E,E21,1428
9/11/2024 18:27,9/11/2024 18:17,ARR,SFO,AA,A21,N521UW,D,2904,B,B7,1429
9/11/2024 18:14,9/11/2024 18:25,ARR,TPA,AA,A21,N923US,D,2321,A,A34,1430
9/11/2024 15:37,9/11/2024 15:41,DEP,PIT,AA,38K,N949AN,D,1988,C,C7,1431
9/11/2024 15:14,9/11/2024 15:18,DEP,FLL,NK,A21N,N725NK,D,1036,E,E18,1432
9/11/2024 18:37,9/11/2024 18:59,ARR,FLL,AA,38K,N824NN,D,1340,C,C22,1433
9/11/2024 17:30,9/11/2024 17:25,DEP,TUL,AA,32C,N121AN,D,2013,C,C14,1434
9/11/2024 17:16,9/11/2024 17:19,DEP,SGF,AA,E7M,N329DD,D,3555,B,B3A,1435
9/14/2024 9:32,9/14/2024 9:32,ARR,SEA,AS,737,N288AK,D,542,E,E11,1436
9/11/2024 18:48,9/11/2024 18:44,ARR,XNA,AA,E7M,N292NN,D,3584,B,B46,1437
9/11/2024 17:23,9/11/2024 17:48,ARR,LAS,AA,32S,N572UW,D,1908,D,D1,1438
9/11/2024 17:32,9/11/2024 17:33,DEP,ICT,AA,E7M,N261NN,D,3551,B,B38,1439
9/11/2024 18:46,9/11/2024 16:53,ARR,BNA,AA,38K,N886NN,D,1103,C,C20,1440
9/11/2024 18:05,9/11/2024 18:10,DEP,AUS,AA,E7M,N298FR,D,4009,B,B40,1441
9/11/2024 19:02,9/11/2024 18:43,ARR,GRK,AA,E7M,N244NN,D,3866,B,B19,1442
9/11/2024 18:59,9/11/2024 19:02,ARR,DAY,AA,OO7,N774SK,D,4918,E,E30,1443
9/11/2024 15:26,9/11/2024 15:30,DEP,PDX,AA,32C,N146AA,D,2496,C,C36,1444
9/11/2024 19:15,9/11/2024 19:38,ARR,PHX,AA,A21,N580UW,D,3003,A,A22,1445
9/11/2024 16:03,9/11/2024 16:05,DEP,LAX,AA,32E,N463AA,D,943,B,B17,1446
9/11/2024 19:18,9/11/2024 19:20,ARR,LHR,AA,77W,N726AN,I,21,D,D27,1447
9/13/2024 2:46,9/13/2024 2:46,ARR,BTR,AA,E7M,N226NN,D,3795,B,B35,1448
9/11/2024 16:57,9/11/2024 16:18,DEP,MDW,F9,UNK,N358FR,D,1888,E,E20,1449
9/11/2024 15:47,9/11/2024 15:05,DEP,MBJ,AA,38K,N963AN,I,2397,C,C2,1450
9/12/2024 23:59,9/12/2024 23:59,DEP,DCA,AA,19W,N733UW,D,2752,A,A19,1451
9/13/2024 17:21,9/13/2024 17:21,ARR,LGA,AA,38K,N847NN,D,2030,D,D21,1452
9/13/2024 1:57,9/13/2024 1:57,DEP,IAH,AA,38K,N917AN,D,2790,A,A17,1453
9/13/2024 23:10,9/13/2024 23:10,ARR,MEM,AA,38K,N926AN,D,1789,A,A36,1454
9/13/2024 11:20,9/13/2024 11:20,ARR,TUL,AA,38K,N926AN,D,882,B,B16,1455
9/12/2024 23:45,9/12/2024 23:45,DEP,MEX,AA,38R,N964NN,I,2417,C,C4,1456
9/13/2024 0:39,9/13/2024 0:39,ARR,ELP,AA,38K,N908NN,D,1681,C,C10,1457
9/13/2024 14:12,9/13/2024 14:12,ARR,BOS,AA,A21,N524UW,D,2527,A,A39,1458
9/12/2024 21:47,9/12/2024 21:47,DEP,ELP,AA,E7M,N290NN,D,3854,B,B27,1459
9/13/2024 16:12,9/13/2024 16:12,ARR,PHL,AA,A21,N561UW,D,969,A,A29,1460
9/13/2024 12:37,9/13/2024 12:37,ARR,PHL,AA,32C,N990AU,D,1278,A,A38,1461
9/12/2024 10:52,9/12/2024 11:00,ARR,OGG,AA,788,N801AC,D,116,A,A24,1462
9/12/2024 11:00,9/12/2024 11:10,ARR,CLL,AA,E7R,N788CJ,D,3750,B,B49,1463
9/12/2024 11:08,9/12/2024 11:27,ARR,HOU,AA,E7M,N226NN,D,3781,B,B31,1464
9/14/2024 0:00,9/14/2024 0:00,DEP,AUS,AA,38K,N955AN,D,1372,A,A38,1465
9/13/2024 18:24,9/13/2024 18:24,ARR,AUS,AA,38K,N800NN,D,784,D,D18,1466
9/13/2024 13:19,9/13/2024 13:19,DEP,ORD,AA,38R,N954NN,D,328,C,C37,1467
9/13/2024 12:37,9/13/2024 12:37,DEP,ORD,AA,38K,N871NN,D,3076,C,C24,1468
9/13/2024 19:48,9/13/2024 19:48,ARR,ORD,AA,38K,N880NN,D,1109,B,B16,1469
9/13/2024 23:45,9/13/2024 23:45,DEP,ORD,AA,38K,N944AN,D,2881,C,C16,1470
9/12/2024 21:00,9/12/2024 21:00,DEP,ORD,AA,38K,N967AN,D,433,A,A39,1471
9/12/2024 9:53,9/12/2024 10:00,DEP,ORD,AA,38R,N939NN,D,1938,A,A19,1472
9/12/2024 12:12,9/12/2024 12:25,ARR,SAT,AA,38K,N966AN,D,2266,D,D31,1473
9/13/2024 23:06,9/13/2024 23:06,ARR,SGF,AA,E7M,N228NN,D,3556,B,B21,1474
9/12/2024 12:29,9/12/2024 12:23,ARR,XNA,AA,E7M,N290NN,D,3684,B,B38,1475
9/12/2024 12:17,9/12/2024 12:15,ARR,LBB,AA,E7M,N257NN,D,4043,B,B28,1476
9/13/2024 16:57,9/13/2024 16:57,ARR,SJC,AA,38K,N814NN,D,445,C,C35,1477
9/14/2024 0:51,9/14/2024 0:51,ARR,LAX,AA,32E,N414AL,D,1582,C,C30,1478
9/13/2024 14:07,9/13/2024 14:07,DEP,MCI,AA,737,N998NN,D,1734,D,D3,1479
9/13/2024 16:10,9/13/2024 16:10,ARR,LAX,AA,32C,N158AN,D,2811,D,D38,1480
9/13/2024 18:45,9/13/2024 18:45,ARR,HRL,AA,E7R,N742GR,D,3411,B,B40,1481
9/13/2024 15:03,9/13/2024 15:03,DEP,HRL,AA,E7R,N742GR,D,3952,B,B2,1482
9/13/2024 15:19,9/13/2024 15:19,DEP,CUU,AA,E7R,N743MB,I,3405,B,B36,1483
9/13/2024 14:14,9/13/2024 14:14,ARR,COU,AA,E7R,N743MB,D,3525,B,B36,1484
9/12/2024 22:45,9/12/2024 22:45,DEP,ELP,AA,E7R,N786SM,D,3646,B,B49,1485
9/14/2024 0:54,9/14/2024 0:54,ARR,LGA,AA,38K,N954AN,D,541,B,B12,1486
9/12/2024 11:42,9/12/2024 11:43,ARR,SWO,AA,OO7,N774SK,D,4926,E,E28A,1487
9/12/2024 11:43,9/12/2024 11:43,ARR,SHV,AA,OO7,N773SK,D,4974,E,E29A,1488
9/12/2024 11:39,9/12/2024 12:01,ARR,TYR,AA,E7Q,N762DT,D,3763,B,B3A,1489
9/12/2024 11:43,9/12/2024 12:07,ARR,OKC,AA,38R,N972NN,D,2272,D,D34,1490
9/12/2024 11:51,9/12/2024 12:28,ARR,MHK,AA,E7M,N237NN,D,3493,B,B33,1493
9/13/2024 2:50,9/13/2024 2:50,ARR,AUS,AA,38K,N842NN,D,807,D,D33,1494
9/12/2024 13:02,9/12/2024 13:14,ARR,GJT,AA,OO7,N611SK,D,4835,E,E37A,1495
9/13/2024 2:40,9/13/2024 2:40,DEP,AUS,AA,38K,N829NN,D,600,C,C4,1496
9/13/2024 3:47,9/13/2024 3:47,DEP,SAT,AA,32C,N907AA,D,2281,C,C21,1497
9/13/2024 12:10,9/13/2024 12:10,DEP,AUS,AA,319,N90024,D,783,B,B7,1498
9/12/2024 13:15,9/12/2024 13:20,DEP,SLC,AA,A21,N177US,D,2178,A,A11,1499
9/13/2024 4:46,9/13/2024 4:46,ARR,PHX,AA,A21,N187US,D,2167,A,A19,1500
9/13/2024 10:15,9/13/2024 10:15,DEP,PHL,AA,A21,N187US,D,1971,A,A19,1501
9/13/2024 12:10,9/13/2024 12:10,DEP,PHX,AA,A21,N163US,D,277,D,D21,1502
9/13/2024 3:55,9/13/2024 3:55,DEP,DOH,QR,351,A7ANM,I,732,D,D15,1503
9/13/2024 13:13,9/13/2024 13:13,DEP,MSY,AA,38K,N874NN,D,811,C,C30,1504
9/13/2024 3:05,9/13/2024 3:05,DEP,MCI,AA,38R,N992NN,D,2267,D,D29,1505
9/13/2024 1:00,9/13/2024 1:00,ARR,SNA,AA,38R,N992NN,D,2861,D,D29,1506
9/13/2024 13:31,9/13/2024 13:31,DEP,SJU,AA,A21,N913US,I,164,A,A36,1507
9/13/2024 20:25,9/13/2024 20:25,DEP,LGA,DL,220,N119DU,D,856,E,E16,1508
9/13/2024 3:50,9/13/2024 3:50,DEP,ONT,AA,A21,N172US,D,2191,C,C15,1509
9/13/2024 10:00,9/13/2024 10:00,DEP,CLT,AA,32C,N165NN,D,1091,A,A22,1510
9/13/2024 20:36,9/13/2024 20:36,DEP,MOB,AA,E7M,N215NN,D,3678,B,B29,1511
9/13/2024 23:44,9/13/2024 23:44,DEP,BDL,AA,A21,N172US,D,1425,A,A8,1512
9/13/2024 17:27,9/13/2024 17:27,DEP,PHX,AA,A21,N979UY,D,1974,D,D33,1513
9/12/2024 15:05,9/12/2024 15:09,DEP,MCI,AA,38K,N974AN,D,2064,A,A17,1514
9/12/2024 13:41,9/12/2024 13:22,DEP,MIA,AA,A21,N572UW,D,1824,A,A23,1515
9/13/2024 14:11,9/13/2024 14:11,ARR,BNA,AA,32C,N147AA,D,2583,A,A20,1516
9/12/2024 16:50,9/12/2024 16:54,ARR,SNA,AA,38R,N992NN,D,1382,B,B12,1517
9/13/2024 18:47,9/13/2024 18:47,DEP,BJX,AA,A19,N827AW,I,2907,D,D2,1518
9/13/2024 19:58,9/13/2024 19:58,ARR,JAX,AA,38K,N991AN,D,3029,B,B5,1519
9/13/2024 2:07,9/13/2024 2:07,ARR,SAV,AA,E7M,N322RC,D,4018,B,B24,1520
9/13/2024 16:45,9/13/2024 16:45,DEP,BIS,AA,E7M,N227NN,D,3839,B,B3,1521
9/13/2024 18:48,9/13/2024 18:48,ARR,MFE,AA,E7M,N257NN,D,3825,B,B33,1522
9/13/2024 16:53,9/13/2024 16:53,DEP,CHS,AA,E7M,N273NN,D,3771,B,B35,1523
9/13/2024 17:31,9/13/2024 17:31,DEP,LIT,AA,E7M,N258NN,D,3855,B,B38,1524
9/13/2024 23:30,9/13/2024 23:30,DEP,TPA,AA,38K,N808NN,D,2950,A,A20,1525
9/13/2024 23:50,9/13/2024 23:50,DEP,MFE,AA,38K,N842NN,D,3110,C,C22,1526
9/13/2024 0:12,9/13/2024 0:12,DEP,JAN,AA,OO7,N716SK,D,6212,E,E24B,1527
9/12/2024 23:12,9/12/2024 23:12,DEP,BTR,AA,E7M,N226NN,D,3795,B,B29,1528
9/12/2024 23:35,9/12/2024 23:35,DEP,CMI,AA,E7M,N206NN,D,3887,B,B40,1529
9/13/2024 12:23,9/13/2024 12:23,ARR,XNA,AA,E7M,N318JE,D,3684,B,B22,1530
9/13/2024 11:14,9/13/2024 11:14,ARR,AMA,AA,E7M,N265NN,D,3691,B,B46,1531
9/13/2024 2:12,9/13/2024 2:12,ARR,COU,AA,OO7,N713SK,D,4905,E,E26,1532
9/13/2024 0:05,9/13/2024 0:05,DEP,TRI,AA,E7M,N228NN,D,3350,B,B44,1533
9/13/2024 17:41,9/13/2024 17:41,ARR,OKC,AA,E7M,N243NN,D,3896,B,B46,1534
9/12/2024 22:53,9/12/2024 22:53,ARR,BHM,AA,OO7,N716SK,D,4830,E,E24B,1535
9/13/2024 18:26,9/13/2024 18:26,DEP,MYR,AA,E7M,N243NN,D,3675,B,B46,1536
9/13/2024 18:46,9/13/2024 18:46,ARR,SGF,AA,E7M,N252NN,D,3560,B,B38,1537
9/14/2024 19:05,9/14/2024 19:05,ARR,FRA,LH,340,\N,I,438,D,D15,1538
9/14/2024 2:03,9/14/2024 2:03,DEP,MEX,Y4,32S,\N,I,801,D,D6,1539
9/14/2024 21:05,9/14/2024 21:05,ARR,SYD,QF,789,\N,I,7,D,D8,1540
9/14/2024 17:25,9/14/2024 17:25,ARR,SAL,AV,32S,\N,I,440,D,D14,1541
9/14/2024 22:15,9/14/2024 22:15,ARR,LHR,BA,388,\N,I,193,D,D16,1542
9/14/2024 13:00,9/14/2024 13:00,ARR,ICN,KE,789,\N,I,31,D,D8,1543
9/14/2024 23:55,9/14/2024 23:55,ARR,IST,TK,789,\N,I,191,D,D14,1544
9/14/2024 21:40,9/14/2024 21:40,ARR,MTY,VB,32S,\N,I,684,D,D12,1545
9/14/2024 13:40,9/14/2024 13:40,ARR,HND,JL,351,\N,I,12,D,D14,1546
9/15/2024 0:11,9/15/2024 0:11,ARR,MEX,Y4,32S,\N,I,800,D,D6,1547
9/14/2024 19:45,9/14/2024 19:45,ARR,TBN,LF,ERJ,\N,D,3551,D,D5,1548
9/14/2024 21:00,9/14/2024 21:00,ARR,DOH,QR,351,\N,I,729,D,D11,1549
9/14/2024 1:05,9/14/2024 1:05,ARR,MAD,IB,330,\N,I,6149,D,D15,1550
9/14/2024 14:50,9/14/2024 14:50,ARR,DOH,QR,351,\N,I,731,D,D11,1551
9/13/2024 23:40,9/13/2024 23:40,ARR,BJX,VB,32S,\N,I,780,D,D12,1552
9/14/2024 15:45,9/14/2024 15:45,ARR,CVN,KG,ERJ,\N,D,5407,D,D12,1553
9/14/2024 14:00,9/14/2024 14:00,ARR,GLH,LF,ERJ,\N,D,3501,D,D5,1554
9/15/2024 0:30,9/15/2024 0:30,DEP,LHR,BA,388,\N,I,192,D,D16,1555
9/14/2024 3:55,9/14/2024 3:55,DEP,DOH,QR,351,\N,I,732,D,D11,1556
9/15/2024 3:15,9/15/2024 3:15,DEP,SYD,QF,789,\N,I,8,D,D8,1557
9/14/2024 20:50,9/14/2024 20:50,DEP,FRA,LH,340,\N,I,439,D,D15,1558
9/15/2024 1:40,9/15/2024 1:40,DEP,IST,TK,789,\N,I,192,D,D14,1559
9/14/2024 16:30,9/14/2024 16:30,DEP,HND,JL,351,\N,I,11,D,D14,1560
9/14/2024 15:55,9/14/2024 15:55,DEP,TBN,LF,ERJ,\N,D,3552,D,D5,1561
9/14/2024 0:45,9/14/2024 0:45,DEP,BJX,VB,32S,\N,I,781,D,D12,1562
9/15/2024 3:55,9/15/2024 3:55,DEP,DOH,QR,351,\N,I,732,D,D11,1563
9/14/2024 2:50,9/14/2024 2:50,DEP,MAD,IB,330,\N,I,6148,D,D15,1564
9/14/2024 22:00,9/14/2024 22:00,DEP,GLH,LF,ERJ,\N,D,3502,D,D5,1565
9/14/2024 15:24,9/14/2024 15:24,ARR,GDL,Y4,32S,\N,I,1800,D,D6,1566
9/14/2024 14:50,9/14/2024 14:50,ARR,DXB,EK,77W,\N,I,221,D,D15,1567
9/13/2024 22:55,9/13/2024 22:55,DEP,MTY,VB,32S,\N,I,685,D,D12,1568
9/14/2024 18:50,9/14/2024 18:50,DEP,SAL,AV,32S,\N,I,441,D,D14,1569
9/14/2024 17:10,9/14/2024 17:10,DEP,ICN,KE,789,\N,I,32,D,D8,1570
9/15/2024 2:03,9/15/2024 2:03,DEP,MEX,Y4,32S,\N,I,801,D,D6,1571
9/14/2024 22:55,9/14/2024 22:55,DEP,MTY,VB,32S,\N,I,685,D,D12,1572
9/14/2024 17:15,9/14/2024 17:15,DEP,DXB,EK,77W,\N,I,222,D,D15,1573
9/14/2024 17:14,9/14/2024 17:14,DEP,GDL,Y4,32S,\N,I,1801,D,D6,1574
9/13/2024 21:50,9/13/2024 21:50,DEP,HEL,AY,359,\N,I,20,D,D15,1575
9/13/2024 21:40,9/13/2024 21:40,ARR,MTY,VB,320,\N,I,684,D,D12,1576
9/13/2024 22:00,9/13/2024 22:00,DEP,GLH,LF,ERJ,\N,D,3502,D,D5,1577
9/13/2024 19:40,9/13/2024 19:40,ARR,SEA,AS,737,N442AS,D,414,E,E11,1578
9/13/2024 20:40,9/13/2024 20:40,DEP,PDX,AS,737,N442AS,D,303,E,E11,1579
9/14/2024 4:59,9/14/2024 4:59,ARR,SEA,AS,7M9,N984AK,D,372,E,E11,1580
9/13/2024 18:50,9/13/2024 18:50,DEP,SAL,AV,320,\N,I,441,D,D14,1581
9/13/2024 15:55,9/13/2024 15:55,DEP,TBN,LF,ERJ,\N,D,3552,D,D5,1582
9/11/2024 12:11,9/11/2024 12:37,ARR,MSP,AA,38R,N338PK,D,2954,D,D20,1583
9/11/2024 12:09,9/11/2024 12:19,ARR,TPA,AA,38R,N959NN,D,1189,A,A17,1584
9/11/2024 12:17,9/11/2024 12:37,ARR,PHL,AA,32C,N159AN,D,1278,B,B11,1585
9/11/2024 12:16,9/11/2024 12:21,ARR,CMH,AA,38K,N801NN,D,2380,C,C35,1586
9/11/2024 13:14,9/11/2024 13:19,DEP,OKC,AA,32C,N900UW,D,1902,A,A11,1587
9/11/2024 14:18,9/11/2024 14:50,ARR,DOH,QR,351,A7ANG,I,731,D,D11,1588
9/11/2024 13:22,9/11/2024 13:30,DEP,MFE,AA,38K,N908AN,D,1799,B,B18,1589
9/11/2024 17:32,9/11/2024 17:47,ARR,MEM,AA,319,N9002U,D,2559,A,A28,1590
9/11/2024 15:02,9/11/2024 15:05,DEP,LAX,AA,32C,N145AN,D,375,D,D18,1591
9/11/2024 18:11,9/11/2024 18:30,ARR,CMH,AA,38K,N811NN,D,1279,C,C29,1592
9/13/2024 18:15,9/13/2024 18:15,ARR,PDX,AS,737,N290AK,D,392,E,E11,1593
9/11/2024 20:05,9/11/2024 20:09,DEP,SHV,AA,E7M,N260NN,D,4001,B,B22,1594
9/11/2024 21:29,9/11/2024 21:34,ARR,MTY,AA,E7M,N252NN,I,4027,B,B3A,1595
9/11/2024 20:51,9/11/2024 20:58,DEP,XNA,AA,19W,N704US,D,2143,D,D31,1596
9/12/2024 22:42,9/12/2024 22:42,ARR,FSM,AA,E7M,N264NN,D,3453,B,B35,1597
9/11/2024 23:51,9/11/2024 23:55,ARR,IST,TK,789,TCLLJ,I,191,D,D14,1598
9/12/2024 21:28,9/12/2024 21:28,DEP,SGF,AA,CP9,N564NN,D,5190,E,E35B,1599
9/12/2024 22:28,9/12/2024 22:39,ARR,HSV,AA,OO7,N718SK,D,4824,E,E22A,1600
9/13/2024 21:00,9/13/2024 21:00,ARR,DOH,QR,351,\N,I,729,D,D11,1601
9/12/2024 12:43,9/12/2024 12:45,DEP,TPA,NK,32N,N920NK,D,3713,D,D16,1602
9/13/2024 13:15,9/13/2024 13:15,DEP,SEA,AS,737,N318AS,D,543,E,E11,1603
9/12/2024 23:45,9/12/2024 23:45,ARR,SEA,AS,737,N274AK,D,576,E,E11,1604
9/11/2024 23:37,9/11/2024 23:44,DEP,OKC,AA,319,N9016,D,2734,B,B7,1605
9/13/2024 20:00,9/13/2024 20:00,ARR,GDL,AA,38K,N938NN,I,1174,D,D40,1606
9/13/2024 16:05,9/13/2024 16:05,DEP,HNL,AA,772,N781AN,D,115,D,D27,1607
9/13/2024 19:35,9/13/2024 19:35,DEP,SDF,AA,19W,N716UW,D,506,B,B14,1608
9/13/2024 19:50,9/13/2024 19:50,ARR,FRA,AA,772,N753AN,I,71,D,D25A,1609
9/14/2024 0:14,9/14/2024 0:14,ARR,EUG,AA,320,N105UW,D,406,B,B14,1610
9/14/2024 0:50,9/14/2024 0:50,DEP,FSD,AA,A19,N762US,D,855,C,C21,1611
9/14/2024 0:35,9/14/2024 0:35,DEP,DTW,AA,38K,N890NN,D,788,B,B9,1612
9/14/2024 1:45,9/14/2024 1:45,DEP,TYS,AA,A21,N922US,D,1052,D,D33,1613
9/14/2024 2:12,9/14/2024 2:12,DEP,MTY,AA,19W,N716UW,I,1012,A,A10,1614
9/13/2024 14:03,9/13/2024 14:03,ARR,DTW,AA,38K,N908NN,D,544,A,A25,1615
9/13/2024 22:47,9/13/2024 22:47,ARR,LGA,AA,38K,N881NN,D,1056,C,C12,1616
9/13/2024 19:20,9/13/2024 19:20,ARR,LHR,AA,77W,N723AN,I,21,D,D23,1617
9/13/2024 17:20,9/13/2024 17:20,DEP,HND,AA,788,N880BJ,I,175,D,D33,1618
9/13/2024 15:00,9/13/2024 15:00,DEP,PVG,AA,788,N875BD,I,127,D,D36,1619
9/14/2024 0:55,9/14/2024 0:55,ARR,DCA,AA,A21,N165US,D,54,B,B11,1620
9/13/2024 21:45,9/13/2024 21:45,DEP,LHR,AA,77W,N723AN,I,20,D,D23,1621
9/13/2024 21:05,9/13/2024 21:05,ARR,HND,AA,788,N810AN,I,176,D,D27,1622
9/13/2024 19:39,9/13/2024 19:39,DEP,SNA,AA,38R,N972NN,D,146,B,B17,1623
9/13/2024 16:41,9/13/2024 16:41,DEP,MCO,AA,32C,N987AM,D,654,C,C20,1624
9/13/2024 18:20,9/13/2024 18:20,DEP,PHL,AA,A21,N976UY,D,836,D,D36,1625
9/12/2024 1:02,9/12/2024 0:49,ARR,IND,AA,38R,N991NN,D,1505,A,A21,1626
9/12/2024 0:28,9/12/2024 0:44,ARR,CHA,AA,E7M,N222NS,D,3736,B,B22,1627
9/12/2024 0:51,9/12/2024 0:59,ARR,RAP,AA,E7M,N255NN,D,3532,B,B42,1628
9/12/2024 0:49,9/11/2024 23:51,ARR,JAN,AA,OO7,N742SK,D,4935,E,E24A,1629
9/11/2024 22:02,9/11/2024 19:49,DEP,LAS,AA,32C,N137AA,D,1871,B,B12,1630
9/11/2024 21:02,9/11/2024 21:04,DEP,BOS,AA,38K,N842NN,D,2306,C,C30,1631
9/12/2024 0:48,9/12/2024 0:55,ARR,DCA,AA,A21,N184US,D,54,C,C24,1632
9/12/2024 0:38,9/12/2024 0:17,ARR,JFK,AA,38K,N908NN,D,2423,D,D20,1633
9/12/2024 0:30,9/12/2024 0:44,ARR,YYZ,AA,38K,N814NN,I,1111,A,A16,1634
9/12/2024 0:43,9/12/2024 0:32,ARR,BZN,AA,E7M,N280NN,D,3862,B,B36,1635
9/11/2024 21:39,9/11/2024 21:35,DEP,LAX,AA,32C,N901AA,D,1669,B,B5,1636
9/12/2024 0:35,9/12/2024 0:25,DEP,LHR,BA,388,GXLEG,I,192,D,D16,1637
9/13/2024 14:20,9/13/2024 14:20,ARR,ALB,AA,320,N105UW,D,2971,C,C4,1638
9/13/2024 20:38,9/13/2024 20:38,DEP,PHX,AA,A21,N927UW,D,3046,C,C7,1639
9/13/2024 19:00,9/13/2024 19:00,DEP,MSY,AA,32C,N164NN,D,2904,A,A18,1640
9/14/2024 0:05,9/14/2024 0:05,ARR,MEX,AA,38K,N970AN,I,2816,D,D34,1641
9/13/2024 22:47,9/13/2024 22:47,ARR,SLC,AA,A21,N582UW,D,2439,C,C7,1642
9/14/2024 0:17,9/14/2024 0:17,ARR,BJX,AA,A19,N827AW,I,2907,D,D25,1643
9/13/2024 14:20,9/13/2024 14:20,ARR,FSD,AA,A19,N823AW,D,2880,A,A21,1644
9/13/2024 23:05,9/13/2024 23:05,ARR,SDF,AA,319,N8009T,D,3096,A,A25,1645
9/13/2024 22:43,9/13/2024 22:43,DEP,IAH,AA,38K,N902AN,D,3053,A,A36,1646
9/13/2024 23:25,9/13/2024 23:25,ARR,MBJ,AA,38K,N910NN,I,2922,D,D30,1647
9/13/2024 22:50,9/13/2024 22:50,ARR,TUS,AA,32C,N142AN,D,2926,B,B14,1648
9/13/2024 19:26,9/13/2024 19:26,DEP,TYS,AA,38K,N945AN,D,3002,C,C20,1649
9/14/2024 1:57,9/14/2024 1:57,DEP,IAH,AA,38K,N945AN,D,2790,A,A34,1650
9/13/2024 16:42,9/13/2024 16:42,ARR,XNA,AA,A05,N651AW,D,3121,B,B5,1651
9/13/2024 13:40,9/13/2024 13:40,ARR,BJX,AA,38K,N907NN,I,2263,D,D31,1652
9/13/2024 12:08,9/13/2024 12:08,ARR,MOB,AA,E7M,N232NN,D,4030,B,B21,1653
9/13/2024 23:09,9/13/2024 23:09,ARR,PHX,AA,32E,N410AN,D,2479,B,B12,1654
9/13/2024 12:19,9/13/2024 12:19,ARR,IAH,AA,38K,N917AN,D,2551,C,C20,1655
9/13/2024 16:14,9/13/2024 16:14,ARR,FAT,AA,38K,N861NN,D,2653,C,C24,1656
9/13/2024 15:15,9/13/2024 15:15,ARR,GDL,AA,38R,N306PB,I,1034,D,D22,1657
9/13/2024 17:39,9/13/2024 17:39,DEP,ATL,AA,38R,N301PA,D,1008,B,B11,1658
9/13/2024 16:26,9/13/2024 16:26,ARR,MSY,AA,A05,N655AW,D,2177,A,A10,1659
9/13/2024 20:10,9/13/2024 20:10,DEP,DTW,AA,38R,N995NN,D,1355,A,A9,1660
9/13/2024 18:44,9/13/2024 18:44,ARR,ATL,AA,38R,N995NN,D,982,A,A9,1661
9/14/2024 0:15,9/14/2024 0:15,DEP,GSO,AA,38R,N309PC,D,2075,C,C11,1662
9/14/2024 0:59,9/14/2024 0:59,ARR,MSN,AA,319,N9002U,D,1736,C,C6,1663
9/13/2024 17:27,9/13/2024 17:27,DEP,CAE,AA,A05,N649AW,D,2028,C,C8,1664
9/13/2024 18:50,9/13/2024 18:50,ARR,CVG,AA,38K,N831NN,D,1568,A,A20,1665
9/13/2024 20:32,9/13/2024 20:32,ARR,MSY,AA,38K,N927AN,D,1848,B,B11,1666
9/14/2024 2:05,9/14/2024 2:05,ARR,MEX,AA,38K,N863NN,I,2351,D,D20,1667
9/13/2024 23:29,9/13/2024 23:29,ARR,CAE,AA,A05,N649AW,D,2028,C,C6,1668
9/14/2024 0:39,9/14/2024 0:39,DEP,SYR,AA,A05,N649AW,D,396,C,C6,1669
9/13/2024 19:45,9/13/2024 19:45,DEP,SEA,AA,A21,N573UW,D,2101,C,C26,1670
9/13/2024 17:31,9/13/2024 17:31,DEP,SJD,AA,32C,N150NN,I,1663,A,A8,1671
9/13/2024 20:55,9/13/2024 20:55,ARR,CID,AA,A19,N756US,D,1905,B,B6,1672
9/13/2024 23:42,9/13/2024 23:42,DEP,SAT,AA,32C,N129AA,D,2438,A,A37,1673
9/14/2024 0:49,9/14/2024 0:49,ARR,JAC,AA,319,N4005X,D,1825,D,D29,1674
9/13/2024 12:20,9/13/2024 12:20,ARR,TUL,AA,32C,N131NN,D,1090,D,D38,1675
9/14/2024 0:20,9/14/2024 0:20,DEP,CVG,AA,38R,N997NN,D,985,C,C19,1676
9/13/2024 11:10,9/13/2024 11:10,ARR,ABI,AA,E7Q,N762DT,D,3726,B,B34,1677
9/13/2024 12:28,9/13/2024 12:28,ARR,LIT,AA,19W,N716UW,D,1762,D,D30,1678
9/13/2024 15:30,9/13/2024 15:30,DEP,EUG,AA,320,N105UW,D,1687,C,C4,1679
9/13/2024 20:55,9/13/2024 20:55,ARR,ONT,AA,32C,N149AN,D,1513,C,C2,1680
9/13/2024 14:20,9/13/2024 14:20,DEP,SAN,AA,32C,N145AN,D,2034,D,D23,1681
9/14/2024 0:20,9/14/2024 0:20,ARR,SJO,AA,38K,N892NN,I,1080,D,D40,1682
9/13/2024 19:35,9/13/2024 19:35,DEP,MEX,AA,38K,N863NN,I,2350,B,B18,1683
9/13/2024 19:25,9/13/2024 19:25,DEP,MKE,AA,A05,N669AW,D,1733,C,C31,1684
9/13/2024 23:09,9/13/2024 23:09,ARR,STL,AA,38K,N824NN,D,1363,D,D20,1685
9/13/2024 18:41,9/13/2024 18:41,DEP,STL,AA,38K,N824NN,D,1363,D,D25,1686
9/13/2024 22:13,9/13/2024 22:13,ARR,DTW,AA,38K,N808NN,D,1323,A,A20,1687
9/13/2024 19:18,9/13/2024 19:18,DEP,MFE,AA,319,N9008U,D,1792,C,C14,1688
9/13/2024 23:10,9/13/2024 23:10,ARR,MFE,AA,319,N9008U,D,1792,A,A10,1689
9/13/2024 21:42,9/13/2024 21:42,DEP,STL,AA,38K,N927AN,D,2761,B,B11,1690
9/13/2024 22:59,9/13/2024 22:59,ARR,DCA,AA,32C,N159AN,D,1244,C,C2,1691
9/14/2024 0:44,9/14/2024 0:44,ARR,SDF,AA,19W,N716UW,D,2356,A,A10,1692
9/13/2024 23:00,9/13/2024 23:00,ARR,BNA,AA,38K,N890NN,D,1100,B,B9,1693
9/13/2024 22:01,9/13/2024 22:01,DEP,BOG,AA,38M,N306SP,I,1137,A,A35,1694
9/13/2024 22:55,9/13/2024 22:55,DEP,MFE,AA,38K,N910AN,D,1781,D,D31,1695
9/13/2024 23:08,9/13/2024 23:08,ARR,ORF,AA,38K,N914AN,D,1634,A,A22,1696
9/13/2024 22:46,9/13/2024 22:46,ARR,EGE,AA,319,N9023N,D,1980,D,D21,1697
9/13/2024 20:58,9/13/2024 20:58,DEP,XNA,AA,19W,N721UW,D,2143,A,A37,1698
9/14/2024 1:00,9/14/2024 1:00,ARR,MKE,AA,A05,N669AW,D,1733,A,A25,1699
9/14/2024 0:48,9/14/2024 0:48,ARR,FLL,AA,38K,N852NN,D,1373,D,D20,1700
9/13/2024 21:26,9/13/2024 21:26,ARR,IND,AA,32C,N907AA,D,2456,A,A25,1701
9/13/2024 20:01,9/13/2024 20:01,DEP,DCA,AA,38R,N964NN,D,1831,A,A39,1702
9/13/2024 16:51,9/13/2024 16:51,DEP,SMF,AA,32C,N994AN,D,2078,A,A37,1703
9/13/2024 20:54,9/13/2024 20:54,ARR,FLL,AA,38K,N813NN,D,1364,A,A29,1704
9/13/2024 11:18,9/13/2024 11:18,ARR,SAT,AA,A05,N664AW,D,2342,B,B11,1705
9/13/2024 20:55,9/13/2024 20:55,ARR,LEX,AA,319,N4032T,D,558,B,B17,1706
9/14/2024 0:39,9/14/2024 0:39,ARR,SLC,AA,32C,N908AA,D,2169,A,A19,1707
9/14/2024 2:51,9/14/2024 2:51,DEP,SAT,AA,38K,N874NN,D,543,A,A37,1708
9/13/2024 16:08,9/13/2024 16:08,ARR,ABQ,AA,38K,N877NN,D,709,D,D20,1709
9/14/2024 0:15,9/14/2024 0:15,ARR,TQO,AA,38K,N877NN,I,163,D,D22,1710
9/13/2024 12:39,9/13/2024 12:39,ARR,MFE,AA,38R,N939NN,D,335,A,A9,1711
9/12/2024 1:11,9/12/2024 1:28,ARR,SAN,AA,A21,N582UW,D,603,C,C30,1712
9/11/2024 21:52,9/11/2024 21:59,DEP,LGA,AA,38K,N808NN,D,3030,C,C6,1713
9/12/2024 1:06,9/12/2024 0:44,ARR,SDF,AA,19W,N716UW,D,2356,C,C31,1714
9/11/2024 23:46,9/12/2024 0:00,ARR,STS,AA,32S,N747UW,D,3109,D,D3,1715
9/12/2024 23:54,9/12/2024 23:54,ARR,BRO,AA,OO7,N774SK,D,4924,E,E28A,1716
9/12/2024 1:15,9/12/2024 1:00,ARR,RNO,AA,38R,N305NX,D,1923,B,B17,1717
9/12/2024 1:24,9/12/2024 0:57,ARR,DAY,AA,CP9,N576NN,D,5115,E,E36,1718
9/11/2024 20:40,9/11/2024 20:40,DEP,PDX,AS,737,N516AS,D,303,E,E11,1719
9/12/2024 1:40,9/12/2024 1:40,DEP,IST,TK,B789,TCLLJ,I,192,D,D14,1720
9/12/2024 22:14,9/12/2024 22:14,DEP,SMF,AA,A21,N521UW,D,2554,C,C20,1721
9/13/2024 0:47,9/13/2024 0:47,ARR,MIA,AA,38M,N320TF,D,1314,A,A35,1722
9/13/2024 1:57,9/13/2024 1:57,DEP,DEN,AA,32C,N159AN,D,577,D,D37,1723
9/13/2024 0:55,9/13/2024 0:55,DEP,OKC,AA,38K,N852NN,D,1458,D,D23,1724
9/13/2024 0:34,9/13/2024 0:34,ARR,IAD,AA,A21,N199UW,D,1390,A,A22,1725
9/12/2024 20:05,9/12/2024 20:05,DEP,GRR,AA,38R,N951NN,D,1576,C,C20,1726
9/13/2024 0:54,9/13/2024 0:54,ARR,TYS,AA,38K,N861NN,D,3002,C,C20,1727
9/12/2024 23:55,9/12/2024 23:55,DEP,GEG,AA,32S,N104UW,D,303,D,D37,1728
9/12/2024 22:08,9/12/2024 22:08,DEP,DAY,AA,CP9,N562NN,D,5156,E,E36,1729
9/13/2024 0:31,9/13/2024 0:31,ARR,LAW,AA,OO7,N719SK,D,4917,E,E30,1730
9/13/2024 19:20,9/13/2024 19:20,DEP,SEA,AS,737,N290AK,D,415,E,E11,1731
9/13/2024 14:00,9/13/2024 14:00,DEP,TYR,AA,E7R,N787BP,D,3968,B,B1,1732
9/13/2024 13:10,9/13/2024 13:10,DEP,CLE,AA,38R,N346PR,D,2331,C,C19,1733
9/13/2024 17:48,9/13/2024 17:48,DEP,SAT,AA,A05,N651AW,D,460,B,B5,1734
9/13/2024 0:45,9/13/2024 0:45,DEP,ABQ,AA,38K,N877NN,D,1056,D,D18,1735
9/12/2024 23:22,9/12/2024 23:22,ARR,OMA,AA,38K,N877NN,D,2188,D,D18,1736
9/12/2024 21:35,9/12/2024 21:35,DEP,MAD,AA,772,N761AJ,I,36,A,A24,1737
9/12/2024 17:08,9/12/2024 17:08,ARR,MSP,SY,B738,\N,D,501,D,D14,1738
9/14/2024 0:58,9/14/2024 0:58,ARR,CLE,AA,38K,N982AN,D,2336,D,D30,1739
9/13/2024 18:37,9/13/2024 18:37,DEP,CLE,AA,38K,N982AN,D,2336,C,C29,1740
9/12/2024 23:55,9/12/2024 23:55,DEP,HSV,AA,OO7,N718SK,D,4833,E,E22A,1741
9/14/2024 0:04,9/14/2024 0:04,ARR,PHL,AA,789,N831AA,D,1828,A,A24,1742
9/13/2024 21:35,9/13/2024 21:35,DEP,MAF,AA,E7M,N265NN,D,3573,B,B37,1743
9/13/2024 20:46,9/13/2024 20:46,ARR,HOU,AA,E7M,N265NN,D,4046,B,B37,1744
9/12/2024 22:00,9/12/2024 22:00,DEP,MSY,AA,A19,N757UW,D,1854,C,C16,1745
9/12/2024 20:55,9/12/2024 20:55,DEP,MFE,AA,38K,N899NN,D,1803,A,A19,1746
9/13/2024 20:35,9/13/2024 20:35,DEP,SAT,AA,38K,N831NN,D,3093,A,A20,1747
9/13/2024 23:51,9/13/2024 23:51,ARR,SAT,AA,38K,N831NN,D,3093,B,B16,1748
9/13/2024 23:52,9/13/2024 23:52,DEP,ONT,AA,A21,N197UW,D,810,A,A29,1749
9/13/2024 22:33,9/13/2024 22:33,ARR,ABQ,AA,E7M,N200NN,D,3777,B,B42,1750
9/13/2024 15:05,9/13/2024 15:05,DEP,LAX,AA,A21,N545UW,D,375,A,A39,1751
9/13/2024 22:35,9/13/2024 22:35,ARR,LAX,AA,A21,N545UW,D,1653,C,C21,1752
9/13/2024 13:11,9/13/2024 13:11,DEP,PHL,AA,A21,N926UW,D,309,A,A11,1753
9/14/2024 0:44,9/14/2024 0:44,DEP,CHA,AA,E7M,N222NS,D,3688,B,B3,1754
9/13/2024 23:09,9/13/2024 23:09,ARR,HRL,AA,E7M,N222NS,D,4052,B,B3,1755
9/12/2024 3:15,9/12/2024 3:15,DEP,SYD,QF,789,VHZNN,I,8,D,D8,1756
9/13/2024 21:47,9/13/2024 21:47,DEP,XNA,AA,E7M,N274NN,D,3597,B,B31,1757
9/12/2024 21:45,9/12/2024 21:45,DEP,DCA,AA,A05,N669AW,D,472,A,A29,1758
9/12/2024 21:58,9/12/2024 21:58,DEP,BHM,AA,E7M,N292NN,D,3836,B,B43,1759
9/13/2024 1:20,9/13/2024 1:20,DEP,SAT,AA,319,N4032T,D,1406,D,D21,1760
9/13/2024 16:34,9/13/2024 16:34,ARR,GRK,AA,E7M,N207AN,D,3873,B,B46,1761
9/13/2024 13:15,9/13/2024 13:15,ARR,LBB,AA,E7M,N207AN,D,3860,B,B47,1762
9/13/2024 17:20,9/13/2024 17:20,DEP,MCI,AA,E7M,N207AN,D,4066,B,B46,1763
9/13/2024 14:49,9/13/2024 14:49,ARR,ORD,AA,32C,N992AU,D,2754,D,D33,1764
9/13/2024 11:25,9/13/2024 11:25,DEP,ORD,AA,38R,N306NY,D,2144,A,A37,1765
9/13/2024 13:15,9/13/2024 13:15,DEP,SLC,DL,220,N319DU,D,1291,E,E12,1766
9/13/2024 12:24,9/13/2024 12:24,ARR,FSM,AA,E7M,N260NN,D,3471,B,B33,1767
9/12/2024 15:25,9/12/2024 15:20,ARR,ELP,AA,38K,N960AN,D,646,D,D40,1768
9/12/2024 12:21,9/12/2024 12:22,DEP,CUN,NK,A321,N675NK,I,343,E,E18,1769
9/12/2024 14:32,9/12/2024 14:33,ARR,BWI,NK,A20N,N903NK,D,1935,E,E33,1770
9/12/2024 15:21,9/12/2024 15:27,ARR,TUL,AA,OO7,N732SK,D,4899,E,E22B,1771
9/12/2024 13:31,9/12/2024 13:16,DEP,PNS,AA,CP9,N576NN,D,5456,E,E34A,1772
9/12/2024 13:32,9/12/2024 13:36,DEP,COS,AA,38K,N966AN,D,1552,D,D31,1773
9/12/2024 15:21,9/12/2024 15:26,ARR,RDU,AA,737,N937NN,D,802,D,D2,1774
9/12/2024 15:35,9/12/2024 15:51,ARR,EWR,AA,38K,N946AN,D,1603,A,A25,1775
9/12/2024 14:39,9/12/2024 14:18,ARR,FLL,NK,A21N,N720NK,D,3052,E,E18,1776
9/12/2024 21:16,9/12/2024 21:16,DEP,IND,AA,38K,N871NN,D,1505,D,D40,1777
9/12/2024 13:23,9/12/2024 13:19,DEP,ORD,AA,38K,N968AN,D,328,C,C15,1778
9/12/2024 15:43,9/12/2024 15:24,ARR,GDL,Y4,A321,XAVLH,I,1800,D,D6,1779
9/12/2024 12:02,9/12/2024 12:00,DEP,BOS,NK,A21N,N724NK,D,1034,E,E32,1780
9/12/2024 13:14,9/12/2024 13:18,DEP,DCA,AA,38K,N802NN,D,1177,A,A17,1781
9/12/2024 20:50,9/12/2024 20:50,DEP,FRA,LH,343,\N,I,439,D,D14,1782
9/12/2024 12:42,9/12/2024 12:39,DEP,MIA,NK,A320,N698NK,D,1860,E,E33,1783
9/13/2024 1:59,9/13/2024 1:59,ARR,IAH,AA,319,N90024,D,3053,B,B7,1784
9/13/2024 1:42,9/13/2024 1:42,ARR,CLT,F9,\N,N718FR,D,3109,D,D,1785
9/13/2024 1:44,9/13/2024 1:44,ARR,DTW,F9,\N,N337FR,D,3175,D,D,1786
9/12/2024 19:35,9/12/2024 19:35,DEP,SMF,F9,\N,N346FR,D,4321,E,E7,1787
9/12/2024 23:51,9/12/2024 23:51,DEP,DEN,AA,32C,N142AN,D,1217,A,A28,1788
9/13/2024 0:20,9/13/2024 0:20,DEP,CVG,AA,38K,N844NN,D,985,C,C2,1789
9/13/2024 0:45,9/13/2024 0:45,DEP,RIC,AA,38K,N800NN,D,1133,C,C16,1790
9/13/2024 0:40,9/13/2024 0:40,DEP,AUS,AA,38K,N819NN,D,1372,A,A37,1791
9/13/2024 3:31,9/13/2024 3:31,DEP,MFE,AA,38K,N876NN,D,2156,C,C7,1792
9/13/2024 2:22,9/13/2024 2:22,DEP,TUL,AA,32C,N131NN,D,2106,A,A29,1793
9/13/2024 22:30,9/13/2024 22:32,ARR,DTW,DL,320,N328NW,D,1543,E,E14,1794
9/12/2024 15:39,9/12/2024 15:50,ARR,MTY,AA,E7M,N231AN,I,3810,B,B2,1795
9/12/2024 13:25,9/12/2024 13:30,DEP,MKE,AA,38K,N987AN,D,2581,C,C21,1796
9/12/2024 18:56,9/12/2024 18:40,ARR,BWI,F9,\N,N346FR,D,1475,E,E7,1797
9/12/2024 16:04,9/12/2024 16:15,ARR,FLL,AA,38K,N819NN,D,443,C,C24,1798
9/12/2024 16:22,9/12/2024 16:11,ARR,BOI,AA,32C,N930AU,D,423,C,C10,1799
9/12/2024 16:17,9/12/2024 16:29,ARR,YYC,AA,38K,N887NN,I,2521,B,B7,1800
9/12/2024 16:17,9/12/2024 16:22,ARR,LGA,AA,38K,N885NN,D,1626,C,C20,1801
9/12/2024 13:05,9/12/2024 12:00,DEP,LAX,AA,A21,N580UW,D,1660,C,C12,1802
9/12/2024 21:50,9/12/2024 21:50,DEP,HEL,AY,359,\N,I,20,D,D15,1803
9/12/2024 16:26,9/12/2024 16:30,DEP,HND,JL,351,JA05WJ,I,11,D,D14,1804
9/13/2024 0:08,9/13/2024 0:08,ARR,IAH,F9,\N,N332FR,D,3193,D,D,1805
9/12/2024 19:46,9/12/2024 19:46,DEP,CVG,F9,UNK,N353FR,D,4280,E,E20,1806
9/13/2024 3:18,9/13/2024 3:18,ARR,SMF,F9,\N,N346FR,D,4322,D,D,1807
9/12/2024 20:42,9/12/2024 20:42,DEP,DEN,F9,UNK,N619FR,D,2631,E,E21,1808
9/12/2024 21:04,9/12/2024 21:19,ARR,SFO,F9,UNK,N372FR,D,4000,E,E7,1809
9/12/2024 15:33,9/12/2024 15:05,DEP,YUL,AC,BCS3,CGTZH,I,1070,D,D6,1810
9/12/2024 13:43,9/12/2024 13:45,DEP,PHX,NK,A321,N684NK,D,972,E,E32,1811
9/12/2024 15:08,9/12/2024 15:09,DEP,SGF,AA,E7M,N303DD,D,3560,B,B33,1812
9/12/2024 15:21,9/12/2024 15:23,DEP,TUL,AA,319,N9006,D,2352,C,C24,1813
9/12/2024 16:33,9/12/2024 16:39,ARR,LRD,AA,E7M,N281NN,D,3983,B,B31,1814
9/12/2024 14:11,9/12/2024 14:11,DEP,DEN,F9,UNK,N619FR,D,2147,E,E10,1815
9/12/2024 16:02,9/12/2024 16:26,ARR,SAN,AA,321,N973UY,D,1939,D,D17,1816
9/12/2024 16:58,9/12/2024 17:10,DEP,ICN,KE,B789,HL7209,I,32,D,D8,1817
9/13/2024 2:05,9/13/2024 2:05,DEP,SFO,AA,A21,N926UW,D,2111,C,C39,1818
9/12/2024 15:37,9/12/2024 15:44,DEP,MLM,AA,19W,N716UW,I,2136,C,C20,1819
9/12/2024 16:48,9/12/2024 16:42,ARR,XNA,AA,A05,N667AW,D,3121,C,C4,1820
9/12/2024 15:19,9/12/2024 15:25,DEP,JAN,AA,CP9,N553NN,D,5383,E,E36,1821
9/12/2024 16:55,9/12/2024 16:34,ARR,CLL,AA,E7Q,N764JD,D,3953,E,E37B,1822
9/12/2024 15:12,9/12/2024 15:16,DEP,CRP,AA,E7M,N232NN,D,3546,B,B43,1823
9/13/2024 3:50,9/13/2024 3:50,DEP,DEN,AA,38K,N931AN,D,662,D,D38,1824
9/13/2024 3:45,9/13/2024 3:45,DEP,SFO,AA,A21,N924US,D,446,A,A19,1825
9/13/2024 2:50,9/13/2024 2:50,ARR,SAT,AA,38K,N931AN,D,2438,D,D38,1826
9/13/2024 3:42,9/13/2024 3:42,DEP,FSM,AA,E7M,N260NN,D,3537,B,B32,1827
9/13/2024 0:08,9/13/2024 0:08,ARR,TVC,AA,E7M,N230NN,D,3988,B,B33,1828
9/12/2024 16:16,9/12/2024 16:05,ARR,YYZ,AC,BCS3,CGJXN,I,1031,E,E2,1829
9/12/2024 15:37,9/12/2024 15:37,DEP,IAH,F9,UNK,N353FR,D,3194,E,E10,1830
9/12/2024 20:56,9/12/2024 20:56,DEP,BNA,AA,A21,N181UW,D,2674,A,A17,1831
9/13/2024 0:08,9/13/2024 0:08,DEP,ATL,AA,38K,N803NN,D,2237,A,A17,1832
9/12/2024 15:37,9/12/2024 15:00,DEP,MTY,AA,A19,N748UW,I,2198,A,A16,1833
9/12/2024 19:54,9/12/2024 19:54,DEP,MCO,F9,UNK,N364FR,D,1952,E,E10,1834
9/13/2024 1:40,9/13/2024 1:40,DEP,ATL,AA,38K,N924NN,D,2749,C,C7,1835
9/13/2024 2:51,9/13/2024 2:51,DEP,SAT,AA,737,N957AN,D,543,D,D4,1836
9/13/2024 2:10,9/13/2024 2:10,DEP,MLU,AA,OO7,N707SK,D,4973,E,E23A,1837
9/13/2024 2:35,9/13/2024 2:35,DEP,LHR,AA,77W,N728AN,I,80,D,D27,1838
9/13/2024 3:59,9/13/2024 3:59,DEP,LHR,AA,77W,N730AN,I,78,D,D23,1839
9/13/2024 0:12,9/13/2024 0:12,ARR,ABI,AA,E7Q,N782SM,D,3380,B,B49,1840
9/13/2024 2:11,9/13/2024 2:11,DEP,BTR,AA,CP9,N610NN,D,5341,E,E35B,1841
9/12/2024 17:38,9/12/2024 17:43,ARR,GPT,AA,OO7,N716SK,D,4921,E,E22B,1842
9/12/2024 14:59,9/12/2024 15:00,DEP,SAV,AA,A05,N649AW,D,2081,C,C30,1843
9/12/2024 15:25,9/12/2024 15:30,DEP,BNA,AA,A21,N913US,D,1396,C,C21,1844
9/12/2024 16:48,9/12/2024 16:25,ARR,OKC,AA,A19,N813AW,D,1902,B,B18,1845
9/12/2024 14:29,9/12/2024 14:29,DEP,PHL,F9,UNK,N639FR,D,3986,E,E20,1846
9/12/2024 17:10,9/12/2024 16:29,ARR,LAW,AA,OO7,N746SK,D,6363,E,E25,1847
9/12/2024 16:32,9/12/2024 15:25,DEP,AMA,AA,E7M,N267NN,D,3388,B,B37,1848
9/12/2024 16:47,9/12/2024 16:47,DEP,ORD,F9,UNK,N360FR,D,3242,E,E10,1849
9/13/2024 12:22,9/13/2024 12:22,DEP,CUN,NK,32B,\N,I,343,E,E32,1850
9/13/2024 5:49,9/13/2024 5:49,ARR,SLC,F9,UNK,N358FR,D,2426,E,E21,1851
9/13/2024 5:02,9/13/2024 5:02,ARR,LAS,F9,UNK,N232FR,D,3978,E,E20,1852
9/12/2024 15:09,9/12/2024 15:10,DEP,CUN,AA,32C,N157AA,I,2874,A,A29,1853
9/12/2024 15:38,9/12/2024 15:43,DEP,DRO,AA,OO7,N702SK,D,4846,E,E23B,1854
9/12/2024 15:40,9/12/2024 15:25,DEP,TLH,AA,E7M,N209NN,D,3574,B,B39,1855
9/13/2024 20:30,9/13/2024 20:30,ARR,TBN,LF,ERJ,\N,D,3551,D,D5,1856
9/13/2024 17:37,9/13/2024 17:37,ARR,ATL,AA,38K,N866NN,D,2431,C,C6,1857
9/13/2024 0:10,9/13/2024 0:10,ARR,CUN,AA,32C,N930AU,I,2652,D,D34,1858
9/12/2024 18:05,9/12/2024 18:01,ARR,ATL,F9,UNK,N718FR,D,3021,D,D15,1859
9/12/2024 16:17,9/12/2024 16:14,DEP,BHM,AA,E7M,N273NN,D,3888,B,B21,1860
9/13/2024 1:56,9/12/2024 19:02,ARR,DAY,AA,OO7,N763SK,D,4918,E,E38B,1861
9/12/2024 15:14,9/12/2024 15:20,DEP,GJT,AA,OO7,N726SK,D,4871,E,E27B,1862
9/12/2024 15:28,9/12/2024 15:25,DEP,PHX,AA,A19,N749US,D,1976,C,C35,1863
9/12/2024 15:31,9/12/2024 15:19,DEP,TUS,AA,38K,N867NN,D,2721,D,D38,1864
9/12/2024 17:59,9/12/2024 18:10,ARR,LAS,F9,UNK,N391FR,D,3456,E,E20,1865
9/12/2024 15:23,9/12/2024 15:25,DEP,DTW,AA,38K,N853NN,D,1323,A,A39,1866
9/12/2024 15:33,9/12/2024 15:41,DEP,PIT,AA,38K,N811NN,D,1988,C,C39,1867
9/12/2024 18:08,9/12/2024 18:05,ARR,DUB,AA,772,N770AN,I,133,A,A23X,1868
9/12/2024 21:43,9/12/2024 21:43,DEP,MTY,AA,E7M,N265NN,I,3889,B,B31,1869
9/13/2024 0:54,9/13/2024 0:54,DEP,BHM,AA,E7M,N284JN,D,3431,B,B46,1870
9/13/2024 22:00,9/13/2024 22:00,DEP,FAT,AA,38K,N925AN,D,508,D,D22,1871
9/13/2024 2:34,9/13/2024 2:34,ARR,SEA,F9,UNK,N371FR,D,4066,E,E10,1872
9/13/2024 19:05,9/13/2024 19:05,DEP,PHX,AA,32Q,N430AN,D,1788,D,D4,1873
9/13/2024 2:07,9/13/2024 2:07,ARR,DEN,F9,UNK,N619FR,D,2632,E,E21,1874
9/12/2024 19:51,9/12/2024 19:51,DEP,DRO,AA,OO7,N772SK,D,4929,E,E29B,1875
9/12/2024 19:40,9/12/2024 19:40,DEP,XNA,AA,A19,N822AW,D,2185,C,C24,1876
9/12/2024 22:50,9/12/2024 22:50,ARR,SAT,AA,737,N821NN,D,1961,D,D37,1877
9/12/2024 19:16,9/12/2024 19:05,ARR,FRA,LH,A343,DAIFC,I,438,D,D14,1878
9/12/2024 19:41,9/12/2024 19:41,DEP,RIC,AA,38K,N992AN,D,2067,C,C12,1879
9/13/2024 1:18,9/13/2024 0:54,ARR,SAT,AA,A21,N914UY,D,2068,A,A21,1880
9/13/2024 15:03,9/13/2024 15:12,ARR,ATL,DL,32S,N326DN,D,961,E,E16,1881
9/13/2024 16:17,9/13/2024 16:17,DEP,ATL,DL,32S,N326DN,D,961,E,E16,1882
9/12/2024 17:10,9/12/2024 17:00,DEP,YYZ,AC,BCS3,CGJXN,I,1032,E,E2,1883
9/12/2024 20:13,9/12/2024 19:59,ARR,SAN,F9,UNK,N332FR,D,1426,E,E20,1884
9/12/2024 18:28,9/12/2024 18:45,ARR,RAP,AA,E7M,N264NN,D,3534,B,B36,1885
9/12/2024 15:36,9/12/2024 15:31,DEP,PSP,AA,32C,N142AN,D,2003,D,D20,1886
9/12/2024 18:13,9/12/2024 18:36,ARR,RDU,F9,32N,N337FR,D,2343,E,E21,1887
9/13/2024 1:51,9/13/2024 1:51,DEP,CLT,AA,A21,N972UY,D,579,C,C37,1888
9/12/2024 23:40,9/12/2024 23:40,DEP,EWR,AA,38M,N355TW,D,726,A,A22,1889
9/12/2024 19:31,9/12/2024 19:31,DEP,DTW,F9,UNK,N337FR,D,3176,E,E21,1890
9/12/2024 23:20,9/12/2024 22:55,DEP,MTY,VB,321,\N,I,685,D,D14,1891
9/12/2024 23:55,9/12/2024 23:58,ARR,MCO,F9,UNK,N701FR,D,1951,E,E20,1892
9/13/2024 21:45,9/13/2024 21:45,DEP,ICT,AA,A19,N748UW,D,2366,C,C11,1893
9/13/2024 11:00,9/13/2024 11:00,DEP,LAX,AA,32Q,N444UW,D,1639,D,D2,1894
9/13/2024 23:45,9/13/2024 23:45,ARR,AUS,AA,A19,N809AW,D,1635,C,C29,1895
9/12/2024 20:25,9/12/2024 20:25,DEP,MSP,DL,319,N334NB,D,2239,E,E14,1896
9/14/2024 1:54,9/14/2024 1:54,DEP,ELP,AA,38R,N337PJ,D,1525,C,C12,1897
9/13/2024 17:04,9/13/2024 17:04,ARR,DEN,AA,38R,N337PJ,D,1523,C,C12,1898
9/13/2024 18:19,9/13/2024 18:19,DEP,QRO,AA,38R,N337PJ,I,2299,C,C12,1899
9/13/2024 13:35,9/13/2024 13:35,DEP,STL,AA,38K,N885NN,D,2289,C,C21,1900
9/13/2024 20:48,9/13/2024 20:48,ARR,SNA,AA,38R,N342PM,D,2114,C,C22,1901
9/13/2024 17:29,9/13/2024 17:29,DEP,MTJ,AA,38R,N358PW,D,665,C,C16,1902
9/12/2024 22:42,9/12/2024 22:47,ARR,ATL,NK,32B,\N,D,827,E,E32,1903
9/12/2024 22:12,9/12/2024 22:02,DEP,OMA,AA,38R,N342PM,D,2466,C,C15,1904
9/13/2024 14:04,9/13/2024 14:04,ARR,BUF,AA,A05,N660AW,D,576,C,C16,1905
9/13/2024 12:22,9/13/2024 12:22,ARR,CMH,AA,A19,N827AW,D,2380,C,C19,1906
9/12/2024 21:15,9/12/2024 21:34,ARR,GCK,AA,OO7,N773SK,D,4815,E,E23B,1907
9/13/2024 11:43,9/13/2024 11:43,ARR,MFE,AA,32C,N132AN,D,2451,A,A38,1908
9/13/2024 13:10,9/13/2024 13:10,DEP,CLT,AA,A21,N198UW,D,1303,A,A38,1909
9/12/2024 23:51,9/12/2024 23:51,ARR,JAN,AA,OO7,N611SK,D,4935,E,E27B,1910
9/13/2024 2:00,9/13/2024 2:00,DEP,MSY,AA,38K,N809NN,D,1369,D,D18,1911
9/12/2024 21:30,9/12/2024 21:51,ARR,VER,AA,E7M,N283NN,I,4014,B,B1A,1912
9/13/2024 0:38,9/13/2024 0:38,ARR,DRO,AA,OO7,N772SK,D,4929,E,E29B,1913
9/13/2024 0:40,9/13/2024 0:40,DEP,MEM,AA,38R,N943NN,D,1758,D,D25,1914
9/12/2024 19:36,9/12/2024 19:39,DEP,SGF,AA,E7M,N303DD,D,3556,B,B32,1915
9/12/2024 23:55,9/12/2024 23:55,ARR,IST,TK,789,\N,I,191,D,D14,1916
9/12/2024 22:40,9/12/2024 22:42,ARR,PSP,AA,32C,N142AN,D,2003,A,A28,1917
9/12/2024 22:51,9/12/2024 22:50,ARR,BZN,AA,38K,N890NN,D,952,B,B6,1918
9/12/2024 20:17,9/12/2024 20:17,DEP,ELP,AA,38K,N908NN,D,1681,C,C7,1919
9/13/2024 16:12,9/13/2024 16:12,ARR,IAH,UA,CRJ,N930LR,D,6349,E,E4,1920
9/12/2024 20:41,9/12/2024 20:51,ARR,MAF,AA,E7M,N265NN,D,3571,B,B31,1921
9/12/2024 17:30,9/12/2024 17:35,DEP,MAF,AA,E7M,N265NN,D,3571,B,B22,1922
9/12/2024 21:48,9/12/2024 21:47,ARR,SMF,AA,A21,N584UW,D,2192,C,C39,1923
9/13/2024 18:22,9/13/2024 18:22,ARR,ORD,UA,737,N24212,D,1202,E,E9,1924
9/12/2024 19:34,9/12/2024 19:36,DEP,FSM,AA,E7M,N264NN,D,3453,B,B36,1925
9/12/2024 23:11,9/12/2024 23:10,ARR,GNV,AA,CP9,N551NN,D,5377,E,E35B,1926
9/12/2024 20:45,9/12/2024 20:39,ARR,MEM,AA,CP9,N564NN,D,5339,E,E35B,1927
9/12/2024 20:46,9/12/2024 20:42,ARR,TUL,AA,32C,N907AA,D,2013,A,A11,1928
9/12/2024 22:58,9/12/2024 23:06,ARR,PHL,AA,32C,N137AA,D,593,C,C15,1929
9/12/2024 22:44,9/12/2024 22:49,ARR,BOI,AA,32C,N148AN,D,2944,B,B12,1930
9/12/2024 19:40,9/12/2024 19:33,DEP,LIT,AA,CP9,N573NN,D,5249,E,E36,1931
9/13/2024 20:00,9/13/2024 20:00,DEP,PHL,AA,A21,N152UW,D,583,A,A10,1932
9/12/2024 21:25,9/12/2024 21:40,ARR,YUM,AA,OO7,N713SK,D,6234,E,E29A,1933
9/12/2024 19:01,9/12/2024 19:04,DEP,GSP,AA,38K,N991AN,D,2181,D,D31,1934
9/12/2024 20:34,9/12/2024 21:05,ARR,BPT,AA,OO7,N614SK,D,4999,E,E25,1935
9/12/2024 22:48,9/12/2024 22:57,ARR,SFO,AA,32Q,N468AN,D,1414,D,D2,1936
9/12/2024 19:05,9/12/2024 19:05,DEP,PHX,F9,UNK,N391FR,D,3283,E,E20,1937
9/12/2024 16:35,9/12/2024 16:35,DEP,LAS,F9,UNK,N624FR,D,1961,E,E21,1938
9/13/2024 10:35,9/13/2024 10:35,DEP,DTW,DL,320,N328NW,D,2183,E,E16,1939
9/12/2024 19:02,9/12/2024 19:09,DEP,CLT,F9,UNK,N718FR,D,3110,D,D15,1940
9/12/2024 23:55,9/12/2024 23:55,DEP,ELP,AA,38R,N969NN,D,555,D,D40,1941
9/13/2024 1:57,9/13/2024 0:49,ARR,JAC,AA,319,N8009T,D,1825,B,B6,1942
9/12/2024 22:21,9/12/2024 22:48,ARR,PHL,F9,UNK,N639FR,D,3985,E,E21,1943
9/12/2024 17:07,9/12/2024 17:07,DEP,MSP,F9,UNK,N358FR,D,3224,E,E20,1944
9/12/2024 18:21,9/12/2024 18:26,DEP,MYR,AA,E7M,N218NN,D,3675,B,B30,1945
9/13/2024 14:18,9/13/2024 14:18,ARR,FLL,NK,32Q,\N,D,3052,E,E31,1946
9/12/2024 17:40,9/12/2024 17:40,DEP,SEA,F9,UNK,N371FR,D,4065,E,E21,1947
9/12/2024 19:50,9/12/2024 19:50,DEP,MAF,AA,OO7,N742SK,D,4900,E,E27B,1948
9/13/2024 2:10,9/13/2024 2:10,DEP,GPT,AA,OO7,N760SK,D,6210,E,E22A,1949
9/13/2024 21:51,9/13/2024 21:51,ARR,SFO,AA,38R,N943NN,D,3098,C,C6,1950
9/12/2024 21:31,9/12/2024 21:21,ARR,MCI,AA,E7M,N249NN,D,4066,B,B38,1951
9/12/2024 19:40,9/12/2024 19:26,DEP,BNA,AA,32C,N986AN,D,2244,C,C19,1952
9/13/2024 1:14,9/13/2024 0:44,DEP,CLE,AA,38K,N885NN,D,1607,D,D22,1953
9/12/2024 21:41,9/12/2024 20:55,ARR,RAP,AA,E7M,N262NN,D,4106,B,B25,1954
9/12/2024 22:44,9/12/2024 22:47,ARR,SLC,AA,32C,N994AN,D,2439,D,D17,1955
9/13/2024 0:51,9/13/2024 0:49,ARR,SJU,AA,A21,N926UW,I,1591,C,C39,1956
9/12/2024 16:14,9/12/2024 16:15,DEP,SJC,NK,A20N,N903NK,D,1941,E,E33,1957
9/12/2024 19:29,9/12/2024 19:35,DEP,FCO,AA,772,N755AN,I,240,A,A21X,1958
9/12/2024 20:02,9/12/2024 19:16,DEP,ORD,F9,UNK,N309FR,D,3244,D,D6,1959
9/12/2024 22:13,9/12/2024 21:35,DEP,SAT,AA,A21,N914UY,D,2076,C,C10,1960
9/12/2024 15:33,9/12/2024 15:30,DEP,GUA,AA,38K,N852NN,I,1013,A,A35,1961
9/12/2024 22:41,9/12/2024 22:44,ARR,PDX,AA,A21,N582UW,D,2655,B,B14,1962
9/12/2024 19:30,9/12/2024 19:39,DEP,HSV,AA,OO7,N707SK,D,5001,E,E28A,1963
9/12/2024 21:11,9/12/2024 20:39,ARR,XNA,AA,319,N9018E,D,2676,C,C37,1964
9/12/2024 21:12,9/12/2024 20:55,ARR,SAV,AA,A05,N649AW,D,2081,A,A9,1965
9/13/2024 17:34,9/13/2024 17:34,ARR,ORD,AA,737,N809NN,D,1210,D,D1,1966
9/12/2024 22:16,9/12/2024 22:16,DEP,CVG,AA,38K,N949AN,D,1335,B,B12,1967
9/12/2024 21:34,9/12/2024 21:27,ARR,PDX,F9,UNK,N232FR,D,2568,E,E21,1968
9/12/2024 19:49,9/12/2024 20:13,ARR,AUS,AA,19W,N701UW,D,2537,B,B11,1969
9/13/2024 6:35,9/13/2024 6:35,ARR,LGA,F9,UNK,N372FR,D,3423,E,E10,1970
9/12/2024 21:03,9/12/2024 21:03,ARR,SEA,AS,737,N270AK,D,586,E,E11,1971
9/12/2024 21:33,9/12/2024 20:55,ARR,ONT,AA,A21,N914UY,D,1513,C,C10,1972
9/12/2024 18:52,9/12/2024 18:29,ARR,STL,AA,A19,N822AW,D,2289,C,C24,1973
9/12/2024 20:29,9/12/2024 20:55,ARR,BOS,AA,A21,N521UW,D,2297,C,C20,1974
9/12/2024 19:28,9/12/2024 19:28,ARR,LGA,DL,220,N102DU,D,856,E,E16,1975
9/13/2024 0:42,9/13/2024 0:25,DEP,LHR,BA,388,\N,I,192,D,D16,1976
9/12/2024 15:18,9/12/2024 15:05,DEP,SBP,AA,A19,N823AW,D,2087,C,C19,1977
9/12/2024 21:05,9/12/2024 21:05,ARR,SYD,QF,789,VHZND,I,7,D,D8,1978
9/12/2024 19:46,9/12/2024 19:45,ARR,PHX,NK,A321,N684NK,D,970,E,E33,1979
9/12/2024 20:03,9/12/2024 20:03,DEP,CLT,NK,A321,N667NK,D,213,E,E31,1980
9/12/2024 20:15,9/12/2024 20:15,DEP,DTW,NK,A320,N655NK,D,1019,E,E18,1981
9/12/2024 20:10,9/12/2024 20:19,ARR,FLL,NK,A20N,N908NK,D,1101,E,E32,1982
9/12/2024 20:11,9/12/2024 20:43,ARR,EWR,NK,A320,N603NK,D,3718,E,E31,1983
9/12/2024 15:35,9/12/2024 15:18,DEP,LAS,NK,A21N,N720NK,D,3711,E,E18,1984
9/12/2024 17:46,9/12/2024 18:00,ARR,LAX,NK,A320,N612NK,D,362,E,E33,1985
9/12/2024 16:20,9/12/2024 16:27,DEP,LGA,NK,A20N,N934NK,D,2706,E,E32,1986
9/12/2024 17:02,9/12/2024 17:06,DEP,ATL,NK,A321,N686NK,D,825,E,E31,1987
9/12/2024 17:37,9/12/2024 17:20,ARR,BOS,B6,BCS3,N3104J,D,215,E,E7,1988
9/12/2024 18:44,9/12/2024 18:30,ARR,CMH,AA,38R,N986NN,D,1279,C,C8,1989
9/12/2024 18:48,9/12/2024 18:51,ARR,IAH,F9,UNK,N353FR,D,3195,E,E20,1990
9/12/2024 16:09,9/12/2024 16:09,DEP,MCO,F9,UNK,N330FR,D,1482,E,E20,1991
9/12/2024 20:42,9/12/2024 21:02,ARR,LGA,DL,220,N125DU,D,869,E,E17,1992
9/12/2024 18:45,9/12/2024 18:35,ARR,LCH,AA,OO7,N742SK,D,4966,E,E27B,1993
9/12/2024 21:40,9/12/2024 21:40,DEP,MCO,AA,32S,N913US,D,1009,D,D4,1994
9/12/2024 17:25,9/12/2024 17:25,DEP,TRI,AA,E7M,N284JN,D,3903,B,B4,1995
9/12/2024 17:28,9/12/2024 17:31,DEP,LIT,AA,E7M,N292NN,D,3855,B,B46,1996
9/12/2024 18:54,9/12/2024 18:59,ARR,MCO,F9,UNK,N364FR,D,4017,E,E10,1997
9/12/2024 19:25,9/12/2024 18:43,ARR,AMA,AA,E7M,N267NN,D,3388,B,B47,1998
9/12/2024 19:40,9/12/2024 19:40,ARR,SEA,AS,7M9,N932AK,D,414,E,E11,1999
9/12/2024 20:18,9/12/2024 19:55,ARR,CDG,AA,788,N872AN,I,49,D,D36,2000
9/12/2024 18:42,9/12/2024 18:42,ARR,LAX,DL,32S,N334NB,D,521,E,E14,2001
9/12/2024 15:06,9/12/2024 15:07,DEP,PHL,AA,32C,N989AU,D,1316,C,C36,2002
9/12/2024 18:48,9/12/2024 18:52,ARR,DCA,AA,38K,N901AN,D,1253,C,C36,2003
9/12/2024 15:25,9/12/2024 15:30,DEP,EUG,AA,320,N110UW,D,1687,D,D21,2004
9/12/2024 22:06,9/12/2024 21:10,ARR,ICN,AA,789,N835AN,I,280,D,D33,2005
9/12/2024 19:05,9/12/2024 19:00,ARR,RDU,AA,32C,N125AA,D,2683,D,D29,2006
9/12/2024 18:37,9/12/2024 18:47,ARR,ASE,AA,OO7,N707SK,D,4907,E,E28A,2007
9/12/2024 18:47,9/12/2024 18:44,ARR,ATL,AA,38K,N926NN,D,982,C,C6,2008
9/12/2024 16:17,9/12/2024 16:17,DEP,ATL,DL,32S,N118DY,D,961,E,E16,2009
9/12/2024 15:18,9/12/2024 15:21,DEP,MSO,AA,38R,N969NN,D,851,B,B14,2010
9/12/2024 19:04,9/12/2024 19:18,ARR,FAR,AA,E7M,N255NN,D,3490,B,B37,2011
9/12/2024 18:30,9/12/2024 19:00,ARR,CUN,AA,32C,N165NN,I,1601,D,D3,2012
9/13/2024 21:45,9/13/2024 21:45,DEP,MLU,AA,OO7,\N,D,4823,E,E30,2013
9/13/2024 21:47,9/13/2024 21:47,DEP,LAW,AA,OO7,\N,D,4917,E,E22A,2014
9/13/2024 19:20,9/13/2024 19:20,DEP,ICT,AA,OO7,\N,D,4957,B,B37,2015
9/13/2024 21:45,9/13/2024 21:45,DEP,SJT,AA,OO7,\N,D,4897,B,B30,2016
9/13/2024 20:13,9/13/2024 20:13,DEP,JAN,AA,OO7,\N,D,4935,E,E27A,2017
9/14/2024 0:02,9/14/2024 0:02,DEP,FLG,AA,OO7,\N,D,4910,E,E24B,2018
9/13/2024 21:55,9/13/2024 21:55,DEP,GRK,AA,OO7,\N,D,4825,E,E27B,2019
9/13/2024 20:39,9/13/2024 20:39,DEP,ROW,AA,OO7,\N,D,4890,E,E34,2020
9/14/2024 2:15,9/14/2024 2:15,DEP,SHV,AA,OO7,\N,D,5014,E,E29B,2021
9/13/2024 19:50,9/13/2024 19:50,DEP,FSD,AA,OO7,\N,D,5001,E,E26,2022
9/14/2024 0:25,9/14/2024 0:25,ARR,ACT,AA,OO7,\N,D,4925,E,E23A,2023
9/14/2024 2:00,9/14/2024 2:00,DEP,OKC,AA,OO7,\N,D,4946,E,E22A,2024
9/13/2024 19:44,9/13/2024 19:44,DEP,TLH,AA,CP9,\N,D,5233,B,B35,2025
9/13/2024 19:33,9/13/2024 19:33,DEP,LIT,AA,CP9,\N,D,5249,E,E35B,2026
9/13/2024 13:31,9/13/2024 13:31,DEP,ECP,AA,CP9,\N,D,5319,E,E35A,2027
9/13/2024 15:21,9/13/2024 15:21,DEP,SDF,AA,CP9,\N,D,5449,E,E35B,2028
9/13/2024 23:45,9/13/2024 23:45,DEP,TLH,AA,CP9,\N,D,5361,E,E36,2029
9/13/2024 15:25,9/13/2024 15:25,DEP,JAN,AA,CP9,\N,D,5383,E,E36,2030
9/14/2024 1:59,9/14/2024 1:59,DEP,LIT,AA,CP9,\N,D,5652,E,E36,2031
9/14/2024 0:00,9/14/2024 0:00,DEP,SBN,AA,OO7,\N,D,6305,E,E27A,2032
9/14/2024 0:11,9/14/2024 0:11,DEP,GCK,AA,OO7,\N,D,6301,E,E28,2033
9/14/2024 0:14,9/14/2024 0:14,DEP,COS,AA,OO7,\N,D,6273,E,E23B,2034
9/13/2024 19:06,9/13/2024 19:06,DEP,MLU,AA,OO7,\N,D,6241,E,E29A,2035
9/14/2024 0:12,9/14/2024 0:12,DEP,JAN,AA,OO7,\N,D,6212,E,E22A,2036
9/14/2024 2:10,9/14/2024 2:10,DEP,GPT,AA,OO7,\N,D,6210,E,E26,2037
9/14/2024 0:05,9/14/2024 0:05,DEP,ROW,AA,OO7,\N,D,6333,E,E29A,2038
9/14/2024 0:34,9/14/2024 0:34,DEP,GJT,AA,OO7,\N,D,4842,E,E30,2039
9/13/2024 23:55,9/13/2024 23:55,DEP,HSV,AA,OO7,\N,D,4833,E,E26,2040
9/14/2024 1:50,9/14/2024 1:50,DEP,HOU,AA,OO7,\N,D,4851,E,E24B,2041
9/14/2024 0:39,9/14/2024 0:39,DEP,IDA,AA,OO7,\N,D,4937,E,E22B,2042
9/13/2024 16:05,9/13/2024 16:05,DEP,OGG,AA,788,N802AN,D,119,D,D18A,2043
9/11/2024 18:24,9/11/2024 18:26,ARR,IAH,UA,CR9,N249LR,D,6326,E,E6,2044
9/11/2024 17:25,9/11/2024 17:25,DEP,ORD,UA,737,N27277,D,436,E,E9,2045
9/13/2024 1:45,9/13/2024 1:45,DEP,PDX,AA,32C,N152AA,D,2224,B,B16,2046
9/13/2024 15:00,9/13/2024 15:00,DEP,MTY,AA,A19,N813AW,I,2198,D,D34,2047
9/11/2024 23:35,9/11/2024 23:47,ARR,IAH,UA,E7W,N85352,D,6256,E,E4,2048
9/11/2024 14:47,9/11/2024 14:47,DEP,IAH,UA,E7W,N85358,D,6079,E,E5,2049
9/11/2024 15:43,9/11/2024 15:43,DEP,ORD,UA,320,N454UA,D,1634,E,E9,2050
9/13/2024 12:28,9/13/2024 12:28,ARR,CHA,AA,E7M,N280NN,D,3512,B,B2,2051
9/13/2024 23:10,9/13/2024 23:10,ARR,CVG,AA,38K,N927NN,D,1658,C,C26,2052
9/14/2024 0:25,9/14/2024 0:25,DEP,TUL,AA,38K,N927NN,D,1446,C,C26,2053
9/12/2024 22:47,9/12/2024 22:47,DEP,IAH,AA,319,N90024,D,3053,A,A19,2054
9/13/2024 17:29,9/13/2024 17:29,DEP,SEA,AA,A21,N190UW,D,1992,B,B12,2055
9/13/2024 12:08,9/13/2024 12:08,ARR,JAN,AA,OO7,N716SK,D,4839,E,E30,2056
9/14/2024 2:50,9/14/2024 2:50,ARR,ORD,AA,38K,N929AN,D,550,A,A36,2057
9/13/2024 12:15,9/13/2024 12:15,ARR,AUS,AA,38K,N829NN,D,612,A,A37,2058
9/13/2024 2:50,9/13/2024 2:50,ARR,ORD,AA,38K,N875NN,D,550,A,A35,2059
9/12/2024 11:06,9/12/2024 11:20,ARR,TUL,AA,38R,N986NN,D,882,A,A28,2060
9/13/2024 20:13,9/13/2024 20:13,ARR,AUS,AA,A19,N832AW,D,2537,C,C29,2061
9/13/2024 12:09,9/13/2024 12:09,ARR,AEX,AA,OO7,N713SK,D,6310,E,E23A,2062
9/14/2024 2:18,9/14/2024 2:18,DEP,TYR,AA,E7R,N743MB,D,3659,B,B49,2063
9/13/2024 20:24,9/13/2024 20:24,DEP,ABQ,AA,38K,N938AN,D,9,D,D31,2064
9/14/2024 2:50,9/14/2024 2:50,ARR,LGA,AA,38K,N926NN,D,2818,C,C11,2065
9/14/2024 0:49,9/14/2024 0:49,ARR,AEX,AA,E7R,N782SM,D,3904,E,E38A,2066
9/12/2024 11:43,9/12/2024 12:07,ARR,BNA,AA,38K,N907NN,D,1997,B,B5,2067
9/12/2024 11:41,9/12/2024 11:45,ARR,LRD,AA,E7M,N212NN,D,3475,B,B35,2068
9/13/2024 23:54,9/13/2024 23:54,DEP,MLI,AA,E7M,N234JW,D,4034,B,B29,2069
9/13/2024 23:30,9/13/2024 23:30,ARR,PNS,AA,38K,N847NN,D,2002,A,A20,2070
9/13/2024 15:09,9/13/2024 15:09,DEP,BJX,AA,38K,N837NN,I,1393,A,A25,2071
9/13/2024 0:05,9/13/2024 0:05,DEP,MSY,AA,A21,N509AY,D,1584,C,C24,2072
9/13/2024 15:30,9/13/2024 15:30,DEP,PDX,AA,A21,N509AY,D,2496,C,C10,2073
9/12/2024 0:06,9/11/2024 23:55,DEP,SNA,AA,32E,N401AN,D,348,A,A16,2074
9/14/2024 0:24,9/14/2024 0:24,ARR,PDX,AA,A21,N509AY,D,2496,C,C4,2075
9/13/2024 13:14,9/13/2024 13:14,ARR,GJT,AA,OO7,N762SK,D,4835,E,E22B,2076
9/14/2024 2:09,9/14/2024 2:09,DEP,ICT,AA,E7M,N206NN,D,3469,B,B44,2077
9/13/2024 14:10,9/13/2024 14:10,ARR,SBN,AA,OO7,N746SK,D,6335,E,E27B,2078
9/13/2024 14:10,9/13/2024 14:10,ARR,DRO,AA,OO7,N761ND,D,6302,E,E23B,2079
9/13/2024 23:55,9/13/2024 23:55,DEP,EWR,AA,38R,N993NN,D,726,A,A18,2080
9/12/2024 12:08,9/12/2024 12:24,ARR,FSM,AA,E7M,N281NN,D,3471,B,B34,2081
9/12/2024 12:12,9/12/2024 12:15,ARR,AUS,AA,38K,N973AN,D,612,C,C35,2082
9/12/2024 12:16,9/12/2024 12:23,ARR,BRO,AA,E7M,N329DD,D,3761,B,B46,2083
9/12/2024 16:01,9/12/2024 16:07,ARR,MIA,F9,\N,N636FR,D,2675,E,E7,2084
9/14/2024 0:16,9/14/2024 0:16,DEP,FWA,AA,E7M,N273NN,D,3978,B,B40,2085
9/12/2024 12:24,9/12/2024 12:20,ARR,AMA,AA,E7M,N261NN,D,3842,B,B22,2086
9/12/2024 12:21,9/12/2024 12:28,ARR,CRP,AA,E7M,N280NN,D,3885,B,B19,2087
9/13/2024 12:30,9/13/2024 12:30,DEP,LGA,DL,220,N133DU,D,551,E,E17,2088
9/13/2024 20:44,9/13/2024 21:02,ARR,LGA,DL,220,N132DU,D,869,E,E13,2089
9/13/2024 20:49,9/13/2024 20:49,ARR,ICT,AA,E7M,N308LD,D,3551,B,B27,2090
9/13/2024 23:10,9/13/2024 23:10,ARR,MHK,AA,E7M,N329DD,D,3396,B,B24,2091
9/13/2024 23:55,9/13/2024 23:55,DEP,BOS,AA,32C,N147AA,D,1366,C,C4,2092
9/13/2024 21:46,9/13/2024 21:46,DEP,CMH,AA,E7M,N308LD,D,3995,B,B27,2093
9/13/2024 12:15,9/13/2024 12:15,DEP,MSY,AA,32S,N655AW,D,2157,D,D3,2094
9/13/2024 18:44,9/13/2024 18:44,ARR,XNA,AA,E7M,N312BT,D,3584,B,B28,2095
9/13/2024 19:31,9/13/2024 19:31,DEP,IAH,AA,E7M,N312BT,D,3947,B,B28,2096
9/13/2024 17:23,9/13/2024 17:23,ARR,AUS,AA,E7M,N208AN,D,3685,B,B24,2097
9/12/2024 12:46,9/12/2024 13:07,ARR,BNA,AA,38R,N358PW,D,2787,D,D38,2098
9/12/2024 12:57,9/12/2024 13:00,DEP,SFO,F9,UNK,N372FR,D,3999,D,D10,2099
9/14/2024 0:44,9/14/2024 0:44,ARR,MAF,AA,E7M,N265NN,D,3573,B,B25,2100
9/13/2024 22:46,9/13/2024 22:46,DEP,SGF,AA,E7M,N303DD,D,3671,B,B32,2101
9/12/2024 12:31,9/12/2024 12:39,ARR,MFE,AA,38K,N970AN,D,335,A,A39,2102
9/12/2024 12:30,9/12/2024 12:20,ARR,TUL,AA,A21,N184US,D,1090,D,D20,2103
9/12/2024 12:33,9/12/2024 12:24,ARR,ATL,AA,A19,N828AW,D,2770,A,A38,2104
9/12/2024 12:35,9/12/2024 12:44,ARR,ABQ,AA,E7M,N284JN,D,3535,B,B30,2105
9/14/2024 2:05,9/14/2024 2:05,DEP,HRL,AA,E7M,N335JS,D,3823,B,B27,2106
9/13/2024 18:45,9/13/2024 18:45,ARR,DEN,AA,A21,N915US,D,2357,C,C16,2107
9/13/2024 13:26,9/13/2024 13:26,DEP,DEN,AA,A21,N915US,D,2357,D,D33,2108
9/12/2024 12:28,9/12/2024 12:28,ARR,LIT,AA,19W,N721UW,D,1762,C,C20,2109
9/13/2024 23:55,9/13/2024 23:55,DEP,YYC,AA,38K,N829NN,I,2520,B,B9,2110
9/13/2024 2:44,9/13/2024 2:44,ARR,RIC,AA,38K,N992AN,D,2067,A,A17,2111
9/13/2024 0:29,9/13/2024 0:29,DEP,BOI,AA,A21,N190UW,D,329,A,A9,2112
9/14/2024 0:54,9/14/2024 0:54,ARR,SAT,AA,32C,N934AA,D,2068,C,C36,2113
9/12/2024 13:17,9/12/2024 12:49,ARR,SGF,AA,E7M,N234JW,D,3719,B,B21,2114
9/13/2024 13:30,9/13/2024 13:30,DEP,MFE,AA,737,N926AN,D,1799,D,D2,2115
9/14/2024 0:13,9/14/2024 0:13,ARR,SFO,AA,32C,N125AA,D,2387,B,B18,2116
9/13/2024 15:05,9/13/2024 15:05,DEP,SBA,AA,319,N93003,D,2083,B,B12,2117
9/13/2024 20:57,9/13/2024 20:57,DEP,LAS,AA,32C,N155NN,D,777,D,D27,2118
9/13/2024 22:39,9/13/2024 22:39,ARR,HSV,AA,OO7,\N,D,4824,E,E27A,2119
9/13/2024 21:35,9/13/2024 21:35,DEP,LAX,AA,A21,N154UW,D,1669,C,C10,2120
9/13/2024 4:14,9/13/2024 4:27,ARR,LAX,DL,319,N339NB,D,420,E,E17,2121
9/13/2024 11:15,9/13/2024 11:15,ARR,GRK,AA,E7M,N261NN,D,3919,B,B24,2122
9/13/2024 13:26,9/13/2024 13:26,ARR,SAT,AA,32S,N4032T,D,1333,D,D4,2123
9/13/2024 12:20,9/13/2024 12:20,ARR,SDF,AA,E7M,N200NN,D,3424,B,B30,2124
9/13/2024 23:30,9/13/2024 23:30,DEP,LAX,AA,32C,N157AA,D,2318,D,D38,2125
9/14/2024 3:28,9/14/2024 3:28,ARR,CLT,AA,32C,N998AN,D,1089,A,A25,2126
9/12/2024 13:58,9/12/2024 14:10,ARR,DRO,AA,OO7,N748SK,D,6302,E,E24A,2127
9/12/2024 13:47,9/12/2024 13:57,ARR,ELP,AA,38K,N826NN,D,537,B,B16,2128
9/11/2024 18:00,9/11/2024 18:03,DEP,PIA,AA,CP9,N564NN,D,5550,B,B30,2129
9/12/2024 21:05,9/12/2024 21:05,DEP,GSP,AA,E7M,N274NN,D,3442,B,B2,2130
9/13/2024 22:35,9/13/2024 22:35,ARR,SBA,AA,32S,N8027D,D,2083,D,D3,2131
9/13/2024 15:10,9/13/2024 15:10,DEP,OAX,AA,320,N126UW,I,2187,C,C31,2132
9/13/2024 13:40,9/13/2024 13:40,ARR,QRO,AA,737,N901AN,I,883,D,D17,2133
9/13/2024 13:16,9/13/2024 13:16,DEP,PNS,AA,CP9,N560NN,D,5456,E,E36,2134
9/13/2024 13:22,9/13/2024 13:22,DEP,LFT,AA,OO7,N710SK,D,4885,E,E22A,2135
9/13/2024 13:19,9/13/2024 13:19,DEP,SHV,AA,OO7,N707SK,D,4930,E,E27B,2136
9/13/2024 13:18,9/13/2024 13:18,DEP,DAY,AA,OO7,N726SK,D,4918,E,E30,2137
9/13/2024 13:31,9/13/2024 13:31,DEP,EVV,AA,OO7,N716SK,D,4914,E,E28,2138
9/13/2024 13:20,9/13/2024 13:20,DEP,GPT,AA,OO7,N774SK,D,4921,E,E24A,2139
9/13/2024 13:30,9/13/2024 13:30,DEP,BHM,AA,OO7,N713SK,D,5002,E,E23A,2140
9/13/2024 13:28,9/13/2024 13:28,DEP,LAW,AA,OO7,N614QX,D,6363,E,E23B,2141
9/13/2024 12:01,9/13/2024 12:01,ARR,SPS,AA,OO7,N608SK,D,6380,B,B29,2142
9/13/2024 20:51,9/13/2024 20:51,ARR,MAF,AA,E7M,N274NN,D,3571,B,B31,2143
9/14/2024 0:59,9/14/2024 0:59,ARR,XNA,AA,E7M,N274NN,D,3597,B,B24,2144
9/14/2024 2:20,9/14/2024 2:20,DEP,MAF,AA,E7M,N274NN,D,3492,B,B24,2145
9/13/2024 13:20,9/13/2024 13:20,DEP,DRO,AA,OO7,N718SK,D,4934,B,B37,2146
9/13/2024 13:20,9/13/2024 13:20,DEP,SAF,AA,OO7,N608SK,D,4931,B,B29,2147
9/13/2024 13:18,9/13/2024 13:18,DEP,FWA,AA,OO7,N614SK,D,6186,E,E29B,2148
9/13/2024 0:52,9/13/2024 0:52,DEP,SAT,AA,A05,N662AW,D,1947,C,C8,2149
9/13/2024 13:44,9/13/2024 13:44,ARR,MLI,AA,E7M,N212NN,D,3879,B,B40,2150
9/12/2024 14:28,9/12/2024 13:50,ARR,EVV,AA,OO7,N713SK,D,4912,E,E23A,2151
9/13/2024 1:43,9/13/2024 1:43,DEP,SEA,AA,A21,N576UW,D,2344,C,C22,2152
9/13/2024 15:05,9/13/2024 15:05,DEP,MBJ,AA,737,N901AN,I,2397,D,D17,2153
9/13/2024 15:05,9/13/2024 15:05,DEP,YUL,AC,223,\N,I,1070,E,E2,2154
9/12/2024 13:07,9/12/2024 13:13,DEP,CRP,AA,E7M,N243NN,D,3774,B,B36,2155
9/12/2024 13:19,9/12/2024 13:18,DEP,SAT,AA,38K,N907NN,D,2077,B,B5,2156
9/12/2024 14:30,9/12/2024 14:18,ARR,CRP,AA,E7M,N250NN,D,3718,B,B29,2157
9/12/2024 12:15,9/12/2024 12:15,DEP,ATL,F9,UNK,N718FR,D,3022,D,D7,2158
9/12/2024 14:15,9/12/2024 14:14,ARR,COU,AA,E7R,N742GR,D,3525,E,E37B,2159
9/13/2024 0:45,9/13/2024 0:45,DEP,PSP,AA,32C,N156AN,D,2709,C,C6,2160
9/12/2024 14:30,9/12/2024 14:10,ARR,SBN,AA,OO7,N726SK,D,6335,E,E27B,2161
9/12/2024 14:30,9/12/2024 14:07,ARR,PNS,AA,38K,N937AN,D,2680,C,C37,2162
9/12/2024 13:25,9/12/2024 13:31,DEP,CLL,AA,E7Q,N764JD,D,3953,B,B24,2163
9/12/2024 12:00,9/12/2024 12:00,DEP,RDU,F9,UNK,N337FR,D,3330,E,E20,2164
9/12/2024 23:44,9/12/2024 23:44,DEP,BDL,AA,A21,N973UY,D,1425,D,D34,2165
9/13/2024 23:06,9/13/2024 23:06,ARR,PHL,AA,A21,N973UY,D,593,A,A28,2166
9/13/2024 15:07,9/13/2024 15:07,DEP,PHL,AA,A21,N973UY,D,1316,A,A17,2167
9/13/2024 13:55,9/13/2024 13:55,ARR,BDL,AA,A21,N973UY,D,1077,A,A17,2168
9/13/2024 12:05,9/13/2024 12:05,DEP,MCO,AA,A21,N195UW,D,1709,A,A11,2169
9/13/2024 14:39,9/13/2024 14:43,ARR,MSP,DL,32S,N321NB,D,2972,E,E12,2170
9/13/2024 20:55,9/13/2024 20:55,ARR,BTR,AA,E7M,N318JE,D,3925,B,B32,2171
9/13/2024 17:19,9/13/2024 17:19,DEP,BTR,AA,E7M,N318JE,D,3925,B,B29,2172
9/12/2024 21:35,9/12/2024 21:35,DEP,TUL,AA,38R,N306NY,D,2360,C,C19,2173
9/12/2024 12:00,9/12/2024 12:00,DEP,CLT,AA,32E,N469AN,D,1120,A,A19,2174
9/13/2024 15:33,9/13/2024 15:33,DEP,ONT,AA,32C,N121AN,D,948,D,D3,2175
9/13/2024 14:00,9/13/2024 14:00,DEP,MGM,AA,OO7,N727SK,D,4889,E,E22B,2176
9/13/2024 13:13,9/13/2024 13:13,DEP,ABI,AA,E7M,N260NN,D,4039,B,B33,2177
9/13/2024 14:05,9/13/2024 14:05,DEP,ACT,AA,OO7,N762SK,D,6193,E,E25A,2178
9/13/2024 16:00,9/13/2024 16:00,DEP,AUS,AA,E7M,N267NN,D,4085,B,B44,2179
9/13/2024 21:45,9/13/2024 21:45,DEP,PDX,AA,32C,N158AN,D,2433,A,A23,2180
9/13/2024 17:25,9/13/2024 17:25,ARR,SAL,AV,320,\N,I,440,D,D14,2181
9/13/2024 16:00,9/13/2024 16:00,DEP,CID,AA,319,N756US,D,1905,D,D2,2182
9/13/2024 23:09,9/13/2024 23:09,ARR,LBB,AA,E7M,N267NN,D,3738,B,B25,2183
9/14/2024 0:15,9/14/2024 0:15,DEP,BIS,AA,E7M,N267NN,D,4168,B,B25,2184
9/14/2024 0:10,9/14/2024 0:10,DEP,PDX,AA,32C,N159AN,D,2325,C,C2,2185
9/12/2024 23:30,9/12/2024 23:30,DEP,SAT,AA,38K,N931AN,D,2438,C,C31,2186
9/14/2024 0:32,9/14/2024 0:32,ARR,BZN,AA,E7M,N280NN,D,3862,B,B27,2187
9/13/2024 23:05,9/13/2024 23:10,ARR,LGA,DL,220,N325DU,D,846,E,E13,2188
9/12/2024 15:09,9/12/2024 15:22,ARR,MCO,AA,32C,N156AN,D,599,C,C6,2189
9/13/2024 12:05,9/13/2024 12:05,DEP,BOS,DL,220,N317DU,D,536,E,E14,2190
9/12/2024 12:18,9/12/2024 12:20,ARR,MCO,AA,32C,N135NN,D,1317,A,A33,2191
9/14/2024 0:39,9/14/2024 0:39,DEP,LIT,AA,E7M,N329DD,D,4079,B,B24,2192
9/13/2024 19:22,9/13/2024 19:28,ARR,DTW,DL,32S,N368NW,D,1041,E,E12,2193
9/12/2024 15:42,9/12/2024 16:00,ARR,PSP,AA,32C,N907AA,D,2425,C,C17,2194
9/12/2024 21:41,9/12/2024 21:41,DEP,SDF,AA,E7M,N209NN,D,4019,B,B37,2195
9/12/2024 15:44,9/12/2024 16:01,ARR,SLC,AA,32C,N159AN,D,1214,B,B11,2196
9/14/2024 1:00,9/14/2024 1:00,ARR,HRL,AA,E7M,N285NN,D,3816,B,B43,2197
9/13/2024 21:20,9/13/2024 21:20,DEP,HRL,AA,E7M,N285NN,D,3816,B,B1,2198
9/12/2024 14:58,9/12/2024 15:00,DEP,PVG,AA,788,N878BG,I,127,D,D27,2199
9/13/2024 2:49,9/13/2024 2:49,ARR,PHX,AA,A21,N197UW,D,1173,B,B12,2200
9/12/2024 16:06,9/12/2024 15:45,ARR,CVN,KG,E145,N973DC,D,5407,D,D12,2201
9/12/2024 16:04,9/12/2024 16:23,ARR,TUS,AA,E7M,N220NN,D,3683,B,B28,2202
9/12/2024 16:06,9/12/2024 12:08,ARR,MOB,AA,E7M,N322RC,D,4030,B,B38,2203
9/13/2024 20:25,9/13/2024 20:25,DEP,MSP,DL,32S,N332NB,D,2239,E,E14,2204
9/14/2024 1:54,9/14/2024 1:54,DEP,TUS,AA,E7M,N232NN,D,3695,B,B38,2205
9/13/2024 19:08,9/13/2024 19:08,ARR,AUS,AA,E7M,N267NN,D,4085,B,B21,2206
9/13/2024 20:21,9/13/2024 20:21,ARR,SFO,AA,A05,N664AW,D,2116,D,D38,2207
9/13/2024 12:05,9/13/2024 12:05,DEP,SFO,AA,A05,N664AW,D,2379,B,B11,2208
9/13/2024 2:43,9/13/2024 2:43,ARR,CID,AA,319,N9002U,D,2061,D,D22,2209
9/14/2024 0:34,9/14/2024 0:34,ARR,SHV,AA,E7M,N220NN,D,4002,B,B32,2210
9/14/2024 2:07,9/14/2024 2:07,DEP,HSV,AA,E7M,N312BT,D,3374,B,B3,2211
9/13/2024 19:54,9/13/2024 19:54,ARR,LAS,AA,A21,N579UW,D,2634,C,C20,2212
9/13/2024 13:58,9/13/2024 13:58,ARR,MCO,AA,A21,N925UY,D,2677,B,B11,2213
9/12/2024 23:30,9/12/2024 23:30,DEP,MCO,AA,A21,N925UY,D,3007,A,A11,2214
9/14/2024 0:49,9/14/2024 0:49,ARR,SJU,AA,A21,N913US,I,1591,C,C14,2215
9/14/2024 0:39,9/14/2024 0:39,ARR,LBB,AA,E7M,N253NN,D,3489,B,B46,2216
9/13/2024 21:42,9/13/2024 21:42,DEP,LBB,AA,E7M,N253NN,D,3489,B,B42,2217
9/13/2024 22:20,9/13/2024 22:20,DEP,ECP,AA,E7M,N313BS,D,3628,B,B44,2218
9/13/2024 22:48,9/13/2024 22:48,ARR,MIA,AA,A21,N185UW,D,1649,C,C8,2219
9/12/2024 21:56,9/12/2024 21:56,DEP,LAS,AA,A21,N579UW,D,604,C,C24,2220
9/14/2024 0:34,9/14/2024 0:34,ARR,LAS,AA,A21,N912UY,D,1599,D,D17,2221
9/14/2024 1:57,9/14/2024 1:57,DEP,LAS,AA,32C,N906AA,D,1797,C,C22,2222
9/14/2024 0:47,9/14/2024 0:47,ARR,CLT,AA,32C,N906AA,D,1079,C,C22,2223
9/13/2024 22:48,9/13/2024 22:48,ARR,LAS,AA,32C,N147AA,D,1584,C,C4,2224
9/14/2024 2:05,9/14/2024 2:05,DEP,LBB,AA,E7M,N253NN,D,4042,B,B46,2225
9/12/2024 15:12,9/12/2024 15:05,DEP,OKC,AA,E7M,N218NN,D,3896,B,B37,2226
9/13/2024 14:07,9/13/2024 14:07,ARR,JAX,AA,38K,N928NN,D,375,C,C39,2227
9/12/2024 22:12,9/12/2024 22:16,ARR,ECP,AA,E7M,N231AN,D,3625,B,B19,2228
9/13/2024 0:59,9/13/2024 0:59,ARR,IAH,UA,E7W,N87318,D,6074,E,E4,2229
9/13/2024 18:35,9/13/2024 18:35,ARR,MGM,AA,OO7,N727SK,D,4889,E,E29A,2230
9/13/2024 18:35,9/13/2024 18:35,ARR,EVV,AA,OO7,N716SK,D,4914,E,E26,2231
9/13/2024 1:48,9/13/2024 1:48,ARR,BNA,AA,A21,N181UW,D,2674,C,C35,2232
9/12/2024 21:21,9/12/2024 21:21,DEP,ATL,AA,32E,N457AM,D,2403,C,C31,2233
9/13/2024 4:56,9/13/2024 4:56,ARR,SEA,AA,32C,N165NN,D,2101,A,A22,2234
9/14/2024 1:00,9/14/2024 1:00,ARR,PHX,AA,A21,N585UW,D,679,D,D31,2235
9/14/2024 2:22,9/14/2024 2:22,DEP,TUL,AA,A21,N585UW,D,2106,D,D31,2236
9/13/2024 12:22,9/13/2024 12:22,ARR,MAF,AA,E7M,N307LH,D,4028,B,B31,2237
9/13/2024 0:10,9/13/2024 0:10,DEP,PDX,AA,32C,N134AN,D,2325,B,B16,2238
9/14/2024 1:43,9/14/2024 1:43,DEP,SDF,AA,E7M,N230NN,D,3393,B,B39,2239
9/12/2024 9:44,9/12/2024 10:05,ARR,LAX,NK,32N,N905NK,D,3710,D,D15,2240
9/12/2024 22:40,9/12/2024 22:40,DEP,SAT,AA,19W,N716UW,D,3035,D,D3,2241
9/13/2024 1:49,9/13/2024 1:49,DEP,SMF,AA,32C,N133AN,D,2700,C,C38,2242
9/14/2024 1:53,9/14/2024 1:53,DEP,MFE,AA,32C,N130AN,D,2657,A,A19,2243
9/13/2024 18:00,9/13/2024 18:00,ARR,SAF,AA,OO7,N608SK,D,4931,E,E25A,2244
9/13/2024 17:39,9/13/2024 17:39,ARR,SGF,AA,CS7,N752SK,D,4952,E,E22B,2245
9/13/2024 19:02,9/13/2024 19:02,ARR,DAY,AA,OO7,N726SK,D,4918,E,E24B,2246
9/13/2024 18:34,9/13/2024 18:34,ARR,DRO,AA,OO7,N718SK,D,4934,E,E28,2247
9/13/2024 18:21,9/13/2024 18:21,ARR,BHM,AA,OO7,N713SK,D,5002,E,E34,2248
9/13/2024 19:00,9/13/2024 19:00,ARR,FWA,AA,OO7,N614SK,D,6186,B,B30,2249
9/13/2024 2:03,9/13/2024 2:03,DEP,MGM,AA,E7M,N252NN,D,3403,B,B35,2250
9/13/2024 0:17,9/13/2024 0:17,ARR,MCI,AA,38K,N926AN,D,1376,C,C35,2251
9/12/2024 14:04,9/12/2024 13:10,DEP,CLT,AA,A21,N974UY,D,1303,D,D25,2252
9/12/2024 17:08,9/12/2024 16:53,ARR,BNA,AA,38K,N923AN,D,1103,C,C7,2253
9/12/2024 16:16,9/12/2024 16:19,DEP,GRK,AA,E7M,N279MQ,D,3866,B,B19,2254
9/12/2024 22:09,9/12/2024 22:09,DEP,JAX,AA,38K,N928NN,D,2449,A,A28,2255
9/13/2024 0:15,9/13/2024 0:15,DEP,GSO,AA,38K,N896NN,D,2075,C,C36,2256
9/13/2024 18:19,9/13/2024 18:19,ARR,FAT,AA,38K,N945AN,D,841,C,C20,2257
9/14/2024 0:59,9/14/2024 0:59,ARR,ATL,AA,A21,N181UW,D,1051,C,C20,2258
9/13/2024 19:33,9/13/2024 19:33,DEP,ATL,AA,A21,N181UW,D,1051,C,C2,2259
9/13/2024 17:48,9/13/2024 17:48,ARR,LAS,AA,A21,N181UW,D,1908,C,C2,2260
9/13/2024 12:24,9/13/2024 12:24,ARR,ATL,AA,38K,N924NN,D,2770,B,B7,2261
9/12/2024 17:12,9/12/2024 17:12,DEP,LAX,F9,\N,N636FR,D,3211,E,\N,2262
9/14/2024 1:50,9/14/2024 1:50,DEP,AMA,AA,E7M,N211NN,D,3837,B,B48,2263
9/12/2024 17:29,9/12/2024 17:13,ARR,BUR,AA,38R,N983NN,D,2599,C,C2,2264
9/13/2024 13:50,9/13/2024 13:50,ARR,EVV,AA,OO7,N719SK,D,4912,E,E23A,2265
9/13/2024 13:54,9/13/2024 13:54,ARR,ROW,AA,OO7,N724SK,D,6331,E,E27B,2266
9/13/2024 13:55,9/13/2024 13:55,ARR,GRI,AA,OO7,N717EV,D,6312,E,E30,2267
9/12/2024 17:19,9/12/2024 17:14,DEP,GDL,Y4,32Q,XAVLH,I,1801,D,D6,2268
9/12/2024 15:50,9/12/2024 16:00,DEP,ROW,AA,OO7,N750EV,D,4922,E,E27A,2269
9/13/2024 17:53,9/13/2024 17:53,DEP,SEA,AS,737,N487AS,D,909,E,E11,2270
9/13/2024 16:53,9/13/2024 16:53,ARR,SEA,AS,737,N487AS,D,908,E,E11,2271
9/13/2024 2:00,9/13/2024 2:00,DEP,FAT,AA,38K,N861NN,D,2288,C,C20,2272
9/13/2024 23:44,9/13/2024 23:44,DEP,OKC,AA,319,N9026C,D,2734,C,C16,2273
9/13/2024 17:18,9/13/2024 17:18,ARR,BTR,AA,CP9,N612NN,D,5087,E,E35B,2274
9/13/2024 11:29,9/13/2024 11:29,ARR,LIT,AA,CP9,N564NN,D,5076,B,B27,2275
9/13/2024 12:10,9/13/2024 12:10,ARR,BTR,AA,CP9,N612NN,D,5342,E,E35B,2276
9/13/2024 17:19,9/13/2024 17:19,DEP,GNV,AA,CP9,N564NN,D,5377,E,E36,2277
9/13/2024 16:29,9/13/2024 16:29,ARR,SGF,AA,CP9,N564NN,D,5559,E,E36,2278
9/13/2024 12:40,9/13/2024 12:40,DEP,SGF,AA,CP9,N564NN,D,5559,B,B27,2279
9/13/2024 2:50,9/13/2024 2:50,ARR,ICT,AA,E7Q,N764JD,D,3749,B,B21,2280
9/13/2024 13:12,9/13/2024 13:12,DEP,BTR,AA,CP9,N612NN,D,5087,E,E35B,2281
9/12/2024 22:44,9/12/2024 22:44,ARR,SHV,AA,E7M,N277NN,D,4001,B,B21,2282
9/13/2024 13:18,9/13/2024 13:18,DEP,HOU,AA,OO7,N612QX,D,6261,E,E27A,2283
9/13/2024 2:34,9/13/2024 2:34,ARR,MFE,AA,E7M,N220NN,D,3392,B,B29,2284
9/13/2024 12:26,9/13/2024 12:26,ARR,TLH,AA,CP9,\N,D,5325,B,B25,2285
9/13/2024 11:05,9/13/2024 11:05,ARR,ACT,AA,OO7,N612QX,D,6252,E,E27A,2286
9/13/2024 1:40,9/13/2024 1:40,DEP,ABI,AA,E7R,N774JG,D,3611,E,E37B,2287
9/13/2024 0:45,9/13/2024 0:45,ARR,AUS,AA,32S,N5007E,D,773,D,D3,2288
9/13/2024 19:45,9/13/2024 19:45,DEP,DEN,AA,A21,N508AY,D,631,B,B11,2289
9/12/2024 23:09,9/12/2024 23:09,ARR,STL,AA,737,N972AN,D,1363,D,D3,2290
9/13/2024 12:20,9/13/2024 12:20,DEP,SAN,AA,32Q,N405AN,D,2991,D,D3,2291
9/13/2024 13:20,9/13/2024 13:20,DEP,SJT,AA,E7R,N786SM,D,3898,B,B48,2292
9/12/2024 17:44,9/12/2024 18:00,ARR,SAF,AA,OO7,N772SK,D,4931,E,E29B,2293
9/13/2024 21:24,9/13/2024 21:24,ARR,LAS,AA,32E,N404AN,D,1853,C,C4,2294
9/13/2024 15:43,9/13/2024 15:43,DEP,ORD,UA,32S,N431UA,D,1634,E,E9,2295
9/12/2024 10:30,9/12/2024 10:53,ARR,LAS,F9,UNK,N332FR,D,1650,E,E10,2296
9/12/2024 10:50,9/12/2024 11:10,ARR,ABI,AA,E7M,N273NN,D,3726,B,B4,2297
9/13/2024 1:50,9/13/2024 1:50,DEP,HOU,AA,OO7,N750EV,D,4851,E,E26,2298
9/14/2024 0:43,9/14/2024 0:43,ARR,EWR,AA,A21,N923US,D,813,A,A22,2299
9/13/2024 1:00,9/13/2024 1:00,ARR,IAH,AA,320,N126UW,D,1416,C,C31,2300
9/13/2024 2:06,9/13/2024 2:06,DEP,MKE,AA,320,N110UW,D,1234,A,A8,2301
9/12/2024 15:10,9/12/2024 15:19,ARR,AUS,AA,38K,N835NN,D,845,B,B17,2302
9/11/2024 18:06,9/11/2024 18:22,ARR,ORD,UA,737,N24224,D,1202,E,E9,2303
9/11/2024 11:00,9/11/2024 11:00,DEP,DEN,UA,319,N807UA,D,1005,E,E8,2304
9/11/2024 12:00,9/11/2024 12:00,DEP,ORD,UA,319,N840UA,D,380,E,E9,2305
9/13/2024 0:38,9/13/2024 0:38,ARR,JAX,AA,38K,N837NN,D,2465,A,A36,2306
9/12/2024 10:03,9/12/2024 10:32,ARR,SFO,AA,A21,N521UW,D,2111,A,A18,2307
9/12/2024 12:00,9/12/2024 12:00,DEP,ORD,UA,319,N816UA,D,380,E,E8,2308
9/13/2024 2:16,9/13/2024 2:16,DEP,SWO,AA,OO7,N774SK,D,4961,E,E28A,2309
9/13/2024 2:10,9/13/2024 2:10,DEP,LCH,AA,OO7,N614SK,D,6316,E,E24B,2310
9/13/2024 2:57,9/13/2024 2:57,DEP,AEX,AA,OO7,N713SK,D,6306,E,E26,2311
9/13/2024 16:39,9/13/2024 16:39,DEP,SJC,AA,38K,N912NN,D,2834,B,B9,2312
9/13/2024 17:06,9/13/2024 17:06,DEP,ATL,NK,32B,\N,D,825,E,E33,2313
9/13/2024 0:17,9/13/2024 0:17,DEP,MSP,AA,737,N972AN,D,1578,D,D3,2314
9/12/2024 23:38,9/12/2024 23:38,DEP,DEN,UA,32S,N812UA,D,2330,E,E9,2315
9/12/2024 17:45,9/12/2024 17:59,ARR,MFE,AA,38K,N869NN,D,1793,A,A17,2316
9/12/2024 17:51,9/12/2024 17:47,ARR,ABQ,AA,38K,N967AN,D,928,A,A39,2317
9/12/2024 17:15,9/12/2024 17:20,DEP,HND,AA,788,N819AN,I,175,D,D36,2318
9/14/2024 1:50,9/14/2024 2:02,ARR,BOS,DL,220,N315DU,D,835,E,E12,2319
9/12/2024 17:54,9/12/2024 17:41,ARR,OKC,AA,E7M,N218NN,D,3896,B,B30,2320
9/13/2024 12:39,9/13/2024 12:39,DEP,MIA,NK,32A,\N,D,1860,E,E31,2321
9/13/2024 18:49,9/13/2024 18:49,ARR,LIT,AA,OO7,N719SK,D,4822,B,B37,2322
9/13/2024 18:35,9/13/2024 18:35,ARR,LCH,AA,OO7,N746SK,D,4966,E,E22A,2323
9/13/2024 17:38,9/13/2024 17:38,DEP,SPS,AA,OO7,N707SK,D,4913,E,E24A,2324
9/13/2024 17:41,9/13/2024 17:41,DEP,COS,AA,OO7,N732SK,D,4923,E,E27A,2325
9/13/2024 17:38,9/13/2024 17:38,DEP,SWO,AA,OO7,N742SK,D,4953,E,E23A,2326
9/13/2024 17:29,9/13/2024 17:29,DEP,BPT,AA,OO7,N614QX,D,4999,E,E23B,2327
9/13/2024 17:29,9/13/2024 17:29,DEP,SBN,AA,OO7,N750EV,D,6239,E,E27A,2328
9/13/2024 17:34,9/13/2024 17:34,DEP,GGG,AA,OO7,N762SK,D,6267,E,E29A,2329
9/13/2024 11:51,9/13/2024 11:51,ARR,TYS,AA,32C,N130AN,D,1049,D,D17,2330
9/13/2024 19:55,9/13/2024 19:55,ARR,HSV,AA,OO7,N631SK,D,4955,E,E34,2331
9/13/2024 3:41,9/13/2024 3:41,ARR,ORD,UA,737,N24729,D,2621,E,E7,2332
9/12/2024 15:19,9/12/2024 15:15,DEP,ATL,AA,737,N944AN,D,980,D,D37,2333
9/12/2024 16:28,9/12/2024 16:27,DEP,MSY,AA,38R,N306NY,D,1848,A,A28,2334
9/12/2024 16:00,9/12/2024 16:01,DEP,CHA,AA,E7M,N258NN,D,4139,B,B25,2335
9/12/2024 18:11,9/12/2024 18:13,ARR,PNS,AA,CP9,N576NN,D,5456,E,E35B,2336
9/12/2024 18:12,9/12/2024 18:19,ARR,MSP,AA,38K,N861NN,D,2593,A,A35,2337
9/12/2024 20:23,9/12/2024 20:23,DEP,LFT,AA,CP9,N553NN,D,5530,E,E35A,2338
9/14/2024 2:05,9/14/2024 2:05,DEP,MHK,AA,E7M,N218NN,D,3697,B,B33,2339
9/12/2024 22:42,9/12/2024 22:44,ARR,SAN,AA,32E,N445AA,D,772,A,A8,2340
9/12/2024 19:40,9/12/2024 20:05,ARR,HEL,AY,A359,OHLWG,I,19,D,D15,2341
9/14/2024 0:01,9/14/2024 0:01,DEP,HOU,AA,E7M,N240NN,D,3465,B,B38,2342
9/13/2024 23:37,9/13/2024 23:37,DEP,MSP,AA,38R,N986NN,D,2806,A,A24,2343
9/13/2024 0:05,9/12/2024 23:45,ARR,TPA,AA,A21,N545UW,D,2324,C,C17,2344
9/12/2024 17:27,9/12/2024 17:28,DEP,OKC,AA,38M,N355TW,D,868,C,C12,2345
9/12/2024 22:07,9/12/2024 22:07,DEP,BOS,AA,A21,N572UW,D,2323,C,C17,2346
9/13/2024 2:43,9/13/2024 2:43,ARR,MKE,NK,32B,\N,D,3722,E,E31,2347
9/13/2024 16:30,9/13/2024 16:30,ARR,BOS,AA,A21,N572UW,D,2600,D,D31,2348
9/13/2024 1:52,9/13/2024 1:52,ARR,DEN,UA,32S,N467UA,D,1565,E,E5,2349
9/13/2024 1:50,9/13/2024 1:50,DEP,DSM,AA,32S,N5007E,D,1371,D,D3,2350
9/12/2024 18:25,9/12/2024 18:28,ARR,EGE,AA,319,N9023N,D,1341,A,A20,2351
9/13/2024 15:14,9/13/2024 15:14,ARR,EWR,UA,737,N23707,D,1686,E,E6,2352
9/13/2024 16:35,9/13/2024 16:35,DEP,EWR,UA,737,N23707,D,560,E,E6,2353
9/12/2024 18:28,9/12/2024 18:51,ARR,CHA,AA,CP9,N610NN,D,5127,E,E34A,2354
9/12/2024 15:55,9/12/2024 16:00,DEP,MSP,AA,38K,N908AN,D,2147,C,C11,2355
9/13/2024 12:42,9/13/2024 12:42,ARR,IAH,NK,32B,\N,D,3716,E,E32,2356
9/13/2024 13:00,9/13/2024 13:00,DEP,BWI,NK,32A,\N,D,1936,E,E33,2357
9/12/2024 21:35,9/12/2024 21:35,DEP,IAH,AA,32S,N126UW,D,1416,D,D2,2358
9/12/2024 19:10,9/12/2024 19:15,DEP,AUS,AA,A21,N925UY,D,2580,B,B18,2359
9/13/2024 0:24,9/13/2024 0:24,DEP,FLG,AA,OO7,N611SK,D,4910,E,E27B,2360
9/12/2024 20:25,9/12/2024 20:25,DEP,LGA,DL,220,N102DU,D,856,E,E16,2361
9/13/2024 16:39,9/13/2024 16:39,ARR,DCA,AA,38K,N883NN,D,796,D,D18,2362
9/12/2024 22:28,9/12/2024 22:50,ARR,SEA,AA,32E,N424AN,D,2105,B,B11,2363
9/13/2024 2:23,9/13/2024 2:23,ARR,SGF,AA,E7M,N215NN,D,3884,B,B43,2364
9/13/2024 3:33,9/13/2024 3:33,DEP,LRD,AA,E7M,N215NN,D,3589,B,B43,2365
9/12/2024 18:47,9/12/2024 18:47,DEP,OMA,AA,38K,N877NN,D,2188,A,A9,2366
9/12/2024 18:33,9/12/2024 18:06,DEP,HSV,AA,OO7,N718SK,D,4824,E,E23B,2367
9/12/2024 17:20,9/12/2024 17:19,DEP,YYZ,AA,38K,N917AN,I,1111,C,C15,2368
9/12/2024 17:36,9/12/2024 17:41,DEP,COS,AA,OO7,N754EV,D,4923,E,E29A,2369
9/12/2024 18:44,9/12/2024 17:38,DEP,SPS,AA,OO7,N612QX,D,4913,E,E30,2370
9/12/2024 17:21,9/12/2024 17:22,DEP,AGS,AA,E7M,N305CL,D,3462,B,B33,2371
9/12/2024 18:55,9/12/2024 18:56,ARR,BTR,AA,E7R,N789SS,D,3796,E,E38B,2372
9/13/2024 12:06,9/13/2024 12:06,DEP,DCA,AA,38M,N302SA,D,1699,D,D3,2373
9/12/2024 15:52,9/12/2024 16:00,DEP,LAS,AA,A21,N509AY,D,1007,A,A22,2374
9/12/2024 15:33,9/12/2024 15:39,DEP,RIC,AA,38K,N808NN,D,1915,A,A10,2375
9/12/2024 17:25,9/12/2024 17:25,DEP,ORD,UA,737,N17317,D,436,E,E9,2376
9/13/2024 3:45,9/13/2024 3:45,DEP,LAW,AA,OO7,N772SK,D,6296,E,E29B,2377
9/12/2024 18:23,9/12/2024 18:23,DEP,BDL,AA,32C,N121AN,D,1367,D,D2,2378
9/12/2024 18:13,9/12/2024 18:20,DEP,BMI,AA,E7M,N222NS,D,3404,B,B34,2379
9/12/2024 18:17,9/12/2024 18:19,DEP,QRO,AA,737,N954NN,I,2299,D,D37,2380
9/12/2024 18:42,9/12/2024 18:44,ARR,CRP,AA,E7M,N232NN,D,3546,B,B40,2381
9/12/2024 20:46,9/12/2024 20:53,ARR,ORD,AA,38K,N927NN,D,1290,C,C7,2382
9/12/2024 17:51,9/12/2024 18:00,DEP,CMI,AA,E7R,N751AB,D,3924,B,B19,2383
9/12/2024 17:10,9/12/2024 15:50,DEP,ORF,AA,38K,N930AN,D,2638,A,A11,2384
9/12/2024 16:44,9/12/2024 16:39,DEP,SJC,AA,38K,N914AN,D,2834,C,C16,2385
9/12/2024 19:40,9/12/2024 17:27,DEP,CAE,AA,A19,N770UW,D,2028,A,A16,2386
9/12/2024 20:29,9/12/2024 20:47,ARR,DCA,AA,38K,N802NN,D,1177,B,B7,2387
9/12/2024 18:32,9/12/2024 18:25,ARR,TPA,AA,32C,N147AA,D,2321,C,C37,2388
9/12/2024 18:59,9/12/2024 18:35,ARR,EVV,AA,OO7,N724SK,D,4914,E,E24A,2389
9/12/2024 17:56,9/12/2024 18:02,DEP,TVC,AA,E7M,N230NN,D,3988,B,B48,2390
9/12/2024 16:18,9/12/2024 16:28,DEP,SGU,AA,CS7,N752SK,D,6388,E,E24B,2391
9/12/2024 15:27,9/12/2024 15:29,DEP,SEA,AA,A21,N972UY,D,2769,A,A33,2392
9/12/2024 18:53,9/12/2024 18:21,ARR,BHM,AA,OO7,N727SK,D,5002,E,E29A,2393
9/12/2024 18:46,9/12/2024 18:42,ARR,BNA,AA,38K,N807NN,D,1118,C,C39,2394
9/12/2024 16:25,9/12/2024 16:26,DEP,DCA,AA,38K,N851NN,D,1569,D,D25,2395
9/12/2024 19:40,9/12/2024 19:26,ARR,GSO,AA,E7M,N253NN,D,3570,B,B21,2396
9/12/2024 19:06,9/12/2024 18:55,ARR,ORD,AA,38M,N315RJ,D,1995,A,A36,2397
9/12/2024 15:34,9/12/2024 15:09,DEP,YUL,AA,320,N117UW,I,1963,C,C14,2398
9/12/2024 22:22,9/12/2024 22:22,DEP,MCO,AA,A21,N979UY,D,2186,A,A18,2399
9/13/2024 12:01,9/13/2024 12:01,DEP,DEN,AA,737,N809NN,D,1523,D,D1,2400
9/12/2024 20:30,9/12/2024 20:30,ARR,TBN,LF,E135,N809AE,D,3551,D,D5,2401
9/13/2024 0:29,9/13/2024 0:29,ARR,MCO,AA,A21,N576UW,D,1772,C,C22,2402
9/13/2024 0:45,9/13/2024 0:45,DEP,PBI,AA,38R,N979NN,D,2271,C,C31,2403
9/13/2024 3:28,9/13/2024 3:28,ARR,CLT,AA,A21,N195UW,D,1089,A,A11,2404
9/12/2024 23:06,9/12/2024 23:20,ARR,FAR,AA,E7M,N280NN,D,3886,B,B24,2405
9/12/2024 23:29,9/12/2024 23:09,ARR,TRI,AA,E7M,N284JN,D,3903,B,B46,2406
9/13/2024 0:40,9/13/2024 0:40,DEP,TUS,AA,A21,N582UW,D,1207,B,B14,2407
9/12/2024 22:09,9/12/2024 22:09,DEP,RNO,AA,38R,N972NN,D,670,B,B14,2408
9/13/2024 0:02,9/13/2024 0:02,DEP,YVR,AA,32C,N137AA,I,2373,C,C15,2409
9/12/2024 23:59,9/13/2024 0:04,ARR,PHL,AA,789,N832AA,D,1828,D,D30,2410
9/13/2024 23:35,9/13/2024 23:35,DEP,CAE,AA,A19,N828AW,D,2151,D,D2,2411
9/12/2024 23:10,9/12/2024 23:10,ARR,MFE,AA,319,N9023N,D,1792,B,B5,2412
9/12/2024 22:42,9/12/2024 22:37,ARR,BIS,AA,E7M,N206NN,D,3839,B,B40,2413
9/12/2024 20:00,9/12/2024 20:00,DEP,PHL,AA,32C,N996AN,D,583,C,C16,2414
9/13/2024 18:59,9/13/2024 18:59,ARR,FLL,AA,38K,N869NN,D,1340,D,D21,2415
9/12/2024 23:33,9/12/2024 23:33,DEP,IND,AA,38R,N993NN,D,2620,C,C14,2416
9/12/2024 19:45,9/12/2024 19:45,DEP,SAN,AA,321,N154UW,D,2747,D,D4,2417
9/12/2024 23:42,9/12/2024 23:49,ARR,PWM,AA,A05,N651AW,D,3085,C,C14,2418
9/13/2024 1:09,9/13/2024 0:47,ARR,CLT,AA,A21,N974UY,D,1079,A,A18,2419
9/12/2024 19:35,9/12/2024 19:40,DEP,GJT,AA,E7M,N279MQ,D,3592,B,B46,2420
9/12/2024 23:46,9/12/2024 23:47,ARR,RDM,AA,A05,N662AW,D,530,C,C8,2421
9/13/2024 21:48,9/13/2024 21:48,ARR,LGA,AA,38K,N923AN,D,575,A,A11,2422
9/13/2024 13:19,9/13/2024 13:19,DEP,LGA,AA,38K,N923AN,D,575,D,D20,2423
9/13/2024 0:13,9/13/2024 0:13,DEP,MDT,AA,320,N117UW,D,546,B,B17,2424
9/13/2024 18:02,9/13/2024 18:02,ARR,SNA,AA,32Q,N401AN,D,2258,D,D4,2425
9/13/2024 18:51,9/13/2024 18:51,ARR,JFK,AA,737,N825NN,D,1245,D,D17,2426
9/12/2024 20:36,9/12/2024 20:36,DEP,MOB,AA,E7M,N233NN,D,3678,B,B29,2427
9/13/2024 0:00,9/13/2024 0:00,DEP,PHX,AA,32E,N468AN,D,339,D,D2,2428
9/14/2024 0:05,9/14/2024 0:05,DEP,TRC,AA,E7R,N789SS,I,3547,B,B49,2429
9/13/2024 21:37,9/13/2024 21:37,DEP,SNA,AA,38R,N346PR,D,2203,C,C6,2430
9/13/2024 21:03,9/13/2024 21:03,DEP,CLT,AA,A21,N167US,D,1119,C,C38,2431
9/13/2024 0:56,9/13/2024 0:54,ARR,LGA,AA,38K,N937NN,D,541,A,A38,2432
9/13/2024 20:43,9/13/2024 20:43,ARR,GJT,AA,OO7,N717EV,D,4871,B,B30,2433
9/13/2024 20:45,9/13/2024 20:45,ARR,ASE,AA,OO7,N730SK,D,4843,E,E27A,2434
9/13/2024 20:44,9/13/2024 20:44,ARR,DRO,AA,OO7,N761ND,D,4846,E,E30,2435
9/13/2024 18:45,9/13/2024 18:45,DEP,GRI,AA,CS7,N752SK,D,4956,E,E25A,2436
9/13/2024 21:40,9/13/2024 21:40,ARR,YUM,AA,OO7,N724SK,D,6234,E,E22B,2437
9/13/2024 19:44,9/13/2024 19:44,ARR,ROW,AA,OO7,N773SK,D,4922,E,E24A,2438
9/13/2024 13:18,9/13/2024 13:18,DEP,DCA,AA,38K,N809NN,D,1177,A,A28,2439
9/13/2024 19:20,9/13/2024 19:20,ARR,MTY,AA,319,N813AW,I,2198,D,D2,2440
9/13/2024 1:00,9/13/2024 1:00,ARR,ICT,AA,A19,N806AW,D,2366,C,C8,2441
9/13/2024 13:25,9/13/2024 13:25,DEP,GDL,AA,38K,N938NN,I,1174,D,D1,2442
9/12/2024 12:07,9/12/2024 12:06,DEP,DCA,AA,7MB,N344TS,D,1699,D,D17,2443
9/12/2024 22:56,9/12/2024 22:59,ARR,PIA,AA,CP9,N563NN,D,5550,E,E34A,2444
9/12/2024 22:32,9/12/2024 22:32,DEP,MIA,AA,38K,N938AN,D,1287,A,A35,2445
9/13/2024 14:10,9/13/2024 14:10,ARR,SAF,AA,OO7,N758SK,D,6350,E,E30,2446
9/12/2024 23:57,9/13/2024 0:14,ARR,EUG,AA,320,N110UW,D,406,A,A8,2447
9/13/2024 12:19,9/13/2024 12:19,DEP,MAF,AA,OO7,N613SK,D,4858,E,E34,2448
9/14/2024 0:02,9/14/2024 0:02,DEP,YVR,AA,A21,N537UW,I,2373,C,C35,2449
9/12/2024 22:41,9/12/2024 22:27,ARR,ABQ,AA,E7M,N212NN,D,3777,B,B22,2450
9/13/2024 19:30,9/13/2024 19:30,DEP,SAT,AA,A21,N537UW,D,1961,C,C39,2451
9/14/2024 2:01,9/14/2024 2:01,DEP,CUU,AA,E7R,N787BP,I,3687,B,B36,2452
9/12/2024 20:34,9/12/2024 20:34,DEP,LGA,AA,38K,N807NN,D,610,C,C39,2453
9/12/2024 23:44,9/12/2024 23:45,ARR,MIA,AA,38K,N800NN,D,2958,C,C16,2454
9/13/2024 1:54,9/13/2024 1:54,DEP,SAF,AA,OO7,N758SK,D,6271,E,E27A,2455
9/13/2024 1:52,9/13/2024 0:50,ARR,LCH,AA,OO7,N762SK,D,4965,E,E37A,2456
9/13/2024 18:47,9/13/2024 18:47,ARR,ASE,AA,OO7,N702SK,D,4907,E,E23B,2457
9/13/2024 13:18,9/13/2024 13:18,DEP,ASE,AA,OO7,N702SK,D,4907,E,E26,2458
9/13/2024 16:28,9/13/2024 16:28,DEP,SGU,AA,OO7,N611SK,D,6388,E,E34,2459
9/13/2024 15:28,9/13/2024 15:28,ARR,FLG,AA,OO7,N611SK,D,4977,E,E30,2460
9/13/2024 18:25,9/13/2024 18:25,DEP,SAF,AA,OO7,N612QX,D,6216,B,B37,2461
9/12/2024 22:55,9/12/2024 22:55,DEP,AUS,AA,38K,N917NN,D,789,C,C22,2462
9/12/2024 20:40,9/12/2024 20:40,DEP,AMS,AA,788,N874AN,I,220,A,A34,2463
9/13/2024 0:43,9/13/2024 0:49,ARR,SEA,AA,A21,N972UY,D,2769,C,C37,2464
9/13/2024 18:06,9/13/2024 18:06,DEP,HSV,AA,OO7,N710SK,D,4824,B,B48,2465
9/13/2024 2:17,9/13/2024 2:17,DEP,LFT,AA,OO7,N771SK,D,4829,E,E25,2466
9/13/2024 0:39,9/13/2024 0:39,ARR,SJT,AA,OO7,N771SK,D,4897,E,E25,2467
9/13/2024 2:00,9/13/2024 2:00,DEP,OKC,AA,OO7,N770SK,D,4946,E,E27B,2468
9/13/2024 18:28,9/13/2024 18:28,DEP,BHM,AA,OO7,N760SK,D,4830,E,E22B,2469
9/12/2024 23:32,9/12/2024 23:35,ARR,GUA,AA,38K,N852NN,I,1486,D,D23,2470
9/13/2024 0:45,9/13/2024 0:45,DEP,BUF,AA,A05,N660AW,D,574,C,C30,2471
9/13/2024 1:00,9/13/2024 1:00,ARR,MKE,AA,320,N121UW,D,1733,A,A16,2472
9/13/2024 4:46,9/13/2024 4:46,ARR,SNA,AA,38R,N959NN,D,2203,D,D31,2473
9/12/2024 22:44,9/12/2024 22:42,ARR,MSP,AA,38K,N896NN,D,362,C,C36,2474
9/13/2024 13:20,9/13/2024 13:20,DEP,AEX,AA,OO7,N760SK,D,4812,E,E29A,2475
9/13/2024 15:56,9/13/2024 15:56,ARR,IDA,AA,OO7,N742SK,D,4938,E,E23A,2476
9/12/2024 19:50,9/12/2024 19:50,DEP,BHM,AA,E7M,N255NN,D,3820,B,B37,2477
9/13/2024 14:05,9/13/2024 14:05,DEP,SGF,AA,CS7,N752SK,D,4952,E,E23A,2478
9/13/2024 3:18,9/13/2024 3:22,ARR,MSP,DL,320,N378NW,D,2967,E,E14,2479
9/13/2024 11:44,9/13/2024 11:44,ARR,IND,AA,38K,N850NN,D,2782,A,A17,2480
9/12/2024 19:27,9/12/2024 19:32,DEP,TUS,AA,A21,N573UW,D,2997,B,B7,2481
9/12/2024 20:37,9/12/2024 20:32,ARR,MSY,AA,38R,N306NY,D,1848,C,C19,2482
9/12/2024 22:47,9/12/2024 22:44,ARR,DEN,AA,A21,N973UY,D,1321,D,D34,2483
9/13/2024 2:31,9/13/2024 2:31,ARR,LAS,AA,A21,N157UW,D,2603,B,B16,2484
9/12/2024 20:08,9/12/2024 20:08,DEP,CMH,AA,38K,N876NN,D,2337,A,A11,2485
9/12/2024 19:51,9/12/2024 19:51,DEP,RDU,AA,38K,N989AN,D,1888,C,C11,2486
9/13/2024 0:27,9/13/2024 0:20,ARR,SJO,AA,737,N965NN,I,1080,D,D17,2487
9/12/2024 21:59,9/12/2024 21:59,DEP,FLL,AA,38K,N927NN,D,2010,C,C7,2488
9/12/2024 19:56,9/12/2024 19:56,DEP,ORD,AA,38M,N303RG,D,1559,A,A29,2489
9/13/2024 3:35,9/13/2024 3:35,DEP,HOU,AA,E7M,N209NN,D,3788,B,B36,2490
9/12/2024 18:38,9/12/2024 18:41,DEP,JAX,AA,38K,N837NN,D,2744,A,A25,2491
9/12/2024 20:49,9/12/2024 20:55,ARR,CID,AA,A19,N747UW,D,1905,A,A10,2492
9/13/2024 10:10,9/13/2024 10:10,DEP,IAH,UA,E7W,N87318,D,6267,E,E4,2493
9/13/2024 22:58,9/13/2024 22:58,DEP,ATL,DL,32S,N341DN,D,32,E,E16,2494
9/12/2024 18:16,9/12/2024 18:20,DEP,ABQ,AA,E7M,N212NN,D,3777,B,B1A,2495
9/12/2024 19:34,9/12/2024 19:35,DEP,OKC,AA,E7M,N250NN,D,3344,B,B48,2496
9/13/2024 16:55,9/13/2024 16:55,ARR,LAS,NK,32Q,\N,D,3712,E,E32,2497
9/12/2024 20:13,9/12/2024 20:31,ARR,SAT,AA,A05,N669AW,D,1967,A,A29,2498
9/13/2024 18:54,9/13/2024 18:54,ARR,PHL,AA,A21,N152UW,D,2127,A,A10,2499
9/12/2024 20:39,9/12/2024 20:46,ARR,BZN,AA,38R,N972NN,D,2523,B,B14,2500
9/12/2024 19:06,9/12/2024 19:05,DEP,PHX,AA,32E,N416AN,D,1788,B,B11,2501
9/12/2024 22:59,9/12/2024 22:02,ARR,PBI,AA,38R,N973NN,D,2218,C,C19,2502
9/13/2024 1:52,9/13/2024 1:52,ARR,MSY,NK,32B,\N,D,3720,E,E33,2503
9/13/2024 19:37,9/13/2024 19:37,ARR,SAF,AA,OO7,N758SK,D,4836,E,E27A,2504
9/13/2024 17:37,9/13/2024 17:37,DEP,GCK,AA,OO7,N772SK,D,4815,E,E24B,2505
9/12/2024 21:54,9/12/2024 22:05,ARR,CUN,AA,32C,N157AA,I,2219,D,D22,2506
9/12/2024 21:59,9/12/2024 21:53,ARR,ATL,DL,321,N107DN,D,374,E,E16,2507
9/12/2024 21:08,9/12/2024 20:49,ARR,SGF,AA,E7M,N313BS,D,3555,B,B39,2508
9/12/2024 18:08,9/12/2024 17:54,DEP,GDL,AA,38K,N885NN,I,387,C,C20,2509
9/13/2024 10:45,9/13/2024 10:45,DEP,FLL,NK,32N,\N,D,971,E,E32,2510
9/13/2024 10:55,9/13/2024 10:55,DEP,LAX,NK,32Q,\N,D,420,E,E31,2511
9/12/2024 19:48,9/12/2024 19:48,DEP,JFK,AA,38K,N966AN,D,820,C,C31,2512
9/12/2024 21:26,9/12/2024 21:26,DEP,MIA,AA,38K,N951AA,D,1261,A,A38,2513
9/13/2024 18:00,9/13/2024 18:00,DEP,LGA,DL,220,N123DQ,D,1691,E,E12,2514
9/13/2024 3:47,9/13/2024 3:47,ARR,EWR,UA,737,N17285,D,1183,E,E6,2515
9/12/2024 17:42,9/12/2024 17:44,DEP,BZN,AA,E7M,N240NN,D,3862,B,B47,2516
9/12/2024 18:16,9/12/2024 17:42,DEP,LBB,AA,E7M,N241NN,D,3488,B,B21,2517
9/12/2024 18:03,9/12/2024 17:20,DEP,MGM,AA,E7M,N237NN,D,3596,B,B27,2518
9/12/2024 17:33,9/12/2024 17:33,DEP,AMA,AA,E7M,N290NN,D,3943,B,B24,2519
9/12/2024 22:18,9/12/2024 22:25,ARR,YYC,AA,38R,N982NN,I,2517,B,B7,2520
9/12/2024 19:20,9/12/2024 19:25,DEP,MKE,AA,320,N121UW,D,1733,C,C35,2521
9/12/2024 23:27,9/12/2024 23:34,ARR,ORD,UA,320,N454UA,D,793,E,E5,2522
9/12/2024 18:21,9/12/2024 18:25,DEP,SAF,AA,OO7,N613SK,D,6216,E,E23A,2523
9/12/2024 20:49,9/12/2024 20:55,ARR,LEX,AA,319,N9002U,D,558,C,C14,2524
9/13/2024 16:00,9/13/2024 16:00,DEP,ROW,AA,OO7,N773SK,D,4922,E,E22A,2525
9/12/2024 18:44,9/12/2024 18:47,DEP,BJX,AA,19W,N721UW,I,2907,C,C17,2526
9/12/2024 23:00,9/12/2024 22:50,ARR,YVR,AA,A21,N190UW,I,1415,A,A9,2527
9/12/2024 18:48,9/12/2024 18:53,ARR,BRO,AA,E7M,N246NN,D,3922,B,B19,2528
9/12/2024 17:17,9/12/2024 17:20,DEP,CRP,AA,E7M,N260NN,D,3418,B,B36,2529
9/12/2024 19:46,9/12/2024 20:10,ARR,MEX,AA,38K,N857NN,I,389,D,D38,2530
9/12/2024 17:17,9/12/2024 17:19,DEP,MTY,AA,E7M,N220NN,I,4027,B,B28,2531
9/12/2024 16:30,9/12/2024 16:31,DEP,LGA,AA,38K,N937NN,D,541,D,D2,2532
9/12/2024 19:07,9/12/2024 18:55,ARR,DTW,AA,38R,N951NN,D,2374,C,C20,2533
9/13/2024 16:13,9/13/2024 16:13,DEP,IDA,AA,OO7,N763SK,D,4831,E,E30,2534
9/12/2024 20:14,9/12/2024 20:14,DEP,DTW,AA,32C,N125AA,D,1355,D,D29,2535
9/12/2024 18:18,9/12/2024 18:21,DEP,SAN,AA,32C,N146AA,D,456,B,B17,2536
9/12/2024 18:19,9/12/2024 18:20,DEP,PHL,AA,A21,N537UW,D,836,C,C16,2537
9/12/2024 17:47,9/12/2024 17:20,DEP,MCI,AA,E7M,N249NN,D,4066,B,B43,2538
9/13/2024 15:12,9/13/2024 15:12,ARR,SAF,AA,OO7,N773SK,D,6272,E,E22A,2539
9/12/2024 20:26,9/12/2024 20:44,ARR,PHX,AA,32C,N135NN,D,633,C,C12,2540
9/12/2024 17:41,9/12/2024 17:19,DEP,GNV,AA,CP9,N551NN,D,5377,E,E36,2541
9/12/2024 17:56,9/12/2024 18:03,DEP,PIA,AA,CP9,N563NN,D,5550,E,E34A,2542
9/12/2024 18:34,9/12/2024 18:20,DEP,ORD,AA,32C,N903AA,D,2428,A,A18,2543
9/12/2024 18:07,9/12/2024 18:19,ARR,MCO,NK,A20N,N905NK,D,1096,E,E32,2544
9/12/2024 22:24,9/12/2024 22:24,DEP,EWR,UA,737,N47533,D,1856,E,E5,2545
9/12/2024 18:10,9/12/2024 18:10,DEP,EWR,UA,737,N47284,D,2160,E,E6,2546
9/12/2024 19:13,9/12/2024 19:00,DEP,LAX,NK,A320,N612NK,D,363,E,E33,2547
9/12/2024 18:44,9/12/2024 19:03,ARR,CLT,NK,A321,N667NK,D,210,E,E31,2548
9/12/2024 19:20,9/12/2024 19:09,DEP,LAS,NK,A20N,N905NK,D,2709,E,E32,2549
9/12/2024 21:33,9/12/2024 21:33,DEP,EWR,NK,A320,N603NK,D,3717,E,E31,2550
9/12/2024 22:35,9/12/2024 21:40,ARR,MTY,VB,321,\N,I,684,D,D14,2551
9/12/2024 22:00,9/12/2024 22:00,DEP,GLH,LF,ERJ,\N,D,3502,D,D5,2552
9/12/2024 21:00,9/12/2024 21:00,ARR,DOH,QR,351,A7AND,I,729,D,D11,2553
9/12/2024 21:09,9/12/2024 21:09,DEP,FLL,NK,32A,N908NK,D,1102,E,E32,2554
9/12/2024 20:52,9/12/2024 21:09,ARR,BOS,NK,A21N,N724NK,D,1035,E,E18,2555
9/12/2024 18:44,9/12/2024 18:54,ARR,LAS,AA,32E,N440AN,D,1890,B,B12,2556
9/12/2024 19:10,9/12/2024 19:18,DEP,MFE,AA,319,N9023N,D,1792,A,A20,2557
9/12/2024 20:10,9/12/2024 20:10,DEP,RSW,AA,38K,N970AN,D,2736,D,D2,2558
9/12/2024 18:33,9/12/2024 18:38,ARR,COS,AA,38K,N966AN,D,1552,C,C31,2559
9/12/2024 16:44,9/12/2024 16:50,DEP,NRT,AA,788,N818AL,I,61,D,D29,2560
9/12/2024 18:53,9/12/2024 18:54,ARR,PHL,AA,32C,N996AN,D,2127,C,C16,2561
9/13/2024 17:00,9/13/2024 17:00,DEP,YYZ,AC,223,\N,I,1032,E,E2,2562
9/12/2024 20:37,9/12/2024 20:37,ARR,TPA,AA,38K,N889NN,D,1948,C,C11,2563
9/12/2024 17:42,9/12/2024 17:51,DEP,LAS,AA,32C,N152AA,D,599,D,D34,2564
9/12/2024 19:07,9/12/2024 19:07,DEP,IAH,UA,CR9,N927LR,D,6160,E,E6,2565
9/12/2024 16:08,9/12/2024 16:13,DEP,IDA,AA,OO7,N732SK,D,4831,E,E22B,2566
9/12/2024 19:03,9/12/2024 18:50,ARR,CVG,AA,38K,N876NN,D,1568,A,A11,2567
9/12/2024 15:03,9/12/2024 15:00,DEP,LIR,AA,38R,N314PD,I,1495,C,C38,2568
9/12/2024 18:55,9/12/2024 18:59,ARR,FLL,AA,38K,N908NN,D,1340,C,C7,2569
9/12/2024 19:37,9/12/2024 19:42,ARR,MKE,AA,38K,N987AN,D,2581,A,A37,2570
9/12/2024 17:11,9/12/2024 16:53,DEP,CHS,AA,E7M,N281NN,D,3771,B,B31,2571
9/13/2024 2:20,9/13/2024 2:20,DEP,BPT,AA,OO7,N614QX,D,6313,E,E36,2572
9/12/2024 3:09,9/12/2024 1:38,DEP,DFW,F9,\N,N636FR,D,2676,E,E21,2573
9/12/2024 11:49,9/12/2024 12:09,ARR,DTW,AA,737,N880NN,D,1108,D,D1,2574
9/12/2024 12:31,9/12/2024 12:49,ARR,DCA,AA,319,N9002U,D,1839,A,A20,2575
9/12/2024 13:23,9/12/2024 13:23,ARR,XNA,AA,E7M,N205NN,D,3362,B,B27,2576
9/12/2024 11:15,9/12/2024 11:00,DEP,DEN,UA,319,N844UA,D,1005,E,E5,2577
9/12/2024 13:35,9/12/2024 13:47,ARR,RIC,AA,38R,N942NN,D,2204,C,C15,2578
9/13/2024 1:00,9/13/2024 1:00,ARR,PHX,AA,32C,N909AM,D,679,D,D1,2579
9/13/2024 20:04,9/13/2024 20:04,DEP,MEM,AA,38K,N908AN,D,3070,C,C15,2580
9/14/2024 0:15,9/14/2024 0:15,ARR,MEM,AA,38K,N908AN,D,3070,C,C7,2581
9/11/2024 18:35,9/11/2024 18:35,DEP,ATL,DL,32S,N322DN,D,414,E,E15,2582
9/11/2024 17:19,9/11/2024 17:27,ARR,ATL,DL,32S,N322DN,D,414,E,E15,2583
9/13/2024 11:25,9/13/2024 11:25,DEP,LAS,NK,32N,\N,D,979,E,E18,2584
9/13/2024 13:00,9/13/2024 13:00,DEP,SJU,NK,32N,\N,D,3707,E,E18,2585
9/13/2024 2:35,9/13/2024 2:35,DEP,GJT,AA,OO7,N762SK,D,4842,E,E37A,2586
9/12/2024 17:35,9/12/2024 17:29,DEP,MTJ,AA,38K,N887NN,D,665,B,B7,2587
9/13/2024 2:15,9/13/2024 2:15,DEP,SHV,AA,OO7,N702SK,D,5014,E,E29A,2588
9/12/2024 19:50,9/12/2024 19:50,DEP,FSD,AA,OO7,N717EV,D,4916,E,E24B,2589
9/12/2024 22:22,9/12/2024 21:58,ARR,CMH,AA,38K,N931AN,D,1492,C,C31,2590
9/12/2024 17:46,9/12/2024 17:51,DEP,SDF,AA,19W,N733UW,D,3096,A,A10,2591
9/12/2024 21:48,9/12/2024 21:54,ARR,SFO,UA,32S,N825UA,D,1728,E,E8,2592
9/12/2024 20:46,9/12/2024 20:41,ARR,SWO,AA,OO7,N770SK,D,4953,E,E24B,2593
9/12/2024 17:58,9/12/2024 18:00,DEP,LGA,AA,38K,N904AN,D,910,C,C37,2594
9/13/2024 23:27,9/13/2024 23:27,DEP,PDX,AS,737,N614AS,D,247,E,E11,2595
9/13/2024 22:29,9/13/2024 22:29,ARR,PDX,AS,737,N614AS,D,254,E,E11,2596
9/12/2024 0:14,9/12/2024 0:17,ARR,MCI,AA,38K,N934NN,D,1376,A,A10,2597
9/13/2024 19:55,9/13/2024 19:55,ARR,CDG,AA,788,N806AA,I,49,D,D30,2598
9/12/2024 19:20,9/12/2024 19:20,DEP,SEA,AS,737,N253AK,D,415,E,E11,2599
9/11/2024 11:52,9/11/2024 12:10,ARR,BTR,AA,CP9,N563NN,D,5342,E,E35B,2600
9/11/2024 12:21,9/11/2024 12:08,ARR,MOB,AA,E7M,N215NN,D,4030,B,B48,2601
9/11/2024 12:40,9/11/2024 12:49,ARR,SGF,AA,E7M,N329DD,D,3719,B,B19,2602
9/11/2024 13:06,9/11/2024 13:15,ARR,LBB,AA,E7M,N248NN,D,3860,B,B32,2603
9/11/2024 13:03,9/11/2024 13:23,ARR,XNA,AA,E7M,N313BS,D,3362,B,B44,2604
9/11/2024 10:23,9/11/2024 10:26,DEP,DCA,AA,38K,N921AN,D,2029,A,A29,2605
9/11/2024 12:00,9/11/2024 12:05,DEP,MEM,AA,E7M,N252NN,D,3973,B,B1A,2606
9/11/2024 13:38,9/11/2024 13:49,ARR,EWR,AA,38R,N998NN,D,2728,A,A23,2607
9/11/2024 13:35,9/11/2024 13:59,ARR,TYS,AA,CP9,N602NN,D,5067,E,E36,2608
9/11/2024 13:33,9/11/2024 13:44,ARR,MLI,AA,E7M,N207AN,D,3879,B,B40,2609
9/11/2024 13:02,9/11/2024 13:08,DEP,AUS,AA,38R,N305NX,D,794,A,A19,2610
9/11/2024 13:55,9/11/2024 14:19,ARR,PIA,AA,CP9,N568NN,D,5226,E,E34A,2611
9/11/2024 12:24,9/11/2024 12:30,DEP,MFE,AA,E7M,N235NN,D,4096,B,B32,2612
9/11/2024 13:56,9/11/2024 14:10,ARR,SAF,AA,OO7,N724SK,D,6350,E,E22B,2613
9/11/2024 13:45,9/11/2024 13:54,ARR,ROW,AA,OO7,N730SK,D,6331,E,E23A,2614
9/11/2024 13:50,9/11/2024 14:14,ARR,BWI,AA,38K,N956AN,D,1403,A,A11,2615
9/11/2024 13:46,9/11/2024 13:56,ARR,MCI,AA,38K,N906AN,D,2487,A,A35,2616
9/11/2024 13:58,9/11/2024 14:11,ARR,AVL,AA,E7M,N262NN,D,3360,B,B47,2617
9/11/2024 14:07,9/11/2024 14:20,ARR,RAP,AA,E7M,N285NN,D,3679,B,B19,2618
9/11/2024 14:05,9/11/2024 14:08,ARR,BIS,AA,E7M,N254NN,D,3807,B,B43,2619
9/11/2024 14:00,9/11/2024 13:56,ARR,MSN,AA,319,N93003,D,1538,A,A28,2620
9/11/2024 11:57,9/11/2024 12:02,DEP,ATL,AA,38R,N306NY,D,2431,C,C20,2621
9/11/2024 14:11,9/11/2024 14:06,ARR,HSV,AA,E7M,N237NN,D,3985,B,B36,2622
9/11/2024 14:07,9/11/2024 14:19,ARR,BMI,AA,E7M,N265NN,D,3370,B,B22,2623
9/11/2024 14:02,9/11/2024 14:20,ARR,ATW,AA,E7M,N216NN,D,3673,B,B4,2624
9/11/2024 13:09,9/11/2024 13:19,DEP,SHV,AA,OO7,N730EV,D,4930,E,E22B,2625
9/11/2024 13:01,9/11/2024 13:10,DEP,LRD,AA,E7M,N280NN,D,3983,B,B43,2626
9/11/2024 14:15,9/11/2024 14:17,ARR,TPA,AA,38K,N918NN,D,1455,C,C17,2627
9/11/2024 13:09,9/11/2024 13:18,DEP,SJT,AA,CS7,N752SK,D,4960,E,E22A,2628
9/11/2024 12:13,9/11/2024 12:21,DEP,MSP,AA,38K,N868NN,D,2593,D,D21,2629
9/11/2024 14:44,9/11/2024 14:49,ARR,ORD,AA,A21,N187US,D,2754,D,D23,2630
9/11/2024 11:58,9/11/2024 12:06,DEP,LAS,AA,A21,N972UY,D,1890,A,A22,2631
9/11/2024 13:14,9/11/2024 13:20,DEP,AEX,AA,OO7,N614QX,D,4812,E,E30,2632
9/11/2024 14:00,9/11/2024 14:05,DEP,ACT,AA,OO7,N770SK,D,6193,E,E35A,2633
9/11/2024 13:16,9/11/2024 13:22,DEP,LFT,AA,OO7,N754EV,D,4885,E,E25,2634
9/11/2024 15:18,9/11/2024 15:23,ARR,BIL,AA,E7M,N228NN,D,3746,B,B32,2635
9/11/2024 13:03,9/11/2024 13:09,DEP,GSO,AA,E7M,N215NN,D,3570,B,B48,2636
9/11/2024 15:51,9/11/2024 16:08,ARR,CHS,AA,E7M,N240NN,D,3371,B,B36,2637
9/11/2024 15:40,9/11/2024 15:56,ARR,IDA,AA,OO7,N719SK,D,4938,E,E27A,2638
9/11/2024 15:31,9/11/2024 15:22,ARR,LIT,AA,E7R,N788CJ,D,4016,B,B49,2639
9/11/2024 15:44,9/11/2024 14:14,ARR,COU,AA,E7R,N779RN,D,3525,B,B48,2640
9/11/2024 15:58,9/11/2024 16:26,ARR,SAN,AA,32C,N165NN,D,1939,B,B9,2641
9/11/2024 15:08,9/11/2024 15:16,ARR,SGF,AA,E7M,N244NN,D,3624,B,B21,2642
9/11/2024 15:28,9/11/2024 15:39,ARR,DCA,AA,38K,N826NN,D,977,C,C22,2643
9/11/2024 13:22,9/11/2024 13:31,DEP,EVV,AA,OO7,N746SK,D,4914,E,E23B,2644
9/11/2024 15:30,9/11/2024 15:37,ARR,LAS,NK,A20N,N990NK,D,2708,E,E32,2645
9/11/2024 16:13,9/11/2024 16:25,ARR,SMF,AA,A21,N916US,D,1544,A,A11,2646
9/11/2024 16:36,9/11/2024 16:29,ARR,AMA,AA,E7M,N212NN,D,3969,B,B44,2647
9/11/2024 16:27,9/11/2024 16:36,ARR,CLT,AA,A21,N576UW,D,1625,C,C7,2648
9/11/2024 15:00,9/11/2024 15:05,DEP,AUS,AA,38K,N920NN,D,814,B,B12,2649
9/11/2024 15:04,9/11/2024 15:10,DEP,HSV,AA,OO7,N762SK,D,4955,E,E23B,2650
9/11/2024 17:43,9/11/2024 17:39,ARR,SGF,AA,OO7,N750SK,D,4952,E,E26,2651
9/11/2024 16:29,9/11/2024 16:38,DEP,MEM,AA,CP9,N573NN,D,5339,E,E35A,2652
9/11/2024 15:58,9/11/2024 16:09,DEP,DRO,AA,OO7,N719EV,D,4982,E,E24B,2653
9/11/2024 17:49,9/11/2024 18:00,ARR,SAF,AA,OO7,N748SK,D,4931,E,E23A,2654
9/11/2024 15:27,9/11/2024 15:31,DEP,DEN,AA,32C,N148AN,D,2579,C,C20,2655
9/11/2024 17:48,9/11/2024 17:43,ARR,GPT,AA,OO7,N750EV,D,4921,E,E29B,2656
9/11/2024 15:13,9/11/2024 15:20,DEP,GJT,AA,OO7,N718SK,D,4871,E,E30,2657
9/11/2024 15:13,9/11/2024 15:20,DEP,MEX,AA,38K,N944AN,I,393,B,B14,2658
9/11/2024 15:18,9/11/2024 15:24,DEP,RAP,AA,E7M,N206NN,D,4106,B,B38,2659
9/11/2024 13:57,9/11/2024 14:00,DEP,PDX,AA,32C,N157AA,D,2655,C,C36,2660
9/11/2024 17:57,9/11/2024 18:06,ARR,LBB,AA,E7M,N254NN,D,3852,B,B27,2661
9/11/2024 15:28,9/11/2024 15:38,ARR,DAY,AA,CP9,N573NN,D,5157,E,E35A,2662
9/11/2024 16:09,9/11/2024 16:14,DEP,BHM,AA,E7M,N228NN,D,3888,B,B32,2663
9/11/2024 17:36,9/11/2024 17:47,ARR,ABQ,AA,737,N863NN,D,928,D,D37,2664
9/11/2024 18:21,9/11/2024 18:48,ARR,ECP,AA,CP9,N563NN,D,5319,E,E35B,2665
9/11/2024 18:19,9/11/2024 18:13,ARR,PNS,AA,CP9,N604NN,D,5456,E,E37B,2666
9/11/2024 18:27,9/11/2024 18:55,ARR,MHK,AA,E7M,N255NN,D,3920,B,B31,2667
9/11/2024 18:18,9/11/2024 18:21,ARR,BHM,AA,OO7,N717EV,D,5002,E,E27B,2668
9/11/2024 18:23,9/11/2024 18:34,ARR,DRO,AA,OO7,N744SK,D,4934,E,E29A,2669
9/11/2024 15:32,9/11/2024 15:38,DEP,VER,AA,E7M,N234JW,I,4014,B,B35,2670
9/11/2024 17:23,9/11/2024 17:28,DEP,OKC,AA,38K,N890NN,D,868,C,C10,2671
9/11/2024 16:00,9/11/2024 16:00,DEP,MSP,AA,38K,N922NN,D,2147,C,C11,2672
9/11/2024 18:13,9/11/2024 18:25,ARR,MCO,AA,32C,N132AN,D,1087,C,C10,2673
9/11/2024 17:16,9/11/2024 17:20,DEP,CRP,AA,E7M,N233NN,D,3418,B,B31,2674
9/11/2024 17:27,9/11/2024 17:37,DEP,GCK,AA,OO7,N719SK,D,4815,E,E27A,2675
9/11/2024 18:42,9/11/2024 18:45,ARR,RAP,AA,E7M,N239NN,D,3534,B,B44,2676
9/11/2024 18:35,9/11/2024 18:51,ARR,CHA,AA,CP9,N551NN,D,5127,E,E35A,2677
9/11/2024 18:33,9/11/2024 18:35,ARR,EVV,AA,OO7,N746SK,D,4914,E,E23B,2678
9/11/2024 18:31,9/11/2024 18:45,ARR,DEN,AA,32C,N137AA,D,2357,B,B12,2679
9/11/2024 15:09,9/11/2024 15:07,DEP,PHL,AA,32C,N133AN,D,1316,C,C15,2680
9/11/2024 18:41,9/11/2024 18:28,ARR,EGE,AA,319,N8031M,D,1341,B,B18,2681
9/11/2024 15:28,9/11/2024 15:33,DEP,ONT,AA,38K,N831NN,D,948,D,D25,2682
9/11/2024 17:27,9/11/2024 17:20,DEP,MCI,AA,E7M,N248NN,D,4066,B,B33,2683
9/11/2024 18:51,9/11/2024 18:35,ARR,MGM,AA,OO7,N608SK,D,4889,E,E27A,2684
9/11/2024 16:32,9/11/2024 16:31,DEP,BIL,AA,E7M,N250NN,D,4095,B,B2,2685
9/11/2024 17:12,9/11/2024 17:20,DEP,DSM,AA,319,N93003,D,1664,A,A28,2686
9/11/2024 16:20,9/11/2024 16:28,DEP,SGU,AA,OO7,N726SK,D,6388,E,E22A,2687
9/11/2024 16:09,9/11/2024 16:13,DEP,IDA,AA,OO7,N614SK,D,4831,E,E29B,2688
9/11/2024 15:53,9/11/2024 16:00,DEP,SAN,AA,A21,N187US,D,1055,D,D23,2689
9/11/2024 19:13,9/11/2024 19:31,ARR,ABQ,AA,38R,N951NN,D,1670,A,A37,2690
9/11/2024 19:05,9/11/2024 18:35,ARR,LCH,AA,OO7,N732SK,D,4966,E,E24A,2691
9/11/2024 19:00,9/11/2024 18:48,ARR,MFE,AA,E7M,N222NS,D,3825,B,B38,2692
9/11/2024 19:11,9/11/2024 19:00,ARR,FWA,AA,OO7,N773SK,D,6186,E,E24B,2693
9/11/2024 16:30,9/11/2024 16:30,DEP,SLC,AA,A21,N509AY,D,2439,B,B16,2694
9/11/2024 15:24,9/11/2024 15:20,DEP,SJD,AA,321,N199UW,I,2667,D,D37,2695
9/11/2024 15:15,9/11/2024 15:01,DEP,GEG,AA,32S,N117UW,D,1381,D,D3,2696
9/11/2024 17:14,9/11/2024 17:19,DEP,ECP,AA,E7M,N246NN,D,3625,B,B24,2697
9/11/2024 19:22,9/11/2024 19:49,ARR,QRO,AA,38K,N881NN,I,2302,D,D3,2698
9/11/2024 19:29,9/11/2024 19:24,ARR,MCI,AA,38K,N910NN,D,2064,C,C19,2699
9/11/2024 19:34,9/11/2024 19:50,ARR,FRA,AA,772,N752AN,I,71,D,D18A,2700
9/11/2024 16:01,9/11/2024 16:00,DEP,SFO,AA,32C,N906AA,D,2387,C,C16,2701
9/11/2024 16:27,9/11/2024 16:31,DEP,LGA,AA,38K,N904AN,D,541,A,A34,2702
9/11/2024 18:26,9/11/2024 18:28,DEP,BHM,AA,OO7,N754EV,D,4830,E,E24B,2703
9/11/2024 17:47,9/11/2024 17:33,DEP,DEN,AA,A21,N916US,D,1321,A,A11,2704
9/11/2024 19:55,9/11/2024 19:55,ARR,HSV,AA,OO7,N762SK,D,4955,E,E23A,2705
9/11/2024 17:55,9/11/2024 18:02,DEP,VPS,AA,38K,N851NN,D,2501,C,C36,2706
9/11/2024 19:45,9/11/2024 19:51,ARR,ELP,AA,E7M,N285NN,D,3856,B,B30,2707
9/11/2024 17:06,9/11/2024 16:00,DEP,ATL,NK,A20N,N901NK,D,834,E,E33,2708
9/11/2024 17:33,9/11/2024 17:39,DEP,ATL,AA,38K,N980AN,D,1008,A,A33,2709
9/11/2024 17:27,9/11/2024 17:27,DEP,PHX,AA,32C,N934AA,D,1974,B,B18,2710
9/11/2024 19:27,9/11/2024 19:40,ARR,SEA,AS,737,N556AS,D,414,E,E11,2711
9/11/2024 18:47,9/11/2024 18:51,ARR,JFK,AA,737,N355PU,D,1245,D,D17,2712
9/11/2024 18:17,9/11/2024 18:25,DEP,SAF,AA,CS7,N752SK,D,6216,E,E22B,2713
9/11/2024 18:21,9/11/2024 18:29,DEP,PNS,AA,38R,N986NN,D,2002,A,A21,2714
9/11/2024 17:49,9/11/2024 17:51,DEP,SDF,AA,19W,N733UW,D,3096,A,A35,2715
9/11/2024 17:29,9/11/2024 16:53,DEP,CHS,AA,E7M,N257NN,D,3771,B,B35,2716
9/11/2024 20:11,9/11/2024 19:37,ARR,SAF,AA,OO7,N724SK,D,4836,E,E28A,2717
9/11/2024 20:01,9/11/2024 19:58,ARR,JAX,AA,38K,N975AN,D,3029,C,C17,2718
9/11/2024 20:06,9/11/2024 18:14,ARR,RNO,AA,38K,N806NN,D,669,A,A9,2719
9/11/2024 16:48,9/11/2024 16:51,DEP,SMF,AA,A21,N188US,D,2078,B,B12,2720
9/11/2024 20:04,9/11/2024 20:20,ARR,FCO,AA,772,N756AM,I,239,D,D29,2721
9/11/2024 20:20,9/11/2024 20:18,ARR,DRO,AA,OO7,N713SK,D,5005,E,E22A,2722
9/11/2024 20:43,9/11/2024 20:51,ARR,LGA,AA,38M,N328TC,D,2847,A,A33,2723
9/11/2024 19:57,9/11/2024 20:14,ARR,SLC,AA,32C,N127AA,D,2178,D,D37,2724
9/11/2024 20:42,9/11/2024 20:38,ARR,BNA,AA,A21,N151UW,D,1396,C,C38,2725
9/11/2024 20:47,9/11/2024 20:55,ARR,LEX,AA,319,N9006,D,558,A,A23,2726
9/11/2024 17:56,9/11/2024 18:00,DEP,LAX,AA,32C,N144AN,D,1540,D,D20,2727
9/11/2024 20:57,9/11/2024 20:51,ARR,SEA,AA,A21,N573UW,D,2767,B,B14,2728
9/11/2024 20:58,9/11/2024 20:54,ARR,YYZ,AA,38K,N819NN,I,1993,A,A11,2729
9/11/2024 18:17,9/11/2024 18:21,DEP,SAN,AA,A21,N582UW,D,456,A,A23,2730
9/11/2024 21:02,9/11/2024 20:49,ARR,FAT,AA,38K,N917AN,D,1729,A,A8,2731
9/11/2024 17:33,9/11/2024 17:40,DEP,JFK,AA,38M,N336SR,D,2246,C,C30,2732
9/11/2024 18:40,9/11/2024 18:27,DEP,PIT,AA,A21,N572UW,D,1868,D,D1,2733
9/11/2024 20:24,9/11/2024 20:44,ARR,BHM,AA,E7M,N228NN,D,3888,B,B28,2734
9/11/2024 17:41,9/11/2024 17:40,DEP,BOS,AA,A21,N576UW,D,849,C,C7,2735
9/11/2024 18:09,9/11/2024 17:51,DEP,LAS,AA,32C,N900UW,D,599,D,D31,2736
9/11/2024 17:57,9/11/2024 18:00,DEP,LGA,AA,38K,N860NN,D,910,C,C2,2737
9/11/2024 21:19,9/11/2024 21:35,ARR,JAC,AA,319,N8001N,D,2058,C,C11,2738
9/11/2024 21:31,9/11/2024 21:40,ARR,YUM,AA,OO7,N772SK,D,6234,E,E23A,2739
9/11/2024 19:44,9/11/2024 19:50,DEP,BHM,AA,OO7,N732SK,D,4916,E,E24A,2740
9/11/2024 21:38,9/11/2024 21:33,ARR,RNO,AA,38R,N338PK,D,2722,A,A36,2741
9/11/2024 21:42,9/11/2024 22:10,ARR,PVR,AA,A21,N971UY,I,1215,D,D2,2742
9/11/2024 18:51,9/11/2024 17:31,DEP,SJD,AA,32C,N995AN,I,1663,A,A22,2743
9/11/2024 18:25,9/11/2024 18:20,DEP,PHL,AA,32C,N990AU,D,836,C,C22,2744
9/11/2024 22:14,9/11/2024 22:27,ARR,SJC,AA,38K,N879NN,D,2046,B,B14,2745
9/11/2024 22:28,9/11/2024 22:25,ARR,JFK,AA,38K,N889NN,D,2234,C,C37,2746
9/11/2024 22:26,9/11/2024 20:10,ARR,SLP,AA,319,N8027D,I,1097,D,D21,2747
9/11/2024 22:41,9/11/2024 22:47,ARR,LGA,AA,38R,N967NN,D,1056,C,C4,2748
9/11/2024 22:40,9/11/2024 22:37,ARR,BIS,AA,E7M,N258NN,D,3839,B,B4,2749
9/11/2024 22:49,9/11/2024 22:50,ARR,YVR,AA,32C,N125AA,I,1415,B,B11,2750
9/11/2024 19:35,9/11/2024 19:39,DEP,SNA,AA,38R,N998NN,D,146,A,A19,2751
9/11/2024 23:03,9/11/2024 22:39,ARR,GRR,AA,E7M,N241NN,D,3443,B,B43,2752
9/11/2024 22:10,9/11/2024 22:10,ARR,OAX,AA,32S,N104UW,I,2187,D,D1,2753
9/11/2024 23:25,9/11/2024 23:30,ARR,PNS,AA,38R,N986NN,D,2002,C,C31,2754
9/11/2024 23:27,9/11/2024 21:09,ARR,BJX,AA,38K,N992AN,I,1393,D,D20,2755
9/11/2024 23:59,9/12/2024 0:09,ARR,ILM,AA,E7M,N220NN,D,3851,B,B39,2756
9/11/2024 23:49,9/11/2024 23:45,ARR,ORD,AA,38R,N948NN,D,1878,A,A21,2757
9/11/2024 22:19,9/11/2024 21:28,DEP,MEX,Y4,A320,N524VL,I,801,D,D6,2758
9/11/2024 23:38,9/11/2024 23:10,ARR,RDU,AA,38K,N876NN,D,2381,A,A37,2759
9/11/2024 22:50,9/11/2024 23:09,ARR,MSO,AA,737,N887NN,D,851,D,D4,2760
9/11/2024 23:21,9/11/2024 22:48,ARR,LAS,AA,32C,N166NN,D,1584,A,A29,2761
9/11/2024 23:48,9/11/2024 23:45,ARR,SEA,AA,32C,N134AN,D,2100,A,A22,2762
9/11/2024 23:46,9/11/2024 23:49,ARR,PWM,AA,A05,N649AW,D,3085,C,C36,2763
9/12/2024 0:15,9/12/2024 0:24,ARR,PDX,AA,32C,N146AA,D,2496,A,A17,2764
9/12/2024 1:02,9/12/2024 0:45,ARR,AUS,AA,319,N9023N,D,773,B,B5,2765
9/12/2024 1:01,9/12/2024 0:49,ARR,AEX,AA,E7R,N788CJ,D,3904,B,B28,2766
9/12/2024 1:12,9/12/2024 0:59,ARR,XNA,AA,E7M,N305CL,D,3597,B,B24,2767
9/11/2024 22:00,9/11/2024 21:59,DEP,FLL,AA,38K,N819NN,D,2010,A,A11,2768
9/12/2024 1:01,9/12/2024 0:49,ARR,ASE,AA,OO7,N612QX,D,6370,E,E38B,2769
9/12/2024 1:17,9/12/2024 0:50,ARR,EVV,AA,OO7,N724SK,D,4928,E,E27A,2770
9/11/2024 23:27,9/11/2024 23:30,DEP,SAV,AA,319,N8001N,D,330,C,C11,2771
9/12/2024 1:58,9/12/2024 2:10,ARR,LAX,AA,38K,N972AN,D,2833,C,C21,2772
9/11/2024 11:00,9/11/2024 11:00,DEP,LGA,DL,220,N111NG,D,461,E,E15,2773
9/11/2024 18:42,9/11/2024 18:42,ARR,LAX,DL,319,N319NB,D,521,E,E12,2774
9/11/2024 15:38,9/11/2024 15:38,DEP,MSP,DL,319,N321NB,D,2972,E,E14,2775
9/11/2024 19:25,9/11/2024 19:25,DEP,SLC,DL,220,N308DU,D,2800,E,E16,2776
9/11/2024 12:00,9/11/2024 12:00,DEP,ATL,DL,321,N311DN,D,893,E,E17,2777
9/11/2024 20:28,9/11/2024 20:28,DEP,DTW,DL,320,N368NW,D,1041,E,E13,2778
9/11/2024 17:09,9/11/2024 17:09,ARR,SLC,DL,220,N127DU,D,2798,E,E12,2779
9/11/2024 18:30,9/11/2024 18:30,ARR,SLC,DL,220,N308DU,D,2800,E,E16,2780
9/11/2024 19:28,9/11/2024 19:28,ARR,LGA,DL,220,N111NG,D,856,E,E17,2781
9/11/2024 23:50,9/11/2024 23:55,DEP,CMH,AA,38R,N342PM,D,398,A,A18,2782
9/11/2024 23:56,9/12/2024 0:00,DEP,PHX,AA,32E,N445AA,D,339,C,C20,2783
9/11/2024 23:27,9/11/2024 23:27,DEP,DTW,DL,320,N320US,D,1543,E,E13,2784
9/12/2024 2:28,9/12/2024 2:49,ARR,SNA,AA,737,N998NN,D,146,D,D3,2785
9/11/2024 13:22,9/11/2024 13:22,ARR,ATL,DL,32S,N111DC,D,839,E,E15,2786
9/12/2024 0:05,9/12/2024 0:05,DEP,LGA,DL,220,N315DU,D,846,E,E17,2787
9/12/2024 3:41,9/12/2024 3:54,ARR,LAX,AA,A21,N580UW,D,1504,C,C12,2788
9/12/2024 2:29,9/12/2024 2:30,DEP,AUS,AA,38K,N973AN,D,600,C,C14,2789
9/13/2024 22:30,9/13/2024 22:30,DEP,ELP,AA,A19,N823AW,D,1679,C,C35,2790
9/13/2024 23:35,9/13/2024 23:35,ARR,GUA,AA,38K,N896NN,I,1486,D,D4,2791
9/14/2024 2:55,9/14/2024 2:55,DEP,OKC,AA,32C,N137AA,D,2180,A,A9,2792
9/14/2024 0:09,9/14/2024 0:09,DEP,GRR,AA,38K,N853NN,D,1555,A,A35,2793
9/14/2024 0:49,9/14/2024 0:49,ARR,SEA,AA,32C,N146AA,D,2769,A,A8,2794
9/13/2024 23:45,9/13/2024 23:45,ARR,SEA,AA,32C,N990AU,D,2100,A,A11,2795
9/13/2024 22:34,9/13/2024 22:34,DEP,CLE,AA,38K,N899NN,D,1228,C,C26,2796
9/13/2024 21:33,9/13/2024 21:33,ARR,RNO,AA,38K,N899NN,D,2722,C,C26,2797
9/13/2024 18:27,9/13/2024 18:27,DEP,PIT,AA,A21,N586UW,D,1868,C,C36,2798
9/14/2024 0:30,9/14/2024 0:30,DEP,PHL,AA,32E,N410AN,D,1836,B,B12,2799
9/14/2024 2:10,9/14/2024 2:10,DEP,MEM,AA,38K,N866NN,D,2079,B,B5,2800
9/13/2024 18:42,9/13/2024 18:42,DEP,SRQ,AA,38K,N866NN,D,2679,C,C6,2801
9/14/2024 0:54,9/14/2024 0:54,ARR,SRQ,AA,38K,N866NN,D,2679,B,B5,2802
9/13/2024 20:05,9/13/2024 20:05,DEP,RDU,AA,32C,N902AA,D,1888,A,A36,2803
9/14/2024 0:45,9/14/2024 0:45,DEP,BUF,AA,320,N110UW,D,574,B,B17,2804
9/13/2024 19:25,9/13/2024 19:25,DEP,IND,AA,38R,N998NN,D,1505,B,B5,2805
9/11/2024 21:41,9/11/2024 21:54,ARR,GDL,Y4,A320,N511VL,I,1804,D,D12,2806
9/11/2024 21:31,9/11/2024 17:30,ARR,SGF,AA,E7M,N308LD,D,9868,B,B99R,2807
9/11/2024 22:30,9/11/2024 22:35,ARR,PVG,AA,788,N818AL,I,128,D,D27,2808
9/11/2024 22:45,9/11/2024 22:44,ARR,BIL,AA,E7M,N250NN,D,4095,B,B38,2809
9/11/2024 22:52,9/11/2024 23:09,ARR,FWA,AA,E7R,N789SS,D,3909,B,B29,2810
9/11/2024 23:31,9/11/2024 23:20,ARR,TUL,AA,E7M,N284JN,D,9873,B,B36,2811
9/11/2024 19:20,9/11/2024 19:20,DEP,SEA,AS,737,N531AS,D,415,E,E11,2812
9/11/2024 23:57,9/11/2024 23:56,ARR,CLT,AA,A21,N927UW,D,3025,B,B7,2813
9/13/2024 22:33,9/13/2024 22:33,DEP,ABI,AA,E7Q,N762DT,D,3380,B,B1,2814
9/13/2024 22:23,9/13/2024 22:23,ARR,LFT,AA,E7M,N283NN,D,3497,B,B36,2815
9/14/2024 0:54,9/14/2024 0:54,ARR,ABI,AA,E7Q,N762DT,D,3380,B,B34,2816
9/11/2024 23:30,9/11/2024 23:35,DEP,CMI,AA,E7M,N209NN,D,3887,B,B48,2817
9/13/2024 23:49,9/13/2024 23:49,DEP,ILM,AA,E7M,N283NN,D,4010,B,B36,2818
9/14/2024 2:49,9/14/2024 2:49,ARR,PHX,AA,A21,N927UW,D,1173,A,A20,2819
9/12/2024 21:45,9/12/2024 21:45,DEP,CID,AA,319,N9002U,D,2061,C,C14,2820
9/12/2024 0:55,9/12/2024 0:55,DEP,OKC,AA,38R,N972NN,D,1458,B,B11,2821
9/13/2024 13:35,9/13/2024 13:35,DEP,BNA,AA,32C,N902AA,D,1118,A,A8,2822
9/13/2024 14:17,9/13/2024 14:17,ARR,TUS,AA,A21,N154UW,D,2193,C,C30,2823
9/13/2024 18:50,9/13/2024 18:50,ARR,BNA,AA,32C,N902AA,D,1118,A,A36,2824
9/13/2024 20:46,9/13/2024 20:46,ARR,BZN,AA,38K,N879NN,D,2523,C,C37,2825
9/13/2024 21:35,9/13/2024 21:35,ARR,JAC,AA,319,N8031M,D,2058,A,A39,2826
9/13/2024 22:56,9/13/2024 22:56,ARR,BOS,AA,38K,N853NN,D,1285,A,A35,2827
9/13/2024 22:14,9/13/2024 22:14,DEP,CUN,AA,38K,N870NN,I,2650,C,C36,2828
9/14/2024 0:18,9/14/2024 0:18,DEP,BUR,AA,38R,N991NN,D,2597,C,C17,2829
9/14/2024 0:11,9/14/2024 0:11,DEP,IAD,AA,32C,N142AN,D,1291,B,B14,2830
9/13/2024 13:40,9/13/2024 13:40,DEP,VPS,AA,38R,N939NN,D,388,A,A9,2831
9/13/2024 21:46,9/13/2024 21:46,DEP,JFK,AA,38K,N879NN,D,2292,C,C37,2832
9/11/2024 18:01,9/11/2024 17:54,DEP,SNA,AA,38R,N994NN,D,2861,A,A34,2833
9/13/2024 19:49,9/13/2024 19:49,ARR,QRO,AA,38K,N832NN,I,2302,D,D20,2834
9/13/2024 18:29,9/13/2024 18:29,DEP,PNS,AA,38K,N847NN,D,2002,D,D21,2835
9/12/2024 21:35,9/12/2024 21:35,DEP,PHX,AA,A21,N171US,D,1796,A,A16,2836
9/13/2024 2:10,9/13/2024 2:10,DEP,MEM,AA,38K,N937NN,D,2079,A,A38,2837
9/13/2024 0:39,9/13/2024 0:39,ARR,COS,AA,38K,N901AN,D,1170,B,B9,2838
9/13/2024 13:48,9/13/2024 13:48,ARR,MKE,AA,320,N110UW,D,2621,C,C8,2839
9/14/2024 0:09,9/14/2024 0:09,ARR,CUU,AA,E7R,N742GR,I,4160,B,B2,2840
9/13/2024 22:10,9/13/2024 22:10,ARR,OAX,AA,32S,N117UW,I,2187,D,D4,2841
9/14/2024 0:50,9/14/2024 0:50,ARR,MLU,AA,OO7,\N,D,4823,E,E24B,2842
9/14/2024 0:39,9/14/2024 0:39,ARR,SJT,AA,OO7,\N,D,4897,E,E27B,2843
9/14/2024 0:32,9/14/2024 0:32,ARR,GRK,AA,OO7,\N,D,4825,E,E23B,2844
9/13/2024 22:35,9/13/2024 22:35,ARR,IDA,AA,OO7,\N,D,4831,E,E23A,2845
9/13/2024 22:53,9/13/2024 22:53,ARR,GRI,AA,OO7,\N,D,4956,E,E28,2846
9/14/2024 0:31,9/14/2024 0:31,ARR,LAW,AA,OO7,\N,D,4917,E,E26,2847
9/13/2024 23:02,9/13/2024 23:02,ARR,MAF,AA,OO7,\N,D,4900,E,E24B,2848
9/13/2024 23:54,9/13/2024 23:54,ARR,BRO,AA,OO7,\N,D,4924,E,E24A,2849
9/13/2024 21:34,9/13/2024 21:34,ARR,GCK,AA,OO7,\N,D,4815,E,E26,2850
9/13/2024 20:41,9/13/2024 20:41,ARR,SWO,AA,OO7,\N,D,4953,E,E22A,2851
9/13/2024 21:05,9/13/2024 21:05,ARR,BPT,AA,OO7,\N,D,4999,E,E34,2852
9/14/2024 0:50,9/14/2024 0:50,ARR,LCH,AA,OO7,\N,D,4965,E,E27A,2853
9/13/2024 22:53,9/13/2024 22:53,ARR,BHM,AA,OO7,\N,D,4830,E,E25A,2854
9/14/2024 2:10,9/14/2024 2:10,DEP,MLU,AA,OO7,\N,D,4973,E,E23A,2855
9/13/2024 22:13,9/13/2024 22:13,ARR,COS,AA,OO7,\N,D,4923,E,E29A,2856
9/14/2024 0:17,9/14/2024 0:17,ARR,BHM,AA,OO7,\N,D,4916,E,E22A,2857
9/14/2024 0:05,9/14/2024 0:05,DEP,TYS,AA,CP9,\N,D,5034,E,E35B,2858
9/14/2024 2:16,9/14/2024 2:16,DEP,SWO,AA,OO7,\N,D,4961,E,E22B,2859
9/14/2024 0:38,9/14/2024 0:38,ARR,DRO,AA,OO7,\N,D,4929,E,E29B,2860
9/13/2024 23:51,9/13/2024 23:51,ARR,JAN,AA,OO7,\N,D,4935,E,E30,2861
9/14/2024 0:44,9/14/2024 0:44,ARR,FSD,AA,OO7,\N,D,5001,E,E22B,2862
9/14/2024 0:16,9/14/2024 0:16,ARR,ROW,AA,OO7,\N,D,4890,E,E34,2863
9/13/2024 18:51,9/13/2024 18:51,ARR,CHA,AA,CP9,\N,D,5127,E,E35B,2864
9/12/2024 0:50,9/12/2024 0:25,DEP,TUL,AA,38R,N986NN,D,1446,C,C31,2865
9/14/2024 0:44,9/14/2024 0:44,ARR,SAF,AA,OO7,\N,D,4936,E,E29A,2866
9/13/2024 22:40,9/13/2024 22:40,ARR,ICT,AA,OO7,\N,D,4957,E,E22A,2867
9/13/2024 15:38,9/13/2024 15:38,ARR,DAY,AA,CP9,\N,D,5157,E,E35A,2868
9/13/2024 20:21,9/13/2024 20:21,ARR,SPS,AA,OO7,\N,D,4913,E,E38A,2869
9/14/2024 1:00,9/14/2024 1:00,ARR,SGF,AA,CP9,\N,D,5242,E,E35B,2870
9/13/2024 18:48,9/13/2024 18:48,ARR,ECP,AA,CP9,\N,D,5319,B,B35,2871
9/14/2024 0:57,9/14/2024 0:57,ARR,DAY,AA,CP9,\N,D,5115,E,E36,2872
9/13/2024 14:19,9/13/2024 14:19,ARR,PIA,AA,CP9,\N,D,5226,E,E36,2873
9/13/2024 22:08,9/13/2024 22:08,DEP,DAY,AA,CP9,\N,D,5156,E,E35A,2874
9/13/2024 19:35,9/13/2024 19:35,ARR,JAN,AA,CP9,\N,D,5383,E,E36,2875
9/13/2024 20:39,9/13/2024 20:39,ARR,MEM,AA,CP9,\N,D,5339,B,B38,2876
9/14/2024 0:59,9/14/2024 0:59,ARR,TLH,AA,CP9,\N,D,5233,E,E35A,2877
9/14/2024 2:11,9/14/2024 2:11,DEP,BTR,AA,CP9,\N,D,5341,E,E35B,2878
9/13/2024 16:38,9/13/2024 16:38,DEP,MEM,AA,CP9,\N,D,5339,E,E35A,2879
9/13/2024 23:10,9/13/2024 23:10,ARR,GNV,AA,CP9,\N,D,5377,E,E35B,2880
9/13/2024 23:10,9/13/2024 23:10,ARR,LIT,AA,CP9,\N,D,5244,E,E36,2881
9/13/2024 18:59,9/13/2024 18:59,DEP,DAY,AA,CP9,\N,D,5384,E,E35A,2882
9/13/2024 12:26,9/13/2024 12:26,ARR,DAY,AA,CP9,\N,D,5391,E,E35A,2883
9/13/2024 21:28,9/13/2024 21:28,DEP,SGF,AA,CP9,\N,D,5190,B,B38,2884
9/13/2024 18:03,9/13/2024 18:03,DEP,PIA,AA,CP9,\N,D,5550,E,E35B,2885
9/13/2024 18:13,9/13/2024 18:13,ARR,PNS,AA,CP9,\N,D,5456,E,E35A,2886
9/13/2024 20:23,9/13/2024 20:23,DEP,LFT,AA,CP9,\N,D,5530,E,E36,2887
9/13/2024 22:59,9/13/2024 22:59,ARR,PIA,AA,CP9,\N,D,5550,E,E34,2888
9/13/2024 23:59,9/13/2024 23:59,ARR,LFT,AA,CP9,\N,D,5530,E,E35A,2889
9/13/2024 20:46,9/13/2024 20:46,ARR,SDF,AA,CP9,\N,D,5449,E,E35A,2890
9/13/2024 23:15,9/13/2024 23:15,ARR,SBN,AA,OO7,\N,D,6239,E,E29B,2891
9/14/2024 2:10,9/14/2024 2:10,DEP,LCH,AA,OO7,\N,D,6316,E,E23B,2892
9/14/2024 0:49,9/14/2024 0:49,ARR,ASE,AA,OO7,\N,D,6370,E,E25A,2893
9/13/2024 20:23,9/13/2024 20:23,ARR,GGG,AA,OO7,\N,D,6267,E,E27B,2894
9/14/2024 2:20,9/14/2024 2:20,DEP,ACT,AA,OO7,\N,D,6258,E,E25A,2895
9/13/2024 22:30,9/13/2024 22:30,ARR,SGU,AA,OO7,\N,D,6387,E,E27B,2896
9/13/2024 22:35,9/13/2024 22:35,ARR,SAF,AA,OO7,\N,D,6216,E,E23B,2897
9/14/2024 0:34,9/14/2024 0:34,ARR,CLL,AA,OO7,\N,D,6373,E,E23A,2898
9/14/2024 0:50,9/14/2024 0:50,ARR,EVV,AA,OO7,\N,D,4928,E,E23B,2899
9/13/2024 21:26,9/13/2024 21:26,DEP,MIA,AA,38R,N941NN,D,1261,C,C31,2900
9/13/2024 21:04,9/13/2024 21:04,DEP,BOS,AA,38K,N991AN,D,2306,B,B5,2901
9/14/2024 2:17,9/14/2024 2:17,DEP,LFT,AA,OO7,\N,D,4829,E,E29B,2902
9/14/2024 1:55,9/14/2024 1:55,DEP,EVV,AA,OO7,\N,D,4904,E,E27B,2903
9/14/2024 0:02,9/14/2024 0:02,DEP,DRO,AA,OO7,\N,D,4908,E,E23A,2904
9/13/2024 19:50,9/13/2024 19:50,DEP,BHM,AA,OO7,\N,D,4916,E,E23B,2905
9/14/2024 2:15,9/14/2024 2:15,DEP,SJT,AA,OO7,\N,D,4884,E,E27A,2906
9/13/2024 21:25,9/13/2024 21:25,DEP,LCH,AA,OO7,\N,D,4965,E,E27A,2907
9/13/2024 19:50,9/13/2024 19:50,DEP,MAF,AA,OO7,\N,D,4900,E,E28,2908
9/14/2024 1:55,9/14/2024 1:55,DEP,SPS,AA,OO7,\N,D,4971,E,E34,2909
9/13/2024 20:22,9/13/2024 20:22,DEP,EVV,AA,OO7,\N,D,4928,E,E24A,2910
9/13/2024 21:45,9/13/2024 21:45,DEP,ACT,AA,OO7,\N,D,4925,E,E38A,2911
9/13/2024 20:40,9/13/2024 20:40,DEP,SAF,AA,OO7,\N,D,4936,B,B30,2912
9/13/2024 19:58,9/13/2024 19:58,DEP,BRO,AA,OO7,\N,D,4924,E,E34,2913
9/13/2024 19:51,9/13/2024 19:51,DEP,DRO,AA,OO7,\N,D,4929,E,E22A,2914
9/13/2024 13:28,9/13/2024 13:28,DEP,CHA,AA,CP9,\N,D,5127,B,B25,2915
9/14/2024 0:30,9/14/2024 0:30,DEP,PIA,AA,CP9,\N,D,5229,E,E35A,2916
9/14/2024 2:01,9/14/2024 2:01,DEP,BHM,AA,CP9,\N,D,5176,E,E35A,2917
9/14/2024 0:44,9/14/2024 0:44,DEP,DAY,AA,CP9,\N,D,5245,E,E34,2918
9/14/2024 1:54,9/14/2024 1:54,DEP,SAF,AA,OO7,\N,D,6271,E,E23B,2919
9/14/2024 2:20,9/14/2024 2:20,DEP,BPT,AA,OO7,\N,D,6313,E,E25A,2920
9/13/2024 19:50,9/13/2024 19:50,DEP,ASE,AA,OO7,\N,D,6370,E,E24B,2921
9/14/2024 0:24,9/14/2024 0:24,DEP,SAF,AA,OO7,\N,D,6352,E,E24A,2922
9/14/2024 0:02,9/14/2024 0:02,DEP,GRI,AA,OO7,\N,D,6319,E,E25A,2923
9/13/2024 22:16,9/13/2024 22:16,ARR,MLU,AA,OO7,\N,D,6241,E,E25A,2924
9/14/2024 2:57,9/14/2024 2:57,DEP,AEX,AA,OO7,\N,D,6306,E,E23A,2925
9/14/2024 2:15,9/14/2024 2:15,DEP,LAW,AA,OO7,\N,D,6296,E,E29A,2926
9/13/2024 21:51,9/13/2024 21:51,DEP,CLL,AA,OO7,\N,D,6373,E,E34,2927
9/13/2024 13:59,9/13/2024 13:59,ARR,TYS,AA,CP9,\N,D,5067,E,E35B,2928
9/11/2024 20:50,9/11/2024 20:50,DEP,ATL,DL,321,N119DN,D,921,E,E14,2929
9/11/2024 16:35,9/11/2024 16:35,DEP,EWR,UA,737,N33714,D,560,E,E6,2930
9/13/2024 11:45,9/13/2024 11:45,ARR,GRU,AA,789,N823AN,I,962,D,D29,2935
9/13/2024 11:16,9/13/2024 11:16,ARR,ANC,AA,32E,N440AN,D,399,A,A22,2936
9/11/2024 13:07,9/11/2024 13:08,DEP,FAR,AA,E7M,N260NN,D,3490,B,B31,2938
9/11/2024 13:11,9/11/2024 13:15,DEP,JAC,AA,319,N9015D,D,1443,A,A21,2939
9/11/2024 14:59,9/11/2024 15:05,DEP,BRO,AA,E7M,N322RC,D,3872,B,B28,2940
9/11/2024 16:39,9/11/2024 16:57,ARR,SJC,AA,38K,N860NN,D,445,C,C2,2941
9/11/2024 16:38,9/11/2024 16:39,ARR,HRL,AA,E7M,N273NN,D,3473,B,B21,2942
9/11/2024 16:52,9/11/2024 17:04,ARR,DEN,AA,38K,N928NN,D,1523,B,B17,2943
9/11/2024 17:40,9/11/2024 17:36,ARR,IND,AA,38K,N817NN,D,1506,A,A9,2944
9/11/2024 18:08,9/11/2024 18:24,ARR,AUS,AA,38K,N920NN,D,784,A,A35,2945
9/11/2024 18:11,9/11/2024 18:15,ARR,MCI,AA,38K,N938NN,D,2296,C,C7,2946
9/11/2024 15:15,9/11/2024 15:19,DEP,YUM,AA,OO7,N772SK,D,6234,E,E25,2947
9/11/2024 17:27,9/11/2024 17:33,DEP,ABI,AA,E7R,N788CJ,D,3468,E,E38A,2948
9/11/2024 18:18,9/11/2024 18:35,ARR,SAN,AA,32C,N162AA,D,2535,C,C12,2949
9/11/2024 16:01,9/11/2024 15:50,DEP,ORF,AA,38K,N943AN,D,2638,C,C21,2950
9/11/2024 18:22,9/11/2024 18:54,ARR,LAS,AA,A21,N972UY,D,1890,A,A11,2951
9/11/2024 18:29,9/11/2024 18:54,ARR,PHL,AA,A21,N539UW,D,2127,C,C14,2952
9/11/2024 18:22,9/11/2024 18:38,ARR,COS,AA,38K,N874NN,D,1552,A,A36,2953
9/11/2024 18:16,9/11/2024 18:32,ARR,CLT,AA,A21,N567UW,D,1467,C,C8,2954
9/11/2024 15:26,9/11/2024 15:09,DEP,MIA,AA,38K,N834NN,D,1275,A,A17,2955
9/11/2024 15:53,9/11/2024 15:41,DEP,CMH,AA,38K,N960AN,D,1550,A,A38,2956
9/11/2024 20:41,9/11/2024 19:36,ARR,MEX,Y4,32N,XAVLF,I,800,D,D6,2957
9/11/2024 19:39,9/11/2024 19:40,DEP,GJT,AA,E7M,N254NN,D,3592,B,B27,2958
9/11/2024 21:19,9/11/2024 21:37,ARR,IAH,NK,A21N,N723NK,D,3724,E,E31,2959
9/11/2024 22:42,9/11/2024 22:50,ARR,TUL,AA,E7M,N209NN,D,3956,B,B48,2960
9/11/2024 21:31,9/11/2024 21:35,DEP,MAF,AA,E7M,N329DD,D,3573,B,B38,2961
9/11/2024 21:38,9/11/2024 21:35,DEP,LIT,AA,19W,N724UW,D,3066,A,A20,2962
9/11/2024 14:39,9/11/2024 14:53,ARR,OKC,AA,E7M,N214NN,D,3506,B,B33,2963
9/14/2024 0:45,9/14/2024 0:45,DEP,SEA,AS,7M9,N931AK,D,575,E,E11,2964
9/13/2024 23:45,9/13/2024 23:45,ARR,SEA,AS,7M9,N931AK,D,576,E,E11,2965
9/11/2024 13:05,9/11/2024 13:14,ARR,GJT,AA,OO7,N770SK,D,4835,E,E35A,2966
9/11/2024 13:36,9/11/2024 14:03,ARR,DEN,AA,32C,N129AA,D,1067,D,D34,2967
9/11/2024 10:56,9/11/2024 11:00,DEP,MIA,AA,32C,N989AU,D,2955,A,A28,2968
9/11/2024 12:12,9/11/2024 12:19,DEP,MAF,AA,OO7,N715SK,D,4858,E,E23B,2969
9/11/2024 14:07,9/11/2024 12:18,ARR,HOU,AA,OO7,N772SK,D,4951,E,E25,2970
9/11/2024 14:25,9/11/2024 14:20,ARR,YYZ,AA,38K,N910NN,I,1169,A,A10,2971
9/13/2024 11:00,9/13/2024 11:00,DEP,SEA,AS,737,N407AS,D,365,E,E11,2972
9/14/2024 0:29,9/14/2024 0:29,DEP,BOI,AA,32C,N987AM,D,329,C,C36,2974
9/14/2024 0:20,9/14/2024 0:20,DEP,GRU,AA,789,N840AN,I,963,D,D29,2975
9/13/2024 13:36,9/13/2024 13:36,ARR,CUU,AA,E7R,N742GR,I,3369,B,B2,2976
9/13/2024 11:45,9/13/2024 11:45,ARR,LRD,AA,E7M,N215NN,D,3475,B,B1,2977
9/12/2024 19:53,9/12/2024 19:53,DEP,CHA,AA,E7M,N307LH,D,3913,B,B31,2978
9/13/2024 19:48,9/13/2024 19:48,DEP,JFK,AA,38K,N858NN,D,820,C,C8,2979
9/13/2024 12:00,9/13/2024 12:00,DEP,ATL,DL,32S,N106DN,D,893,E,E15,2980
9/13/2024 0:32,9/13/2024 0:32,DEP,EWR,UA,737,N17264,D,1517,E,E6,2981
9/14/2024 1:43,9/14/2024 1:43,DEP,SEA,AA,A21,N923US,D,2344,A,A22,2982
9/13/2024 15:17,9/13/2024 15:17,DEP,TUS,AA,38K,N908NN,D,2721,C,C29,2983
9/13/2024 20:55,9/13/2024 20:55,ARR,TUS,AA,38K,N908NN,D,2721,C,C17,2984
9/13/2024 10:02,9/13/2024 10:02,ARR,LAS,AA,A21,N915US,D,2166,D,D33,2985
9/13/2024 21:09,9/13/2024 21:09,ARR,BJX,AA,737,N837NN,I,1393,D,D17,2986
9/12/2024 12:28,9/12/2024 12:37,ARR,MSP,AA,38K,N949AN,D,2954,C,C39,2987
9/13/2024 11:00,9/13/2024 11:00,DEP,LGA,DL,220,N119DU,D,461,E,E13,2988
9/12/2024 12:40,9/12/2024 12:16,ARR,BHM,AA,CP9,N576NN,D,5173,E,E34A,2989
9/12/2024 12:50,9/12/2024 11:15,ARR,LBB,AA,E7M,N249NN,D,4035,B,B44,2990
9/12/2024 12:14,9/12/2024 12:10,ARR,RDU,AA,A21,N974UY,D,2605,D,D25,2991
9/12/2024 12:06,9/12/2024 12:12,DEP,SAT,AA,319,N9018E,D,3091,C,C20,2992
9/12/2024 12:39,9/12/2024 13:06,ARR,DEN,F9,UNK,N619FR,D,1324,E,E10,2993
9/12/2024 11:00,9/12/2024 11:00,DEP,DEN,F9,UNK,N358FR,D,1323,D,D11,2994
9/12/2024 13:09,9/12/2024 13:19,ARR,PHL,F9,UNK,N639FR,D,2969,E,E20,2995
9/12/2024 13:26,9/12/2024 13:44,ARR,MFE,AA,38K,N831NN,D,64,A,A8,2996
9/11/2024 12:15,9/11/2024 12:15,DEP,IAH,UA,737,N54711,D,2670,E,E5,2997
9/11/2024 17:06,9/11/2024 17:02,ARR,IAH,AA,38R,N954NN,D,1407,A,A37,2998
9/11/2024 14:10,9/11/2024 14:10,DEP,DEN,UA,319,N898UA,D,1253,E,E9,2999
9/11/2024 14:59,9/11/2024 14:59,DEP,ATL,F9,UNK,N313FR,D,3022,E,E10,3000
9/11/2024 17:17,9/11/2024 17:29,ARR,MSY,AA,38R,N986NN,D,1871,A,A21,3001
9/11/2024 17:14,9/11/2024 17:34,ARR,BRO,AA,E7M,N213NN,D,3880,B,B32,3002
9/11/2024 17:15,9/11/2024 16:07,ARR,MIA,F9,UNK,N636FR,D,2675,E,E10,3003
9/11/2024 17:55,9/11/2024 18:02,ARR,JAX,AA,38K,N924AN,D,1061,C,C21,3004
9/11/2024 17:30,9/11/2024 18:02,ARR,SNA,AA,32E,N403AN,D,2258,A,A29,3005
9/11/2024 13:43,9/11/2024 13:09,DEP,FAT,AA,737,N917AN,D,1729,D,D16,3006
9/12/2024 13:12,9/12/2024 13:15,DEP,CUN,AA,32C,N906AA,I,1190,B,B6,3007
9/13/2024 21:35,9/13/2024 21:35,DEP,HOU,AA,E7M,N249NN,D,3470,B,B43,3008
9/14/2024 0:49,9/14/2024 0:49,ARR,HOU,AA,E7M,N249NN,D,3470,B,B47,3009
9/13/2024 1:00,9/13/2024 1:00,ARR,GSO,AA,737,N936AN,D,1598,D,D1,3010
9/12/2024 13:47,9/12/2024 13:25,DEP,GDL,AA,38K,N871NN,I,1174,A,A29,3011
9/12/2024 16:15,9/12/2024 16:08,ARR,MEM,AA,E7M,N226NN,D,3973,B,B29,3012
9/12/2024 13:22,9/12/2024 13:09,DEP,GSP,AA,E7M,N211NN,D,3436,B,B43,3013
9/12/2024 13:26,9/12/2024 13:28,DEP,PHX,AA,32C,N135NN,D,520,A,A33,3014
9/12/2024 13:09,9/12/2024 13:18,DEP,SNA,AA,38R,N991NN,D,2253,A,A21,3015
9/12/2024 13:46,9/12/2024 13:14,DEP,FSM,AA,E7R,N774JG,D,3942,B,B1A,3016
9/12/2024 16:18,9/12/2024 16:25,ARR,SMF,AA,A21,N922US,D,1544,C,C35,3017
9/12/2024 13:24,9/12/2024 13:30,DEP,MCO,AA,32C,N139AN,D,1672,B,B11,3018
9/13/2024 0:45,9/13/2024 0:45,DEP,LAS,AA,32C,N910AU,D,1459,D,D29,3019
9/13/2024 20:55,9/13/2024 20:55,ARR,RAP,AA,E7M,N253NN,D,4106,B,B42,3020
9/13/2024 20:55,9/13/2024 20:55,ARR,LIT,AA,E7M,N258NN,D,3855,B,B39,3021
9/13/2024 22:11,9/13/2024 22:11,DEP,BIL,AA,E7M,N258NN,D,3937,B,B39,3022
9/13/2024 20:55,9/13/2024 20:55,ARR,CHA,AA,E7M,N249NN,D,4139,B,B43,3023
9/13/2024 0:36,9/13/2024 0:36,ARR,SJC,NK,32N,\N,D,1942,E,E32,3024
9/13/2024 19:31,9/13/2024 19:31,DEP,LEX,AA,E7M,N244NN,D,3491,B,B1,3025
9/12/2024 16:41,9/12/2024 16:30,ARR,AMA,AA,E7M,N305CL,D,3969,B,B33,3026
9/12/2024 15:13,9/12/2024 15:17,DEP,LIT,AA,OO7,N717EV,D,4822,E,E29B,3027
9/12/2024 15:06,9/12/2024 15:10,DEP,BTR,AA,E7R,N789SS,D,3796,B,B3A,3028
9/12/2024 15:05,9/12/2024 15:10,DEP,LCH,AA,OO7,N742SK,D,4966,E,E35A,3029
9/12/2024 14:06,9/12/2024 14:10,DEP,MEM,NK,A320,N655NK,D,1015,E,E33,3030
9/13/2024 17:19,9/13/2024 17:19,DEP,YYZ,AA,737,N960NN,I,1111,D,D37,3031
9/13/2024 14:18,9/13/2024 14:18,ARR,MGM,AA,E7M,N252NN,D,3358,B,B33,3032
9/13/2024 15:20,9/13/2024 15:20,DEP,LGA,AA,38R,N988NN,D,2335,A,A38,3033
9/13/2024 23:55,9/13/2024 23:55,ARR,LGA,AA,38R,N988NN,D,2916,A,A33,3034
9/13/2024 14:20,9/13/2024 14:20,ARR,ATW,AA,E7M,N230NN,D,3673,B,B22,3035
9/13/2024 3:34,9/13/2024 3:34,DEP,XNA,AA,E7M,N246NN,D,3693,B,B33,3036
9/13/2024 13:52,9/13/2024 13:52,ARR,MAF,AA,E7M,N270NN,D,3343,B,B35,3037
9/13/2024 1:59,9/13/2024 1:59,DEP,BNA,AA,32C,N147AA,D,1500,C,C19,3038
9/12/2024 15:06,9/12/2024 15:10,DEP,HSV,AA,OO7,N611SK,D,4955,E,E37A,3039
9/13/2024 11:06,9/13/2024 11:06,ARR,SJT,AA,E7R,N788CJ,D,4109,B,B31,3040
9/12/2024 16:40,9/12/2024 17:03,ARR,EWR,UA,737,N47284,D,293,E,E6,3041
9/13/2024 12:12,9/13/2024 12:12,DEP,SAT,AA,A19,N822AW,D,3091,A,A20,3042
9/13/2024 20:50,9/13/2024 20:50,DEP,ATL,DL,32S,N118DY,D,921,E,E13,3043
9/13/2024 2:24,9/13/2024 2:24,ARR,BHM,AA,E7M,N292NN,D,3383,B,B46,3044
9/12/2024 16:42,9/12/2024 16:34,ARR,IAH,NK,A21N,N708NK,D,3803,E,E18,3045
9/13/2024 12:00,9/13/2024 12:00,DEP,DSM,AA,E7M,N274NN,D,3930,B,B34,3046
9/13/2024 2:14,9/13/2024 2:14,DEP,JAN,AA,E7M,N257NN,D,3663,B,B40,3047
9/13/2024 1:55,9/13/2024 1:55,DEP,MOB,AA,E7M,N232NN,D,4013,B,B22,3048
9/13/2024 0:39,9/13/2024 0:39,ARR,LEX,AA,E7M,N232NN,D,3491,B,B22,3049
9/13/2024 1:51,9/13/2024 1:51,ARR,ELP,AA,E7M,N290NN,D,3854,B,B19,3050
9/13/2024 0:34,9/13/2024 0:34,ARR,GJT,AA,E7M,N279MQ,D,3592,B,B27,3051
9/13/2024 0:53,9/13/2024 0:53,DEP,ATW,AA,E7M,N230NN,D,3681,B,B33,3052
9/12/2024 23:33,9/12/2024 23:33,DEP,XNA,AA,E7M,N246NN,D,3790,B,B4,3053
9/12/2024 22:47,9/12/2024 22:47,DEP,RDU,AA,32C,N905AU,D,1605,C,C21,3054
9/14/2024 0:39,9/14/2024 0:39,ARR,ORD,AA,38M,N321TG,D,2499,A,A18,3055
9/12/2024 17:08,9/12/2024 17:25,ARR,MTY,AA,E7M,N212NN,I,3515,B,B1A,3056
9/12/2024 17:12,9/12/2024 16:39,ARR,HOU,AA,E7Q,N762DT,D,3802,E,E38A,3057
9/12/2024 17:09,9/12/2024 16:56,ARR,AEX,AA,OO7,N718SK,D,4812,E,E23B,3058
9/12/2024 14:58,9/12/2024 15:00,DEP,COS,AA,E7M,N234JW,D,3827,B,B21,3059
9/13/2024 0:19,9/13/2024 0:19,ARR,BHM,AA,E7M,N255NN,D,3820,B,B36,3060
9/12/2024 16:04,9/12/2024 16:07,DEP,SHV,AA,E7R,N787BP,D,3939,E,E38A,3061
9/12/2024 15:01,9/12/2024 15:10,DEP,ASE,AA,OO7,N748SK,D,6372,E,E24A,3062
9/12/2024 14:48,9/12/2024 14:47,ARR,ORD,UA,320,N451UA,D,729,E,E9,3063
9/12/2024 14:35,9/12/2024 14:28,DEP,TPA,AA,38K,N889NN,D,2328,A,A22,3064
9/12/2024 16:59,9/12/2024 17:18,ARR,MIA,AA,A21,N537UW,D,2862,C,C16,3065
9/13/2024 13:40,9/13/2024 13:40,ARR,AGU,AA,E7M,N255NN,I,3339,B,B3,3066
9/12/2024 23:15,9/12/2024 23:15,DEP,LHR,AA,772,N762AN,I,50,D,D30,3067
9/13/2024 2:45,9/13/2024 2:45,ARR,ATL,AA,32E,N457AM,D,2403,A,A9,3068
9/12/2024 21:45,9/12/2024 21:45,DEP,LHR,AA,77W,N723AN,I,20,D,D27,3069
9/12/2024 14:15,9/12/2024 14:20,DEP,SAN,AA,32C,N905AU,D,2034,C,C4,3070
9/13/2024 13:28,9/13/2024 13:28,ARR,ORD,AA,38R,N988NN,D,2610,A,A38,3071
9/12/2024 22:31,9/12/2024 22:31,DEP,AUS,AA,38K,N957AN,D,2558,A,A21,3072
9/12/2024 23:49,9/12/2024 23:49,DEP,ILM,AA,E7M,N211NN,D,4010,B,B27,3073
9/13/2024 0:00,9/13/2024 0:00,ARR,SAT,NK,32B,\N,D,346,E,E33,3074
9/13/2024 18:02,9/13/2024 18:02,DEP,TVC,AA,E7M,N264NN,D,3988,B,B33,3075
9/13/2024 17:15,9/13/2024 17:15,ARR,SDF,AA,E7M,N264NN,D,3948,B,B33,3076
9/14/2024 2:06,9/14/2024 2:06,DEP,CRP,AA,E7M,N264NN,D,4065,B,B37,3077
9/14/2024 0:08,9/14/2024 0:08,ARR,TVC,AA,E7M,N264NN,D,3988,B,B37,3078
9/13/2024 0:09,9/13/2024 0:09,ARR,ILM,AA,E7M,N257NN,D,3851,B,B40,3079
9/13/2024 0:22,9/13/2024 0:22,ARR,COU,AA,E7M,N252NN,D,3853,B,B35,3080
9/13/2024 2:39,9/13/2024 2:39,ARR,GSP,AA,E7M,N274NN,D,3442,B,B34,3081
9/11/2024 22:06,9/11/2024 21:45,DEP,LHR,AA,77W,N726AN,I,20,D,D27,3082
9/13/2024 15:00,9/13/2024 15:00,DEP,COU,AA,E7M,N211NN,D,3416,B,B42,3083
9/13/2024 19:07,9/13/2024 19:07,ARR,COU,AA,E7M,N211NN,D,3416,B,B27,3084
9/13/2024 14:05,9/13/2024 14:05,ARR,ILM,AA,E7M,N211NN,D,4011,B,B42,3085
9/13/2024 19:53,9/13/2024 19:53,DEP,CHA,AA,E7M,N211NN,D,3913,B,B27,3086
9/13/2024 12:23,9/13/2024 12:23,ARR,BRO,AA,E7M,N226NN,D,3761,B,B19,3087
9/12/2024 23:20,9/12/2024 23:20,DEP,SLC,DL,220,N135DQ,D,2811,E,E12,3088
9/13/2024 1:15,9/13/2024 1:15,DEP,TUL,AA,737,N906NN,D,1446,D,D4,3089
9/13/2024 1:00,9/13/2024 1:00,ARR,LRD,AA,E7M,N270NN,D,3503,B,B1A,3090
9/13/2024 1:08,9/13/2024 1:08,DEP,AGU,AA,E7M,N255NN,I,3670,B,B36,3091
9/12/2024 22:01,9/12/2024 22:01,DEP,BOG,AA,38M,N315RJ,I,1137,A,A36,3092
9/13/2024 17:25,9/13/2024 17:25,DEP,ORD,UA,737,N76529,D,436,E,E9,3093
9/12/2024 21:14,9/12/2024 21:14,DEP,SFO,AA,A21,N177US,D,636,B,B18,3094
9/13/2024 23:59,9/13/2024 23:59,ARR,TYR,AA,E7M,N263NN,D,3971,B,B25,3095
9/13/2024 21:35,9/13/2024 21:35,DEP,TYR,AA,E7M,N263NN,D,3971,B,B36,3096
9/12/2024 22:12,9/12/2024 22:12,ARR,OKC,AA,E7M,N250NN,D,3897,B,B34,3097
9/12/2024 15:28,9/12/2024 15:38,ARR,IAD,UA,319,N832UA,D,2314,E,E8,3098
9/13/2024 18:32,9/13/2024 18:32,ARR,CLT,AA,A21,N508AY,D,1467,B,B11,3099
9/13/2024 16:01,9/13/2024 16:01,ARR,JFK,AA,38M,N336SR,D,860,D,D34,3100
9/13/2024 13:22,9/13/2024 13:22,DEP,IAH,UA,CRJ,N329MS,D,6297,E,E6,3101
9/13/2024 1:59,9/13/2024 1:59,DEP,LIT,AA,CP9,N564NN,D,5652,E,E34A,3102
9/13/2024 1:39,9/13/2024 1:39,ARR,OKC,AA,OO7,N614QX,D,4967,E,E36,3103
9/12/2024 17:29,9/12/2024 17:37,ARR,ELP,AA,38R,N352PS,D,1365,D,D40,3104
9/13/2024 15:34,9/13/2024 15:34,ARR,XNA,AA,E7M,N239NN,D,3588,B,B24,3105
9/13/2024 0:24,9/13/2024 0:24,DEP,MTY,AA,E7M,N277NN,I,3661,B,B21,3106
9/13/2024 0:44,9/13/2024 0:44,ARR,CHA,AA,E7M,N307LH,D,3736,B,B28,3107
9/13/2024 3:41,9/13/2024 3:41,DEP,MAF,AA,E7M,N307LH,D,3543,B,B28,3108
9/13/2024 1:40,9/13/2024 1:40,DEP,XNA,AA,E7M,N233NN,D,4138,B,B30,3109
9/13/2024 0:44,9/13/2024 0:44,ARR,MOB,AA,E7M,N233NN,D,3678,B,B30,3110
9/13/2024 2:06,9/13/2024 2:06,ARR,PHX,AA,32Q,N444UW,D,1972,D,D2,3111
9/12/2024 20:45,9/12/2024 20:45,DEP,ROW,AA,OO7,N761ND,D,4890,E,E22B,3112
9/12/2024 22:53,9/12/2024 22:53,ARR,GRI,AA,OO7,N608SK,D,4956,E,E30,3113
9/14/2024 4:03,9/14/2024 4:03,ARR,ORD,AA,788,N807AA,D,1463,A,A34,3114
9/13/2024 0:36,9/13/2024 0:26,ARR,SFO,AA,32C,N166NN,D,2387,A,A19,3115
9/13/2024 0:34,9/13/2024 0:34,ARR,SHV,AA,E7M,N262NN,D,4002,B,B44,3116
9/13/2024 1:43,9/13/2024 1:43,DEP,SDF,AA,E7M,N262NN,D,3393,B,B44,3117
9/13/2024 3:30,9/13/2024 3:30,DEP,SGF,AA,E7M,N220NN,D,3703,B,B29,3118
9/13/2024 12:15,9/13/2024 12:15,DEP,XNA,AA,E7M,N239NN,D,3588,B,B37,3119
9/13/2024 2:50,9/13/2024 2:50,ARR,MAF,AA,E7M,N264NN,D,3992,B,B44,3120
9/13/2024 0:49,9/13/2024 0:49,ARR,AEX,AA,E7R,N774JG,D,3904,E,E37B,3121
9/12/2024 17:41,9/12/2024 18:04,ARR,PHX,AA,38K,N991AN,D,1276,D,D31,3122
9/12/2024 13:59,9/12/2024 14:05,DEP,SJC,AA,38R,N358PW,D,2046,D,D38,3123
9/12/2024 19:52,9/12/2024 19:52,DEP,SHV,AA,E7M,N277NN,D,4001,B,B22,3124
9/12/2024 23:04,9/12/2024 23:04,DEP,LGA,AA,38R,N973NN,D,1299,C,C19,3125
9/13/2024 2:33,9/13/2024 2:33,DEP,BWI,NK,32N,\N,D,1936,E,E31,3126
9/12/2024 23:27,9/12/2024 23:27,DEP,DTW,DL,320,N368NW,D,1543,E,E14,3127
9/13/2024 21:00,9/13/2024 21:00,DEP,ORD,AA,38K,N810NN,D,433,A,A16,3128
9/13/2024 1:59,9/13/2024 1:59,DEP,ORD,AA,38M,N320TF,D,2346,A,A35,3129
9/12/2024 13:22,9/12/2024 13:22,DEP,IAH,UA,CRJ,N933LR,D,6297,E,E6,3130
9/12/2024 15:37,9/12/2024 15:31,DEP,DEN,AA,A21,N176UW,D,2579,D,D18,3131
9/12/2024 15:01,9/12/2024 15:00,DEP,SLP,AA,32S,N806AW,I,1097,D,D2,3132
9/12/2024 17:53,9/12/2024 18:09,ARR,FAT,AA,A21,N573UW,D,841,B,B7,3133
9/12/2024 13:55,9/12/2024 14:00,DEP,BOS,AA,A21,N184US,D,1285,D,D20,3134
9/12/2024 23:12,9/12/2024 23:12,DEP,MSP,DL,320,N355NW,D,2971,E,E15,3135
9/13/2024 18:35,9/13/2024 18:35,DEP,ATL,DL,32S,N394DX,D,414,E,E15,3136
9/13/2024 12:05,9/13/2024 12:05,DEP,EWR,UA,737,N17285,D,1349,E,E6,3137
9/13/2024 18:43,9/13/2024 18:43,DEP,DEN,UA,32S,N807UA,D,1380,E,E8,3138
9/12/2024 17:27,9/12/2024 17:33,DEP,ABI,AA,E7M,N270NN,D,3468,B,B32,3139
9/12/2024 18:07,9/12/2024 18:06,ARR,LBB,AA,E7M,N308LD,D,3852,B,B25,3140
9/12/2024 18:11,9/12/2024 18:34,ARR,DRO,AA,OO7,N612QX,D,4934,E,E30,3141
9/12/2024 16:00,9/12/2024 16:00,DEP,IND,AA,32C,N154AA,D,2456,C,C4,3142
9/12/2024 18:16,9/12/2024 16:55,DEP,GPT,SY,B738,\N,D,8129,D,D12,3143
9/13/2024 14:08,9/13/2024 14:08,ARR,BHM,AA,E7M,N244NN,D,3433,B,B27,3144
9/13/2024 13:45,9/13/2024 13:45,DEP,PHX,NK,32B,\N,D,972,E,E32,3145
9/13/2024 3:12,9/13/2024 3:12,ARR,MCO,NK,32N,\N,D,503,E,E32,3146
9/12/2024 22:55,9/12/2024 22:32,ARR,DTW,DL,320,N368NW,D,1543,E,E14,3147
9/12/2024 15:13,9/12/2024 15:09,DEP,MIA,AA,38K,N961AN,D,1275,B,B9,3148
9/12/2024 22:30,9/12/2024 22:42,ARR,IAH,UA,319,N812UA,D,1788,E,E9,3149
9/12/2024 15:17,9/12/2024 15:19,DEP,YUM,AA,OO7,N713SK,D,6234,E,E23A,3150
9/12/2024 18:16,9/12/2024 18:22,ARR,MCI,AA,38K,N992AN,D,2296,C,C12,3151
9/12/2024 15:01,9/12/2024 15:05,DEP,SBA,AA,319,N93003,D,2083,A,A28,3152
9/12/2024 17:48,9/12/2024 17:47,ARR,DEN,UA,32S,N898UA,D,1350,E,E8,3153
9/12/2024 18:18,9/12/2024 17:15,ARR,SDF,AA,E7M,N215NN,D,3948,B,B42,3154
9/12/2024 13:19,9/12/2024 13:19,DEP,YVR,AA,A21,N190UW,I,1415,A,A9,3155
9/13/2024 1:54,9/13/2024 1:54,DEP,TUS,AA,E7M,N313BS,D,3695,B,B42,3156
9/13/2024 0:44,9/13/2024 0:44,ARR,AMA,AA,E7M,N313BS,D,3789,B,B42,3157
9/12/2024 22:22,9/12/2024 22:23,ARR,LFT,AA,E7M,N308LD,D,3497,B,B33,3158
9/12/2024 20:25,9/12/2024 20:25,DEP,COU,AA,E7M,N252NN,D,3853,B,B25,3159
9/12/2024 23:21,9/12/2024 23:01,ARR,CHS,AA,E7M,N281NN,D,3771,B,B42,3160
9/13/2024 17:03,9/13/2024 17:03,ARR,EWR,UA,737,N17328,D,293,E,E6,3161
9/13/2024 12:01,9/13/2024 12:01,ARR,TYR,AA,E7R,N789SS,D,3763,B,B28,3162
9/13/2024 2:50,9/13/2024 2:50,ARR,LRD,AA,E7R,N789SS,D,3910,E,E37B,3163
9/13/2024 3:48,9/13/2024 3:48,DEP,TYR,AA,E7R,N789SS,D,3659,E,E37B,3164
9/12/2024 22:56,9/12/2024 22:57,ARR,FLL,NK,A320,\N,D,1224,E,E31,3165
9/12/2024 23:40,9/12/2024 23:40,DEP,ICT,AA,E7Q,N764JD,D,3337,B,B43,3166
9/13/2024 3:35,9/13/2024 3:35,DEP,TXK,AA,E7M,N267NN,D,3714,B,B38,3167
9/12/2024 17:06,9/12/2024 16:51,DEP,SMF,AA,32C,N904AA,D,2078,D,D22,3168
9/13/2024 1:43,9/13/2024 0:49,ARR,ASE,AA,OO7,N702SK,D,6370,E,E29A,3169
9/13/2024 1:00,9/13/2024 1:00,ARR,RNO,AA,38K,N809NN,D,1923,D,D18,3170
9/12/2024 23:53,9/12/2024 23:53,DEP,LAS,AA,32C,N994AN,D,1771,D,D17,3171
9/12/2024 22:53,9/12/2024 22:53,DEP,ORD,UA,32S,N825UA,D,1436,E,E8,3172
9/13/2024 14:11,9/13/2024 14:11,ARR,AVL,AA,E7M,N237NN,D,3360,B,B22,3173
9/13/2024 2:44,9/13/2024 2:44,ARR,SDF,AA,E7M,N209NN,D,4019,B,B36,3174
9/12/2024 22:46,9/12/2024 22:46,DEP,SGF,AA,E7M,N215NN,D,3671,B,B42,3175
9/12/2024 19:10,9/12/2024 18:43,DEP,DEN,UA,32S,N898UA,D,1380,E,E8,3176
9/13/2024 0:11,9/13/2024 0:11,DEP,AVL,AA,E7M,N237NN,D,3351,B,B28,3177
9/12/2024 21:24,9/12/2024 20:45,ARR,ASE,AA,OO7,N771SK,D,4843,E,E27B,3178
9/12/2024 23:54,9/12/2024 23:57,ARR,SJU,NK,A20N,\N,D,3708,E,E18,3179
9/12/2024 18:38,9/12/2024 18:37,DEP,CLE,AA,38R,N352PS,D,2336,D,D40,3180
9/13/2024 1:18,9/13/2024 1:05,ARR,MAD,IB,A333,\N,I,6149,D,D11,3181
9/12/2024 20:46,9/12/2024 20:43,ARR,GJT,AA,OO7,N726SK,D,4871,E,E30,3182
9/13/2024 12:30,9/13/2024 12:30,DEP,IAD,UA,32S,N847UA,D,2639,E,E5,3183
9/13/2024 22:44,9/13/2024 22:44,ARR,OKC,AA,E7M,N241NN,D,3897,B,B38,3184
9/13/2024 20:11,9/13/2024 20:11,DEP,OKC,AA,E7M,N241NN,D,3344,B,B43,3185
9/12/2024 18:38,9/12/2024 18:45,DEP,GRI,AA,OO7,N608SK,D,4956,E,E26,3186
9/12/2024 19:52,9/12/2024 20:10,ARR,SLP,AA,A19,N806AW,I,1097,D,D17,3187
9/12/2024 20:50,9/12/2024 20:50,DEP,ATL,DL,321,N359DN,D,921,E,E13,3188
9/12/2024 21:15,9/12/2024 21:24,ARR,LAS,AA,32C,N164NN,D,1853,B,B9,3189
9/12/2024 20:38,9/12/2024 20:45,ARR,TYS,AA,38K,N943AN,D,2544,C,C36,3190
9/14/2024 0:34,9/14/2024 0:34,ARR,BOS,AA,737,N928NN,D,1163,D,D37,3191
9/12/2024 19:21,9/12/2024 19:24,ARR,MCI,AA,737,N974AN,D,2064,D,D17,3192
9/12/2024 16:56,9/12/2024 16:53,DEP,GRR,AA,E7M,N226NN,D,3443,B,B29,3193
9/12/2024 17:51,9/12/2024 17:55,DEP,IAH,NK,A21N,N708NK,D,3723,E,E18,3194
9/12/2024 17:24,9/12/2024 17:23,DEP,CMH,AA,E7M,N243NN,D,4040,B,B39,3195
9/12/2024 15:37,9/12/2024 15:24,DEP,RDM,AA,A05,N662AW,D,530,A,A18,3196
9/12/2024 17:32,9/12/2024 17:30,DEP,MIA,AA,32C,N928AM,D,1271,A,A20,3197
9/12/2024 17:29,9/12/2024 17:27,DEP,PHX,AA,32C,N995AN,D,1974,C,C36,3198
9/12/2024 17:28,9/12/2024 17:33,DEP,ICT,AA,E7M,N261NN,D,3551,B,B42,3199
9/12/2024 20:51,9/12/2024 20:55,ARR,CHA,AA,E7M,N258NN,D,4139,B,B24,3200
9/13/2024 13:58,9/13/2024 13:58,ARR,ORD,NK,32B,\N,D,824,E,E33,3201
9/12/2024 22:15,9/12/2024 22:25,ARR,JFK,AA,38R,N964NN,D,2234,C,C4,3202
9/13/2024 2:05,9/13/2024 2:05,DEP,MHK,AA,E7M,N205NN,D,3697,B,B31,3203
9/12/2024 18:03,9/12/2024 18:03,DEP,MCO,AA,A21,N576UW,D,1772,A,A16,3204
9/12/2024 19:39,9/12/2024 19:51,ARR,ELP,AA,E7M,N233NN,D,3856,B,B29,3205
9/12/2024 20:37,9/12/2024 20:38,ARR,BNA,AA,A21,N913US,D,1396,B,B16,3206
9/12/2024 18:38,9/12/2024 18:49,ARR,LIT,AA,OO7,N717EV,D,4822,E,E24B,3207
9/12/2024 17:46,9/12/2024 17:19,DEP,LRD,AA,E7R,N782SM,D,3502,B,B49,3208
9/12/2024 17:33,9/12/2024 17:31,DEP,SJD,AA,32C,N159AN,I,1663,B,B11,3209
9/12/2024 20:31,9/12/2024 20:40,ARR,IAH,AA,A05,N668AW,D,1431,C,C8,3210
9/12/2024 18:40,9/12/2024 18:42,DEP,SRQ,AA,38K,N919NN,D,2679,D,D22,3211
9/13/2024 1:25,9/13/2024 1:25,ARR,DTW,NK,A320,\N,D,1020,E,E32,3212
9/13/2024 17:47,9/13/2024 17:47,ARR,DEN,UA,32S,N807UA,D,1350,E,E8,3213
9/12/2024 21:50,9/12/2024 22:10,ARR,OAX,AA,32S,N104UW,I,2187,D,D37,3214
9/12/2024 20:13,9/12/2024 20:13,DEP,JAN,AA,OO7,N611SK,D,4935,E,E23B,3215
9/12/2024 23:51,9/12/2024 23:09,ARR,HRL,AA,E7M,N267NN,D,4052,B,B38,3216
9/12/2024 18:46,9/12/2024 18:51,DEP,LFT,AA,E7M,N308LD,D,3497,B,B25,3217
9/12/2024 18:22,9/12/2024 18:02,DEP,VPS,AA,38K,N973AN,D,2501,C,C8,3218
9/12/2024 19:25,9/12/2024 19:25,DEP,SLC,DL,220,N301DU,D,2800,E,E13,3219
9/12/2024 23:10,9/12/2024 23:10,ARR,LGA,DL,220,N318DU,D,846,E,E13,3220
9/12/2024 19:23,9/12/2024 19:44,ARR,ROW,AA,OO7,N750EV,D,4922,E,E23A,3221
9/12/2024 21:35,9/12/2024 21:35,DEP,LIT,AA,19W,N704US,D,2197,C,C30,3222
9/12/2024 18:59,9/12/2024 19:00,DEP,MSY,AA,32C,N134AN,D,2904,C,C15,3223
9/12/2024 21:17,9/12/2024 20:48,ARR,SNA,AA,38R,N991NN,D,2114,C,C6,3224
9/12/2024 19:15,9/12/2024 19:38,ARR,PHX,AA,32C,N122NN,D,3003,C,C15,3225
9/12/2024 18:28,9/12/2024 18:32,DEP,GSO,AA,38K,N936AN,D,1598,C,C6,3226
9/12/2024 20:43,9/12/2024 20:03,ARR,SAN,AA,32C,N998AN,D,767,A,A20,3227
9/12/2024 19:46,9/12/2024 19:55,ARR,HSV,AA,OO7,N611SK,D,4955,E,E23B,3228
9/12/2024 19:50,9/12/2024 19:59,ARR,SAF,AA,OO7,N761ND,D,4836,E,E22B,3229
9/12/2024 18:35,9/12/2024 18:57,ARR,SHV,AA,E7R,N787BP,D,3939,E,E37B,3230
9/12/2024 20:33,9/12/2024 20:23,ARR,CLT,AA,A21,N171US,D,840,A,A16,3231
9/12/2024 20:32,9/12/2024 20:44,ARR,DRO,AA,OO7,N702SK,D,4846,E,E29B,3232
9/12/2024 20:36,9/12/2024 20:03,ARR,SJD,AA,320,N126UW,I,1304,D,D2,3233
9/12/2024 20:00,9/12/2024 20:16,ARR,MCO,AA,32C,N139AN,D,2409,C,C35,3234
9/12/2024 21:50,9/12/2024 21:51,ARR,SFO,AA,38K,N917NN,D,3098,B,B14,3235
9/12/2024 17:53,9/12/2024 17:31,DEP,GGG,AA,E7R,N774JG,D,3870,E,E37A,3236
9/12/2024 17:40,9/12/2024 17:29,DEP,ONT,AA,A05,N655AW,D,2635,C,C39,3237
9/13/2024 1:12,9/13/2024 0:53,ARR,IAD,UA,319,N847UA,D,2116,E,E9,3238
9/12/2024 17:21,9/12/2024 17:26,DEP,RNO,AA,38K,N809NN,D,1923,B,B5,3239
9/12/2024 16:26,9/12/2024 16:30,DEP,RDU,AA,38R,N306PB,D,2381,C,C8,3240
9/12/2024 16:35,9/12/2024 16:35,DEP,EWR,UA,737,N23708,D,560,E,E6,3241
9/12/2024 18:35,9/12/2024 18:35,DEP,ATL,DL,321,N341DN,D,414,E,E15,3242
9/12/2024 18:38,9/12/2024 18:13,DEP,BNA,AA,38K,N923AN,D,1100,C,C7,3243
9/13/2024 0:12,9/12/2024 20:51,ARR,LGA,AA,38R,N947NN,D,2847,A,A18,3244
9/12/2024 16:09,9/12/2024 16:05,DEP,LAX,AA,32E,N450AN,D,943,A,A19,3245
9/13/2024 4:34,9/13/2024 4:31,ARR,ATL,NK,32Q,\N,D,837,E,E18,3246
9/12/2024 18:30,9/12/2024 18:30,ARR,SLC,DL,220,N301DU,D,2800,E,E13,3247
9/12/2024 15:20,9/12/2024 15:22,DEP,BOS,AA,38K,N982AN,D,1163,A,A37,3248
9/12/2024 16:17,9/12/2024 16:20,DEP,ORD,AA,737,N851NN,D,2412,D,D3,3249
9/12/2024 16:20,9/12/2024 16:15,DEP,JAC,AA,319,N8031M,D,1438,D,D23,3250
9/12/2024 18:31,9/12/2024 18:22,ARR,ORD,UA,737,N37277,D,1202,E,E9,3251
9/12/2024 21:02,9/12/2024 20:49,ARR,ATL,AA,38K,N944AN,D,980,C,C38,3252
9/12/2024 20:50,9/12/2024 21:02,ARR,IAH,UA,319,N877UA,D,2011,E,E4,3253
9/12/2024 19:01,9/12/2024 19:00,ARR,MSN,AA,A19,N828AW,D,2139,A,A25,3254
9/12/2024 16:25,9/12/2024 13:18,DEP,FWA,AA,OO7,N762SK,D,6186,E,E35A,3255
9/12/2024 15:11,9/12/2024 15:05,DEP,MBJ,AA,737,N971AN,I,2397,D,D3,3256
9/12/2024 15:26,9/12/2024 15:30,DEP,PDX,AA,A21,N586UW,D,2496,B,B18,3257
9/12/2024 14:45,9/12/2024 14:45,DEP,LGA,DL,220,N318DU,D,878,E,E17,3258
9/12/2024 13:37,9/12/2024 13:31,ARR,CAE,AA,319,N8027D,D,2256,C,C6,3259
9/13/2024 18:55,9/13/2024 18:55,ARR,ORD,AA,38M,N343SY,D,1995,C,C10,3260
9/12/2024 12:52,9/12/2024 12:19,DEP,MAF,AA,OO7,N730EV,D,4858,E,E22A,3261
9/12/2024 13:58,9/12/2024 13:54,ARR,ROW,AA,OO7,N717EV,D,6331,E,E29B,3262
9/12/2024 11:58,9/12/2024 12:01,DEP,DEN,AA,38K,N936AN,D,1523,D,D29,3263
9/12/2024 13:58,9/12/2024 13:48,ARR,MKE,AA,19W,N716UW,D,2621,C,C20,3264
9/12/2024 15:47,9/12/2024 15:53,ARR,DEN,UA,32S,N811UA,D,1254,E,E5,3265
9/13/2024 2:57,9/13/2024 2:57,ARR,IAH,UA,737,N69829,D,1589,E,E9,3266
9/12/2024 15:43,9/12/2024 15:43,DEP,ORD,UA,32S,N451UA,D,1634,E,E9,3267
9/12/2024 21:03,9/12/2024 21:18,ARR,EWR,UA,737,N47533,D,2053,E,E5,3268
9/12/2024 23:45,9/12/2024 23:45,DEP,ORD,AA,38R,N982NN,D,2881,B,B7,3269
9/12/2024 11:18,9/12/2024 11:25,DEP,ORD,AA,737,N998NN,D,2144,D,D3,3270
9/12/2024 20:28,9/12/2024 20:28,DEP,DTW,DL,320,N320US,D,1041,E,E12,3271
9/12/2024 22:24,9/12/2024 22:24,DEP,SFO,AA,32C,N998AN,D,1175,A,A20,3272
9/12/2024 12:16,9/12/2024 12:21,DEP,MSP,AA,38K,N861NN,D,2593,D,D38,3273
9/12/2024 14:28,9/12/2024 14:10,ARR,ATL,AA,38K,N853NN,D,1567,A,A39,3274
9/12/2024 14:22,9/12/2024 14:19,ARR,MIA,AA,32E,N450AN,D,3009,A,A19,3275
9/12/2024 14:19,9/12/2024 14:14,ARR,ORF,AA,38K,N803NN,D,687,A,A9,3276
9/12/2024 14:28,9/12/2024 14:12,ARR,CMH,AA,E7M,N232NN,D,3914,B,B43,3277
9/12/2024 12:09,9/12/2024 12:10,DEP,PHX,AA,32C,N900UW,D,277,C,C39,3278
9/12/2024 14:41,9/12/2024 14:08,ARR,IAD,AA,A21,N509AY,D,2617,A,A22,3279
9/12/2024 14:36,9/12/2024 14:06,ARR,ICT,AA,A19,N823AW,D,1696,C,C19,3280
9/12/2024 11:15,9/12/2024 11:15,DEP,LAX,DL,32S,N339NB,D,439,E,E17,3281
9/12/2024 13:52,9/12/2024 13:56,ARR,MSN,AA,32S,N651AW,D,1538,D,D4,3282
9/12/2024 11:45,9/12/2024 11:45,DEP,MSP,DL,32S,N351NW,D,1276,E,E12,3283
9/12/2024 2:48,9/12/2024 2:50,DEP,MAD,IB,330,\N,I,6148,D,D11,3284
9/11/2024 18:01,9/11/2024 16:12,ARR,IAH,UA,CRJ,N933LR,D,6349,E,E4,3285
9/11/2024 9:29,9/11/2024 10:05,ARR,LAX,NK,A20N,N966NK,D,3710,E,E18,3286
9/11/2024 10:56,9/11/2024 11:27,ARR,HOU,AA,E7M,N279MQ,D,3781,B,B21,3287
9/11/2024 11:01,9/11/2024 11:15,ARR,LBB,AA,E7M,N214NN,D,4035,B,B3A,3288
9/11/2024 12:10,9/11/2024 12:23,ARR,XNA,AA,E7M,N280NN,D,3684,B,B43,3289
9/11/2024 18:43,9/11/2024 17:14,ARR,YYC,AA,38K,N802NN,I,9601,A,A16,3290
9/11/2024 12:30,9/11/2024 12:50,ARR,ELP,AA,32S,N8027D,D,887,D,D4,3291
9/11/2024 11:53,9/11/2024 12:01,DEP,BHM,AA,A19,N822AW,D,2859,C,C10,3292
9/11/2024 13:21,9/11/2024 13:46,ARR,MSP,AA,38R,N951NN,D,1395,B,B16,3293
9/11/2024 13:41,9/11/2024 13:57,ARR,ELP,AA,38K,N944AN,D,537,B,B14,3294
9/11/2024 13:37,9/11/2024 13:58,ARR,PIT,AA,32C,N133AN,D,340,C,C15,3295
9/11/2024 13:42,9/11/2024 13:47,ARR,RIC,AA,38K,N933AN,D,2204,A,A36,3296
9/11/2024 13:38,9/11/2024 14:12,ARR,BOS,AA,A21,N568UW,D,2527,A,A18,3297
9/11/2024 13:52,9/11/2024 13:52,ARR,IND,AA,38K,N971AN,D,1296,C,C8,3298
9/11/2024 14:08,9/11/2024 14:07,ARR,CLT,AA,A21,N524UW,D,422,C,C12,3299
9/11/2024 13:54,9/11/2024 13:48,ARR,TUL,AA,38R,N972NN,D,2340,C,C35,3300
9/11/2024 13:58,9/11/2024 14:12,ARR,CMH,AA,E7M,N226NN,D,3914,B,B42,3301
9/11/2024 14:09,9/11/2024 14:18,ARR,CRP,AA,E7M,N234JW,D,3718,B,B35,3302
9/11/2024 14:04,9/11/2024 14:17,ARR,TUS,AA,A21,N575UW,D,2193,B,B9,3303
9/13/2024 12:28,9/13/2024 12:28,ARR,ICT,AA,E7M,N290NN,D,3575,B,B34,3304
9/14/2024 11:00,9/14/2024 11:00,ARR,OGG,AA,788,N802AN,D,116,D,D36,3305
9/14/2024 0:58,9/14/2024 0:58,ARR,MFE,AA,38K,N876NN,D,1803,B,B9,3306
9/13/2024 20:55,9/13/2024 20:55,DEP,MFE,AA,38K,N876NN,D,1803,C,C30,3307
9/13/2024 0:44,9/13/2024 0:44,DEP,CHA,AA,E7M,N280NN,D,3688,B,B24,3308
9/13/2024 3:36,9/13/2024 3:36,DEP,CRP,AA,E7M,N308LD,D,4065,B,B38,3309
9/13/2024 21:59,9/13/2024 21:59,DEP,FLL,AA,38K,N906NN,D,2010,C,C8,3310
9/11/2024 13:37,9/11/2024 13:44,ARR,MFE,AA,737,N935AN,D,64,D,D2,3311
9/11/2024 11:59,9/11/2024 12:01,DEP,DEN,AA,737,N928NN,D,1523,D,D3,3312
9/11/2024 14:07,9/11/2024 13:55,ARR,GRR,AA,38K,N992AN,D,1561,C,C4,3313
9/11/2024 14:01,9/11/2024 14:17,ARR,PHL,AA,32C,N139AN,D,2398,A,A33,3314
9/11/2024 14:22,9/11/2024 14:00,ARR,MEM,AA,38K,N963AN,D,943,C,C2,3315
9/11/2024 12:00,9/11/2024 12:05,DEP,MCO,AA,32C,N910AU,D,1709,A,A17,3316
9/11/2024 11:57,9/11/2024 12:00,DEP,CLT,AA,32E,N417AN,D,1120,D,D36,3317
9/11/2024 14:33,9/11/2024 14:52,ARR,STL,AA,A19,N748UW,D,1410,A,A39,3318
9/11/2024 15:11,9/11/2024 15:20,ARR,ELP,AA,38K,N987AN,D,646,A,A16,3319
9/11/2024 13:06,9/11/2024 13:13,DEP,EGE,AA,319,N8031M,D,1341,D,D22,3320
9/11/2024 15:12,9/11/2024 15:22,ARR,MCO,AA,32C,N930AU,D,599,A,A23,3321
9/11/2024 14:10,9/11/2024 13:48,ARR,MKE,AA,32S,N117UW,D,2621,D,D3,3322
9/11/2024 13:13,9/11/2024 13:20,DEP,MSN,AA,19W,N724UW,D,2139,A,A23,3323
9/11/2024 15:16,9/11/2024 15:32,ARR,PHX,AA,32C,N160AN,D,1112,C,C15,3324
9/11/2024 13:15,9/11/2024 13:20,DEP,MTJ,AA,19W,N716UW,D,1683,B,B5,3325
9/11/2024 13:17,9/11/2024 13:20,DEP,SLC,AA,32C,N127AA,D,2178,D,D18,3326
9/11/2024 13:51,9/11/2024 13:40,DEP,VPS,AA,38K,N801NN,D,388,C,C35,3327
9/11/2024 13:16,9/11/2024 13:19,DEP,YYZ,AA,38K,N819NN,I,1993,C,C4,3328
9/11/2024 16:00,9/11/2024 16:15,ARR,FLL,AA,38K,N803NN,D,443,C,C29,3329
9/11/2024 16:09,9/11/2024 15:59,ARR,CUN,AA,38K,N814NN,I,316,D,D34,3330
9/11/2024 16:18,9/11/2024 16:01,ARR,SLC,AA,32C,N121AN,D,1214,C,C14,3331
9/11/2024 16:26,9/11/2024 14:07,ARR,JAX,AA,38K,N851NN,D,375,C,C36,3332
9/11/2024 16:20,9/11/2024 15:23,ARR,LGA,AA,38R,N352PS,D,955,A,A9,3333
9/11/2024 16:25,9/11/2024 16:29,ARR,YYC,AA,38K,N931AN,I,2521,B,B14,3334
9/11/2024 15:18,9/11/2024 15:25,DEP,AMA,AA,E7M,N259NN,D,3388,B,B46,3335
9/11/2024 16:33,9/11/2024 16:39,ARR,LRD,AA,E7M,N280NN,D,3983,B,B43,3336
9/11/2024 16:36,9/11/2024 16:48,ARR,LAS,AA,32C,N144AN,D,893,D,D20,3337
9/11/2024 13:12,9/11/2024 13:18,DEP,SNA,AA,38R,N959NN,D,2253,A,A17,3338
9/11/2024 13:22,9/11/2024 13:25,DEP,BZN,AA,38K,N843NN,D,2522,A,A35,3339
9/11/2024 15:07,9/11/2024 15:15,DEP,ATL,AA,38K,N841NN,D,980,A,A29,3340
9/11/2024 17:14,9/11/2024 17:32,ARR,ORD,AA,38K,N967AN,D,1210,C,C38,3341
9/11/2024 13:17,9/11/2024 13:20,DEP,SFO,AA,737,N343PN,D,3098,D,D3,3342
9/11/2024 15:54,9/11/2024 16:00,DEP,IND,AA,38K,N924NN,D,2456,C,C39,3343
9/11/2024 15:16,9/11/2024 15:12,DEP,DCA,AA,32C,N139AN,D,1244,A,A33,3344
9/11/2024 12:23,9/11/2024 12:28,ARR,MIA,AA,32C,N904AA,D,1226,A,A37,3345
9/13/2024 14:19,9/13/2024 14:19,ARR,FAR,AA,E7M,N253NN,D,3373,B,B48,3346
9/11/2024 12:30,9/11/2024 12:30,DEP,LGA,DL,220,N142DU,D,551,E,E12,3347
9/11/2024 17:34,9/11/2024 17:25,ARR,SMF,AA,32C,N152AA,D,409,D,D37,3348
9/11/2024 11:32,9/11/2024 11:30,DEP,SGF,AA,E7M,N244NN,D,9867,B,B25,3349
9/11/2024 11:55,9/11/2024 12:00,DEP,DSM,AA,E7M,N249NN,D,3930,B,B42,3350
9/11/2024 13:51,9/11/2024 13:00,ARR,ICN,KE,B789,HL8082,I,31,D,D8,3351
9/11/2024 16:42,9/11/2024 16:39,ARR,HSV,AA,E7M,N279MQ,D,3476,B,B1A,3352
9/11/2024 10:26,9/11/2024 11:00,DEP,BOS,F9,UNK,N329FR,D,3602,D,D10,3353
9/13/2024 14:04,9/13/2024 14:04,ARR,JAN,AA,E7M,N257NN,D,3994,B,B21,3354
9/14/2024 2:20,9/14/2024 2:20,DEP,ABQ,AA,38R,N352PS,D,1056,C,C29,3355
9/13/2024 12:00,9/13/2024 12:00,DEP,LIT,AA,E7Q,N762DT,D,4016,B,B34,3356
9/11/2024 15:01,9/11/2024 15:05,DEP,SBA,AA,319,N4032T,D,2083,A,A25,3358
9/11/2024 18:13,9/11/2024 18:05,ARR,DUB,AA,772,N750AN,I,133,A,A24,3359
9/11/2024 18:38,9/11/2024 18:44,ARR,CRP,AA,E7M,N267NN,D,3546,B,B40,3360
9/11/2024 18:41,9/11/2024 18:44,ARR,MAF,AA,E7M,N265NN,D,3505,B,B28,3361
9/11/2024 15:31,9/11/2024 15:35,DEP,PVR,AA,A21,N971UY,I,1215,C,C10,3362
9/11/2024 15:06,9/11/2024 15:05,DEP,SBP,AA,A19,N770UW,D,2087,A,A21,3363
9/11/2024 15:21,9/11/2024 15:19,DEP,BOI,AA,32C,N136AN,D,2944,B,B11,3364
9/11/2024 18:38,9/11/2024 18:55,ARR,DTW,AA,38K,N906NN,D,2374,A,A17,3365
9/11/2024 15:21,9/11/2024 15:10,DEP,BUR,AA,38R,N945NN,D,1208,D,D38,3366
9/11/2024 15:16,9/11/2024 15:20,DEP,LGA,AA,38R,N972NN,D,2335,C,C35,3367
9/11/2024 16:11,9/11/2024 16:20,DEP,ORD,AA,38K,N987AN,D,2412,A,A16,3368
9/11/2024 14:58,9/11/2024 15:00,DEP,MRY,AA,A19,N828AW,D,2879,C,C22,3369
9/11/2024 15:12,9/11/2024 15:16,DEP,SNA,AA,38R,N309PC,D,2264,A,A19,3370
9/11/2024 18:50,9/11/2024 19:00,ARR,CUN,AA,38K,N870NN,I,1601,D,D38,3371
9/11/2024 18:55,9/11/2024 19:07,ARR,COU,AA,E7M,N270NN,D,3416,B,B29,3372
9/11/2024 18:51,9/11/2024 18:58,ARR,GRR,AA,A19,N813AW,D,1875,A,A23,3373
9/11/2024 15:03,9/11/2024 15:01,DEP,PWM,AA,A05,N649AW,D,3085,A,A16,3374
9/11/2024 17:37,9/11/2024 17:31,DEP,GGG,AA,E7R,N751AB,D,3870,B,B49,3375
9/11/2024 18:52,9/11/2024 18:53,ARR,BRO,AA,E7M,N322RC,D,3922,B,B21,3376
9/11/2024 16:16,9/11/2024 16:15,DEP,JAC,AA,319,N8009T,D,1438,C,C38,3377
9/11/2024 18:49,9/11/2024 18:52,ARR,LGA,AA,38K,N832NN,D,2437,C,C36,3378
9/11/2024 17:33,9/11/2024 17:35,DEP,MAF,AA,E7M,N249NN,D,3571,B,B22,3379
9/11/2024 18:53,9/11/2024 19:00,ARR,VPS,AA,38K,N801NN,D,388,C,C31,3380
9/11/2024 19:11,9/11/2024 19:18,ARR,MOB,AA,E7M,N313BS,D,3677,B,B4,3381
9/11/2024 19:04,9/11/2024 19:18,ARR,FAR,AA,E7M,N260NN,D,3490,B,B22,3382
9/11/2024 19:01,9/11/2024 19:00,ARR,MSN,AA,19W,N724UW,D,2139,A,A20,3383
9/11/2024 18:41,9/11/2024 18:44,ARR,ATL,AA,737,N930AN,D,982,D,D4,3384
9/11/2024 15:19,9/11/2024 15:22,DEP,BOS,AA,38K,N800NN,D,1163,C,C6,3385
9/11/2024 19:11,9/11/2024 17:56,ARR,DCA,AA,A05,N647AW,D,1232,C,C39,3386
9/11/2024 19:07,9/11/2024 19:00,ARR,RDU,AA,32E,N409AA,D,2683,A,A25,3387
9/11/2024 19:07,9/11/2024 19:08,ARR,AUS,AA,E7M,N226NN,D,4085,B,B32,3388
9/11/2024 19:01,9/11/2024 18:44,ARR,SAT,AA,38K,N935AN,D,1957,C,C24,3389
9/11/2024 17:53,9/11/2024 17:53,DEP,TXK,AA,E7R,N786SM,D,3966,E,E37A,3390
9/11/2024 17:31,9/11/2024 17:19,DEP,LRD,AA,E7R,N739AE,D,3502,B,B34,3391
9/11/2024 19:05,9/11/2024 18:57,ARR,SHV,AA,E7R,N749BM,D,3939,E,E37A,3392
9/11/2024 16:38,9/11/2024 16:41,DEP,MCO,AA,32C,N930AU,D,654,A,A23,3393
9/11/2024 16:14,9/11/2024 16:18,DEP,AGU,AA,E7R,N774JG,I,3415,B,B25,3394
9/11/2024 17:19,9/11/2024 17:19,DEP,MTY,AA,E7M,N252NN,I,4027,B,B29,3395
9/11/2024 17:23,9/11/2024 17:19,DEP,TUS,AA,A21,N545UW,D,2926,C,C6,3397
9/11/2024 19:35,9/11/2024 19:48,ARR,ORD,AA,38R,N943NN,D,1109,A,A38,3398
9/11/2024 18:14,9/11/2024 17:31,DEP,LIT,AA,E7M,N213NN,D,3855,B,B32,3399
9/11/2024 19:35,9/11/2024 19:24,ARR,COS,AA,E7M,N207AN,D,3827,B,B37,3400
9/11/2024 15:05,9/11/2024 15:05,DEP,SJO,AA,38K,N933AN,I,1053,A,A36,3401
9/11/2024 17:36,9/11/2024 17:41,DEP,COS,AA,OO7,N611SK,D,4923,E,E29A,3402
9/11/2024 19:47,9/11/2024 19:52,ARR,IAD,UA,737,N33203,D,2169,E,E8,3403
9/11/2024 17:37,9/11/2024 17:32,DEP,EGE,AA,319,N9016,D,1980,B,B5,3404
9/11/2024 17:24,9/11/2024 17:27,DEP,CAE,AA,320,N126UW,D,2028,C,C21,3405
9/11/2024 19:49,9/11/2024 19:55,ARR,CDG,AA,788,N879BH,I,49,D,D21A,3406
9/11/2024 17:19,9/11/2024 16:53,DEP,GRR,AA,E7M,N241NN,D,3443,B,B27,3407
9/11/2024 15:25,9/11/2024 15:29,DEP,SEA,AA,A21,N575UW,D,2769,B,B9,3408
9/11/2024 16:31,9/11/2024 16:35,DEP,EWR,AA,32C,N160AN,D,813,C,C15,3409
9/11/2024 19:48,9/11/2024 20:08,ARR,AUS,AA,A19,N756US,D,2537,B,B18,3410
9/11/2024 19:42,9/11/2024 20:00,ARR,GDL,AA,38K,N932AN,I,1174,D,D40,3411
9/11/2024 19:41,9/11/2024 19:39,ARR,BOS,F9,UNK,N329FR,D,3601,E,E20,3412
9/11/2024 17:22,9/11/2024 17:28,DEP,ILM,AA,E7M,N220NN,D,3851,B,B19,3413
9/11/2024 17:26,9/11/2024 17:29,DEP,MTJ,AA,38K,N931AN,D,665,B,B14,3414
9/11/2024 19:05,9/11/2024 19:32,ARR,SNA,AA,737,N992NN,D,3106,D,D1,3415
9/11/2024 17:26,9/11/2024 17:30,DEP,MEX,AA,38K,N850NN,I,2815,C,C35,3416
9/11/2024 20:13,9/11/2024 20:43,ARR,LAX,AA,32E,N447AN,D,1767,B,B11,3417
9/11/2024 18:43,9/11/2024 18:47,DEP,OMA,AA,38K,N863NN,D,2188,D,D37,3418
9/11/2024 20:22,9/11/2024 20:42,ARR,EWR,AA,32C,N986AN,D,1700,C,C15,3419
9/11/2024 18:19,9/11/2024 18:20,DEP,BMI,AA,E7R,N782SM,D,3404,E,E34A,3420
9/11/2024 17:26,9/11/2024 17:30,DEP,IAD,AA,A21,N177US,D,1390,C,C12,3421
9/11/2024 20:23,9/11/2024 20:23,ARR,CLT,AA,A21,N150UW,D,840,C,C12,3422
9/11/2024 17:27,9/11/2024 16:17,DEP,FAT,AA,38K,N869NN,D,2393,D,D22,3423
9/11/2024 17:20,9/11/2024 17:21,DEP,BUF,AA,38K,N989AN,D,1724,A,A38,3424
9/11/2024 20:22,9/11/2024 20:45,ARR,TYS,AA,38K,N853NN,D,2544,A,A21,3425
9/11/2024 20:21,9/11/2024 20:55,ARR,SAN,AA,32C,N901AA,D,2034,B,B5,3426
9/11/2024 20:22,9/11/2024 20:13,ARR,GGG,AA,E7R,N751AB,D,3870,E,E38B,3427
9/11/2024 20:31,9/11/2024 20:49,ARR,BWI,AA,38K,N855NN,D,2314,C,C7,3428
9/11/2024 17:26,9/11/2024 17:30,DEP,DCA,AA,A21,N184US,D,54,A,A17,3429
9/11/2024 20:40,9/11/2024 20:50,ARR,PHL,AA,A21,N976UY,D,856,A,A28,3430
9/11/2024 20:43,9/11/2024 20:55,ARR,BOS,AA,32C,N931AM,D,2297,C,C8,3431
9/11/2024 18:43,9/11/2024 18:43,DEP,DEN,UA,319,N821UA,D,1380,E,E8,3432
9/11/2024 20:31,9/11/2024 20:51,ARR,MAF,AA,E7M,N249NN,D,3571,B,B25,3433
9/11/2024 17:29,9/11/2024 17:21,DEP,CUN,AA,32C,N905AU,I,2207,B,B6,3434
9/11/2024 18:34,9/11/2024 17:23,DEP,AVL,AA,320,N112US,D,569,C,C4,3435
9/11/2024 18:56,9/11/2024 18:41,DEP,STL,AA,38R,N306NY,D,1363,C,C15,3436
9/11/2024 20:40,9/11/2024 20:46,ARR,BZN,AA,38K,N843NN,D,2523,B,B17,3437
9/11/2024 18:40,9/11/2024 17:48,DEP,SAT,AA,A05,N668AW,D,460,C,C16,3438
9/11/2024 17:21,9/11/2024 17:25,DEP,TRI,AA,E7M,N279MQ,D,3903,B,B1A,3439
9/11/2024 17:41,9/11/2024 17:42,DEP,LBB,AA,E7M,N282NN,D,3488,B,B42,3440
9/11/2024 19:17,9/11/2024 19:05,ARR,FRA,LH,A343,DAIGN,I,438,D,D15,3441
9/11/2024 16:55,9/11/2024 16:26,DEP,DCA,AA,38R,N956NN,D,1569,A,A25,3442
9/11/2024 16:14,9/11/2024 15:30,DEP,STS,AA,A19,N747UW,D,3109,C,C19,3443
9/11/2024 17:21,9/11/2024 17:23,DEP,CMH,AA,E7M,N235NN,D,4040,B,B47,3444
9/11/2024 17:21,9/11/2024 17:22,DEP,AGS,AA,E7M,N268NN,D,3462,B,B28,3445
9/11/2024 19:53,9/11/2024 19:55,ARR,CLE,AA,38K,N919NN,D,2331,C,C4,3446
9/11/2024 19:39,9/11/2024 19:05,ARR,CUN,NK,32B,N680NK,I,344,D,D7,3447
9/11/2024 18:17,9/11/2024 18:20,DEP,ABQ,AA,E7M,N277NN,D,3777,B,B25,3448
9/11/2024 17:15,9/11/2024 17:19,DEP,YYZ,AA,38K,N814NN,I,1111,D,D34,3449
9/11/2024 17:58,9/11/2024 17:23,DEP,CVG,AA,38K,N803NN,D,2345,C,C29,3450
9/11/2024 20:14,9/11/2024 20:40,ARR,IAH,AA,A05,N667AW,D,1431,C,C21,3451
9/11/2024 22:23,9/11/2024 22:10,ARR,YYZ,AC,BCS3,CGJXV,I,1033,E,E7,3452
9/11/2024 18:07,9/11/2024 18:13,DEP,BNA,AA,38K,N880NN,D,1100,C,C31,3453
9/11/2024 20:11,9/11/2024 20:31,ARR,SAT,AA,320,N109UW,D,1967,A,A18,3454
9/11/2024 19:08,9/11/2024 19:15,DEP,AUS,AA,38K,N961AN,D,2580,B,B14,3455
9/11/2024 17:17,9/11/2024 17:19,DEP,TQO,AA,38K,N857NN,I,163,C,C17,3456
9/11/2024 20:38,9/11/2024 20:39,ARR,XNA,AA,A19,N805AW,D,2676,A,A10,3457
9/11/2024 20:41,9/11/2024 20:55,ARR,OKC,AA,38K,N890NN,D,868,A,A16,3458
9/11/2024 17:10,9/11/2024 15:06,DEP,PBI,AA,38K,N936AN,D,2218,A,A19,3459
9/11/2024 20:41,9/11/2024 20:54,ARR,FLL,AA,38K,N937AN,D,1364,C,C35,3460
9/11/2024 19:00,9/11/2024 19:02,DEP,MEM,AA,38R,N954NN,D,2746,A,A37,3461
9/11/2024 20:44,9/11/2024 20:53,ARR,AMA,AA,E7M,N305CL,D,3943,B,B29,3462
9/11/2024 20:08,9/11/2024 20:26,ARR,IAH,F9,UNK,N373FR,D,3195,D,D12,3463
9/11/2024 19:36,9/11/2024 19:42,DEP,HOU,AA,E7R,N749BM,D,3494,E,E37A,3464
9/11/2024 18:30,9/11/2024 18:37,DEP,CLE,AA,38R,N346PR,D,2336,C,C39,3465
9/11/2024 18:26,9/11/2024 18:26,DEP,MYR,AA,E7M,N274NN,D,3675,B,B35,3466
9/11/2024 20:55,9/11/2024 20:54,ARR,MIA,AA,A21,N154UW,D,1824,C,C14,3467
9/11/2024 18:06,9/11/2024 17:50,DEP,FLL,AA,38K,N973AN,D,1373,C,C24,3468
9/11/2024 20:44,9/11/2024 20:55,ARR,TUS,AA,38K,N906AN,D,2721,C,C29,3469
9/11/2024 20:06,9/11/2024 20:05,ARR,CUN,AA,32C,N156AN,I,1068,D,D17,3470
9/11/2024 20:53,9/11/2024 20:42,ARR,TUL,AA,32C,N121AN,D,2013,C,C24,3471
9/11/2024 19:44,9/11/2024 19:47,DEP,TUL,AA,E7M,N209NN,D,3956,B,B48,3472
9/11/2024 16:52,9/11/2024 15:30,DEP,EUG,AA,320,N110UW,D,1687,D,D37,3473
9/11/2024 18:20,9/11/2024 18:25,DEP,SLC,AA,32C,N142AN,D,1456,D,D38,3474
9/11/2024 20:53,9/11/2024 20:42,ARR,TXK,AA,E7R,N786SM,D,3966,E,E38A,3475
9/11/2024 20:56,9/11/2024 20:55,ARR,SAV,AA,A05,N662AW,D,2081,C,C2,3476
9/11/2024 20:05,9/11/2024 20:11,DEP,OKC,AA,E7M,N226NN,D,3344,B,B32,3477
9/11/2024 18:36,9/11/2024 18:42,DEP,SRQ,AA,38K,N967AN,D,2679,C,C38,3478
9/11/2024 21:12,9/11/2024 21:24,ARR,LAS,AA,32E,N407AN,D,1853,B,B7,3479
9/11/2024 18:39,9/11/2024 18:47,DEP,BJX,AA,A19,N807AW,I,2907,C,C37,3480
9/13/2024 3:34,9/13/2024 3:34,DEP,GRK,AA,E7M,N261NN,D,3569,B,B25,3481
9/11/2024 21:01,9/11/2024 20:53,ARR,ORD,AA,38R,N354PT,D,1290,A,A25,3482
9/11/2024 21:00,9/11/2024 20:49,ARR,ICT,AA,E7M,N261NN,D,3551,B,B44,3483
9/11/2024 21:09,9/11/2024 21:05,ARR,NRT,AA,788,N874AN,I,60,D,D23,3484
9/11/2024 21:01,9/11/2024 20:55,ARR,CID,AA,A19,N823AW,D,1905,A,A19,3485
9/11/2024 19:58,9/11/2024 20:03,DEP,AMA,AA,E7M,N262NN,D,3385,B,B25,3486
9/11/2024 17:43,9/11/2024 17:45,DEP,LAX,NK,A21N,N729NK,D,420,E,E31,3487
9/11/2024 19:21,9/11/2024 19:29,DEP,HRL,AA,E7M,N259NN,D,4052,B,B34,3488
9/11/2024 19:54,9/11/2024 20:00,DEP,AUS,AA,737,N930AN,D,775,D,D4,3489
9/11/2024 18:59,9/11/2024 19:04,DEP,GSP,AA,38K,N924AN,D,2181,C,C21,3490
9/11/2024 19:23,9/11/2024 19:26,DEP,TYS,AA,38K,N868NN,D,3002,C,C17,3491
9/11/2024 18:13,9/11/2024 17:26,DEP,RNO,AA,38R,N305NX,D,1923,B,B7,3492
9/11/2024 20:06,9/11/2024 20:08,DEP,LBB,AA,E7M,N270NN,D,3738,B,B29,3493
9/11/2024 19:22,9/11/2024 19:26,DEP,BNA,AA,32C,N150NN,D,2244,C,C35,3494
9/11/2024 18:40,9/11/2024 18:41,DEP,JAX,AA,38K,N817NN,D,2744,A,A9,3495
9/11/2024 21:37,9/11/2024 22:01,ARR,MGM,AA,E7M,N212NN,D,3596,B,B32,3496
9/11/2024 19:00,9/11/2024 18:20,DEP,ORD,AA,32C,N996AN,D,2428,B,B16,3497
9/11/2024 19:00,9/11/2024 19:05,DEP,PHX,AA,32E,N403AN,D,1788,A,A29,3498
9/11/2024 19:47,9/11/2024 19:52,DEP,MCI,AA,38K,N934NN,D,1376,A,A18,3499
9/11/2024 20:00,9/11/2024 20:05,DEP,STL,AA,A19,N813AW,D,622,A,A23,3500
9/11/2024 19:27,9/11/2024 19:29,DEP,TUS,AA,A21,N521UW,D,2997,B,B7,3501
9/11/2024 18:04,9/11/2024 15:09,DEP,YUL,AA,A05,N660AW,I,1963,A,A10,3502
9/11/2024 21:27,9/11/2024 21:47,ARR,SMF,AA,32E,N465AN,D,2192,B,B18,3503
9/11/2024 19:32,9/11/2024 19:36,DEP,MSN,AA,319,N8031M,D,1736,B,B18,3504
9/11/2024 19:34,9/11/2024 19:36,DEP,FSM,AA,E7M,N239NN,D,3453,B,B44,3505
9/11/2024 21:51,9/11/2024 21:56,ARR,RSW,AA,38R,N993NN,D,609,A,A37,3506
9/11/2024 17:32,9/11/2024 17:29,DEP,SEA,AA,A21,N163US,D,1992,B,B11,3507
9/11/2024 19:50,9/11/2024 19:52,DEP,FSD,AA,E7M,N313BS,D,3820,B,B4,3508
9/11/2024 22:27,9/11/2024 22:25,ARR,YYC,AA,38R,N342PM,I,2517,A,A18,3509
9/11/2024 20:57,9/11/2024 20:54,ARR,PHX,NK,A321,N674NK,D,970,E,E33,3510
9/11/2024 17:53,9/11/2024 17:53,DEP,SEA,AS,737,N275AK,D,909,E,E11,3511
9/11/2024 21:48,9/11/2024 21:51,ARR,SFO,AA,38R,N343PN,D,3098,C,C12,3512
9/11/2024 18:57,9/11/2024 18:11,DEP,MCO,AA,32C,N147AA,D,1772,A,A38,3513
9/11/2024 19:40,9/11/2024 19:45,DEP,DEN,AA,A21,N567UW,D,631,C,C8,3514
9/11/2024 19:34,9/11/2024 19:25,DEP,MKE,AA,A05,N651AW,D,1733,C,C16,3515
9/11/2024 20:32,9/11/2024 20:35,DEP,SAT,AA,A19,N748UW,D,3093,A,A39,3516
9/11/2024 21:51,9/11/2024 21:38,ARR,AGU,AA,E7R,N774JG,I,3354,B,B2,3517
9/11/2024 20:21,9/11/2024 20:25,DEP,COU,AA,E7M,N215NN,D,3853,B,B42,3518
9/11/2024 21:13,9/11/2024 21:15,DEP,AUS,AA,A19,N756US,D,843,B,B18,3519
9/11/2024 19:34,9/11/2024 19:35,DEP,SDF,AA,19W,N716UW,D,506,B,B6,3520
9/11/2024 19:32,9/11/2024 19:35,DEP,MEX,AA,38K,N899NN,I,2350,B,B5,3521
9/11/2024 18:20,9/11/2024 17:12,DEP,LAX,F9,UNK,N636FR,D,3211,E,E10,3522
9/11/2024 20:20,9/11/2024 20:24,DEP,ABQ,AA,38R,N355PU,D,9,A,A8,3523
9/11/2024 19:39,9/11/2024 19:38,DEP,CLT,AA,32C,N162AA,D,1342,C,C12,3524
9/11/2024 21:32,9/11/2024 21:35,DEP,OKC,AA,E7M,N253NN,D,3558,B,B39,3525
9/11/2024 22:23,9/11/2024 22:42,ARR,PSP,AA,A21,N568UW,D,2003,B,B17,3526
9/11/2024 19:24,9/11/2024 19:25,DEP,CUN,AA,38K,N938NN,I,1507,C,C7,3527
9/11/2024 19:25,9/11/2024 19:25,DEP,MIA,AA,32E,N459AN,D,1405,D,D34,3528
9/11/2024 22:20,9/11/2024 22:22,ARR,PIT,AA,38K,N949AN,D,1988,A,A22,3529
9/11/2024 22:23,9/11/2024 22:50,ARR,TUS,AA,A21,N545UW,D,2926,B,B16,3530
9/11/2024 22:44,9/11/2024 23:01,ARR,SHV,AA,E7M,N260NN,D,4001,B,B22,3531
9/11/2024 21:39,9/11/2024 21:42,DEP,LBB,AA,E7M,N233NN,D,3489,B,B35,3532
9/11/2024 18:03,9/11/2024 17:30,DEP,MIA,AA,321,N173US,D,1271,D,D3,3533
9/11/2024 22:41,9/11/2024 22:29,ARR,GRK,AA,E7Q,N764JD,D,3459,E,E38A,3534
9/11/2024 20:59,9/11/2024 20:59,DEP,DEN,F9,UNK,N329FR,D,2631,E,E20,3535
9/11/2024 22:28,9/11/2024 22:27,ARR,CLT,AA,A21,N534UW,D,2895,A,A19,3536
9/11/2024 22:34,9/11/2024 22:49,ARR,HOU,AA,E7R,N749BM,D,3494,B,B49,3537
9/11/2024 20:07,9/11/2024 20:10,DEP,DTW,AA,38K,N982AN,D,1355,A,A10,3538
9/11/2024 22:10,9/11/2024 22:05,ARR,CUN,AA,32C,N129AA,I,2219,D,D3,3539
9/11/2024 22:01,9/11/2024 21:35,DEP,TYR,AA,E7R,N786SM,D,3971,E,E38A,3540
9/11/2024 22:52,9/11/2024 23:10,ARR,MLI,AA,E7M,N312BT,D,4116,B,B27,3541
9/11/2024 21:43,9/11/2024 21:47,DEP,XNA,AA,E7M,N305CL,D,3597,B,B29,3542
9/12/2024 21:47,9/12/2024 21:47,DEP,XNA,AA,E7M,N241NN,D,3597,B,B46,3543
9/11/2024 22:53,9/11/2024 23:10,ARR,AMA,AA,E7M,N262NN,D,3385,B,B35,3544
9/11/2024 21:50,9/11/2024 21:35,DEP,TUL,AA,38K,N841NN,D,2360,C,C37,3545
9/11/2024 22:45,9/11/2024 22:47,ARR,SLC,AA,A21,N509AY,D,2439,C,C6,3546
9/11/2024 22:46,9/11/2024 22:29,ARR,AUS,AA,38K,N961AN,D,2580,C,C22,3547
9/11/2024 22:56,9/11/2024 23:09,ARR,LBB,AA,E7M,N270NN,D,3738,B,B21,3548
9/11/2024 22:58,9/11/2024 23:08,ARR,ORF,AA,38K,N943AN,D,1634,C,C12,3549
9/11/2024 22:53,9/11/2024 22:42,ARR,ORD,AA,38K,N835NN,D,2429,A,A38,3550
9/11/2024 22:51,9/11/2024 22:59,ARR,DCA,AA,32C,N139AN,D,1244,A,A11,3551
9/11/2024 22:53,9/11/2024 23:02,ARR,VPS,AA,38K,N851NN,D,2501,B,B5,3552
9/11/2024 20:15,9/11/2024 20:20,DEP,MCO,AA,A21,N972UY,D,2472,A,A11,3553
9/11/2024 23:08,9/11/2024 23:09,ARR,TRI,AA,E7M,N279MQ,D,3903,B,B25,3554
9/12/2024 23:27,9/12/2024 23:27,DEP,PDX,AS,737,N611AS,D,247,E,E11,3555
9/11/2024 23:00,9/11/2024 23:10,ARR,ATL,AA,38K,N980AN,D,1008,C,C7,3556
9/11/2024 23:05,9/11/2024 23:02,ARR,MAF,AA,OO7,N760SK,D,4900,E,E24A,3557
9/11/2024 23:29,9/11/2024 23:34,DEP,GDL,Y4,320,N511VL,I,1805,D,D5,3558
9/11/2024 22:31,9/11/2024 22:33,DEP,ABI,AA,E7Q,N762DT,D,3380,E,E37B,3559
9/11/2024 23:25,9/11/2024 21:15,ARR,LHR,AA,772,N754AN,I,79,D,D23,3560
9/11/2024 23:16,9/11/2024 23:10,ARR,MEM,AA,38R,N954NN,D,1789,C,C39,3561
9/11/2024 23:22,9/11/2024 23:22,ARR,OMA,AA,38K,N863NN,D,2188,A,A28,3562
9/11/2024 23:17,9/11/2024 23:09,ARR,STL,AA,38R,N306NY,D,1363,C,C15,3563
9/11/2024 20:16,9/11/2024 20:00,DEP,LAX,AA,A21,N580UW,D,1504,A,A22,3564
9/11/2024 23:15,9/11/2024 23:22,ARR,CMH,AA,E7M,N235NN,D,4040,B,B32,3565
9/11/2024 23:15,9/11/2024 23:25,ARR,MBJ,AA,38R,N982NN,I,2922,D,D33,3566
9/11/2024 20:39,9/11/2024 20:05,DEP,RDU,AA,A21,N974UY,D,1888,B,B14,3567
9/11/2024 23:41,9/11/2024 23:45,ARR,MIA,AA,38R,N942NN,D,2958,D,D40,3568
9/11/2024 21:52,9/11/2024 21:58,DEP,BHM,AA,E7M,N214NN,D,3836,B,B22,3569
9/11/2024 22:12,9/11/2024 22:36,ARR,MCO,NK,A20N,N951NK,D,1096,E,E18,3570
9/11/2024 23:36,9/11/2024 22:34,ARR,ELP,AA,38K,N908AN,D,1326,C,C11,3571
9/11/2024 23:32,9/11/2024 22:58,ARR,BOS,AA,32C,N149AN,D,1285,B,B14,3572
9/11/2024 23:33,9/11/2024 23:01,ARR,GEG,AA,320,N117UW,D,1381,C,C19,3573
9/11/2024 21:04,9/11/2024 21:05,DEP,DTW,NK,A20N,N956NK,D,1019,E,E32,3574
9/11/2024 21:23,9/11/2024 21:03,DEP,CLT,AA,32C,N986AN,D,1119,C,C15,3575
9/11/2024 23:34,9/12/2024 0:05,ARR,MEX,AA,38K,N850NN,I,2816,D,D25,3576
9/11/2024 22:37,9/11/2024 22:43,DEP,TUL,AA,38K,N855NN,D,2353,C,C7,3577
9/11/2024 23:58,9/12/2024 0:17,ARR,BJX,AA,A19,N807AW,I,2907,D,D34,3578
9/12/2024 23:43,9/12/2024 23:43,DEP,MAF,AA,E7M,N264NN,D,4029,B,B35,3579
9/11/2024 21:50,9/11/2024 21:54,DEP,BNA,AA,38R,N358PW,D,2238,D,D34,3580
9/11/2024 22:35,9/11/2024 22:46,DEP,XNA,AA,E7M,N248NN,D,3790,B,B24,3581
9/11/2024 15:58,9/11/2024 16:05,DEP,OGG,AA,788,N801AC,D,119,A,A24,3582
9/11/2024 23:54,9/11/2024 23:10,ARR,AVL,AA,320,N112US,D,569,A,A20,3583
9/11/2024 19:43,9/11/2024 19:45,DEP,SEA,AA,32C,N902AA,D,2101,B,B9,3584
9/11/2024 21:05,9/11/2024 20:56,DEP,SLC,AA,38K,N919NN,D,131,C,C4,3585
9/11/2024 23:44,9/11/2024 23:34,ARR,ORD,UA,320,N458UA,D,793,E,E8,3586
9/11/2024 23:58,9/12/2024 0:33,ARR,SAN,AA,A21,N922US,D,1369,D,D22,3587
9/11/2024 23:54,9/11/2024 23:01,ARR,CHS,AA,E7M,N257NN,D,3771,B,B30,3588
9/11/2024 23:55,9/11/2024 22:50,ARR,FCA,AA,38K,N971AN,D,3052,A,A33,3589
9/11/2024 21:19,9/11/2024 20:38,DEP,PHX,AA,A21,N150UW,D,3046,C,C12,3590
9/11/2024 23:55,9/11/2024 18:16,ARR,ONT,AA,32C,N158AN,D,1534,A,A25,3591
9/11/2024 20:57,9/11/2024 21:00,DEP,ORD,AA,38R,N943NN,D,433,A,A38,3592
9/11/2024 20:34,9/11/2024 20:34,DEP,LGA,AA,38K,N837NN,D,610,C,C11,3593
9/11/2024 22:38,9/11/2024 21:35,DEP,LRD,AA,E7R,N739AE,D,3503,E,E37A,3594
9/12/2024 0:09,9/12/2024 0:09,ARR,GDL,AA,38K,N861NN,I,387,D,D38,3595
9/12/2024 23:59,9/12/2024 23:59,DEP,MSY,NK,32B,\N,D,3719,E,E32,3596
9/13/2024 0:53,9/13/2024 0:53,DEP,LAX,NK,32N,\N,D,3709,E,E18,3597
9/11/2024 22:46,9/11/2024 22:46,DEP,SGF,AA,E7M,N234JW,D,3671,B,B1A,3598
9/11/2024 22:39,9/11/2024 22:43,DEP,IAH,AA,38K,N924NN,D,3053,A,A29,3599
9/11/2024 22:07,9/11/2024 22:10,DEP,PNS,AA,38K,N937AN,D,474,C,C35,3600
9/12/2024 0:06,9/12/2024 0:09,ARR,CUU,AA,E7R,N779RN,I,4160,B,B3A,3601
9/12/2024 0:08,9/12/2024 0:15,ARR,MEM,AA,38K,N832NN,D,3070,C,C20,3602
9/12/2024 0:03,9/11/2024 23:55,ARR,LGA,AA,38R,N972NN,D,2916,B,B11,3603
9/11/2024 16:00,9/11/2024 16:05,DEP,HNL,AA,772,N779AN,D,115,D,D30,3604
9/12/2024 0:08,9/12/2024 0:20,ARR,BNA,AA,32C,N150NN,D,2244,C,C35,3605
9/12/2024 0:02,9/12/2024 0:04,ARR,PHL,AA,789,N822AN,D,1828,A,A24,3606
9/12/2024 0:26,9/12/2024 0:39,ARR,LBB,AA,E7M,N233NN,D,3489,B,B47,3607
9/12/2024 0:48,9/12/2024 0:59,ARR,ATL,AA,A21,N923US,D,1051,A,A28,3608
9/12/2024 0:15,9/12/2024 0:08,ARR,TVC,AA,E7M,N205NN,D,3988,B,B19,3609
9/11/2024 21:37,9/11/2024 21:45,DEP,PHL,AA,788,N879BH,D,1310,D,D21A,3610
9/11/2024 21:55,9/11/2024 21:46,DEP,CMH,AA,E7M,N232NN,D,3995,B,B4,3611
9/13/2024 19:29,9/13/2024 19:29,DEP,MHK,AA,E7M,N329DD,D,3396,B,B24,3612
9/13/2024 14:53,9/13/2024 14:53,ARR,OKC,AA,E7M,N249NN,D,3506,B,B25,3613
9/13/2024 20:05,9/13/2024 20:05,DEP,GRK,AA,E7R,N751AB,D,3459,B,B34,3614
9/14/2024 0:13,9/14/2024 0:13,DEP,MDT,AA,A05,N655AW,D,546,A,A16,3615
9/13/2024 23:10,9/13/2024 23:10,ARR,AVL,AA,A05,N655AW,D,569,A,A16,3616
9/14/2024 2:05,9/14/2024 2:05,ARR,CUN,AA,38K,N851NN,I,681,D,D37,3617
9/11/2024 22:14,9/11/2024 22:16,DEP,CVG,AA,38K,N906AN,D,1335,C,C29,3618
9/12/2024 0:27,9/12/2024 0:39,ARR,LEX,AA,E7M,N265NN,D,3491,B,B38,3619
9/11/2024 20:36,9/11/2024 19:48,DEP,JFK,AA,38K,N886NN,D,820,C,C20,3620
9/13/2024 14:08,9/13/2024 14:08,ARR,BIS,AA,E7M,N283NN,D,3807,B,B46,3621
9/13/2024 20:31,9/13/2024 20:31,ARR,SAT,AA,A05,N652AW,D,1967,B,B7,3622
9/14/2024 2:06,9/14/2024 2:06,DEP,MKE,AA,A05,N652AW,D,1234,C,C11,3623
9/14/2024 0:17,9/14/2024 0:17,ARR,MCI,AA,38K,N921NN,D,1376,A,A29,3624
9/14/2024 0:51,9/14/2024 0:51,DEP,JAX,AA,38K,N831NN,D,1305,B,B16,3625
9/14/2024 2:05,9/14/2024 2:05,DEP,SFO,AA,32C,N128AN,D,2111,A,A28,3626
9/14/2024 10:32,9/14/2024 10:32,ARR,SFO,AA,32C,N128AN,D,2111,D,D30,3627
9/14/2024 0:12,9/14/2024 0:12,DEP,MKE,AA,319,N9008U,D,1521,A,A10,3628
9/13/2024 21:54,9/13/2024 21:54,DEP,BNA,AA,38K,N938NN,D,2238,D,D40,3629
9/13/2024 15:00,9/13/2024 15:00,DEP,MFE,AA,E7M,N257NN,D,3825,B,B21,3630
9/13/2024 12:00,9/13/2024 12:00,DEP,SEA,AA,A21,N578UW,D,2767,C,C21,3631
9/13/2024 20:25,9/13/2024 20:25,DEP,COU,AA,E7M,N232NN,D,3853,B,B48,3632
9/13/2024 12:10,9/13/2024 12:10,ARR,RDU,AA,32C,N903AA,D,2605,C,C14,3633
9/14/2024 0:15,9/14/2024 0:15,ARR,SJD,AA,32C,N150NN,I,1663,D,D27,3634
9/13/2024 21:53,9/13/2024 21:53,ARR,PHX,AA,A21,N924US,D,1477,C,C20,3635
9/14/2024 2:42,9/14/2024 2:42,DEP,ONT,AA,A21,N586UW,D,1162,C,C19,3636
9/14/2024 1:00,9/14/2024 1:00,ARR,PIT,AA,A21,N586UW,D,1868,C,C19,3637
9/13/2024 22:44,9/13/2024 22:44,DEP,SAN,AA,A21,N578UW,D,1948,B,B12,3638
9/13/2024 16:01,9/13/2024 16:01,DEP,CHA,AA,E7M,N249NN,D,4139,B,B25,3639
9/13/2024 16:31,9/13/2024 16:31,DEP,BIL,AA,E7M,N239NN,D,4095,B,B24,3640
9/14/2024 1:45,9/14/2024 1:45,DEP,IND,AA,38R,N960NN,D,2711,C,C10,3641
9/13/2024 21:14,9/13/2024 21:14,DEP,SFO,AA,32C,N126AN,D,636,A,A8,3642
9/13/2024 20:14,9/13/2024 20:14,ARR,SLC,AA,32C,N126AN,D,2178,A,A8,3643
9/13/2024 23:09,9/13/2024 23:09,ARR,MSO,AA,38R,N991NN,D,851,C,C17,3644
9/13/2024 22:16,9/13/2024 22:16,DEP,CVG,AA,38K,N952AA,D,1335,C,C24,3645
9/12/2024 0:44,9/12/2024 0:54,ARR,ABQ,AA,38R,N355PU,D,9,A,A22,3646
9/12/2024 0:39,9/12/2024 0:39,ARR,ORD,AA,38M,N344TS,D,2499,A,A29,3647
9/11/2024 22:11,9/11/2024 22:15,DEP,ORD,AA,38R,N354PT,D,2399,A,A25,3648
9/12/2024 0:33,9/12/2024 0:44,ARR,MAF,AA,E7M,N329DD,D,3573,B,B32,3649
9/11/2024 21:50,9/11/2024 20:57,DEP,LAS,AA,32C,N904AA,D,777,B,B16,3650
9/11/2024 22:06,9/11/2024 22:00,DEP,ONT,AA,A21,N154UW,D,2191,C,C14,3651
9/12/2024 0:36,9/12/2024 0:39,ARR,STL,AA,A19,N813AW,D,2269,A,A35,3652
9/12/2024 0:37,9/12/2024 0:22,ARR,COU,AA,E7M,N215NN,D,3853,B,B44,3653
9/11/2024 22:29,9/11/2024 22:20,DEP,ECP,AA,E7M,N282NN,D,3628,B,B34,3654
9/11/2024 22:07,9/11/2024 22:09,DEP,JAX,AA,38R,N959NN,D,2449,A,A35,3655
9/12/2024 0:56,9/12/2024 1:00,ARR,PIT,AA,A21,N572UW,D,1868,A,A23,3656
9/12/2024 0:37,9/12/2024 0:49,ARR,JAC,AA,319,N9008U,D,1825,A,A34,3657
9/12/2024 0:54,9/12/2024 0:39,ARR,SLC,AA,32C,N142AN,D,2169,C,C4,3658
9/12/2024 0:32,9/12/2024 0:34,ARR,IAD,AA,A21,N177US,D,1390,A,A11,3659
9/12/2024 0:49,9/12/2024 0:54,ARR,LGA,AA,38K,N904AN,D,541,C,C6,3660
9/12/2024 0:57,9/12/2024 0:58,ARR,CLE,AA,38R,N346PR,D,2336,C,C2,3661
9/12/2024 0:30,9/12/2024 0:39,ARR,ELP,AA,38K,N896NN,D,1681,A,A38,3662
9/11/2024 23:46,9/11/2024 23:44,DEP,LBB,AA,E7M,N277NN,D,4031,B,B30,3663
9/12/2024 0:54,9/12/2024 0:44,ARR,DEN,AA,A21,N567UW,D,631,C,C7,3664
9/12/2024 0:41,9/12/2024 0:59,ARR,MSN,AA,319,N8031M,D,1736,C,C29,3665
9/12/2024 0:45,9/12/2024 0:15,ARR,SJD,AA,32C,N995AN,I,1663,D,D29,3666
9/12/2024 0:30,9/11/2024 23:45,ARR,FAT,AA,38K,N869NN,D,2393,B,B16,3667
9/12/2024 0:32,9/12/2024 0:54,ARR,GSP,AA,38K,N924AN,D,2181,C,C15,3668
9/12/2024 0:42,9/12/2024 1:00,ARR,GSO,AA,38K,N807NN,D,1598,C,C38,3669
9/12/2024 0:45,9/12/2024 0:49,ARR,SEA,AA,A21,N575UW,D,2769,C,C10,3670
9/12/2024 0:19,9/12/2024 0:10,ARR,CUN,AA,32C,N905AU,I,2652,D,D1,3671
9/11/2024 23:03,9/11/2024 22:20,DEP,ABQ,AA,38K,N917AN,D,2698,A,A8,3672
9/12/2024 0:35,9/12/2024 0:47,ARR,CLT,AA,A21,N913US,D,1079,A,A9,3673
9/12/2024 0:53,9/12/2024 0:34,ARR,BUF,AA,38K,N989AN,D,1069,C,C22,3674
9/13/2024 23:50,9/13/2024 23:50,DEP,BMI,AA,E7M,N239NN,D,3702,B,B39,3675
9/14/2024 0:39,9/14/2024 0:39,DEP,GGG,AA,E7R,N751AB,D,3891,B,B49,3676
9/13/2024 1:51,9/13/2024 1:51,ARR,LGA,NK,32N,\N,D,2707,E,E18,3677
9/13/2024 0:15,9/13/2024 0:15,DEP,BIS,AA,E7M,N283NN,D,4168,B,B1A,3678
9/13/2024 3:39,9/13/2024 3:39,DEP,AMA,AA,E7M,N265NN,D,3466,B,B2,3679
9/12/2024 2:22,9/11/2024 19:44,ARR,ROW,AA,OO7,N761ND,D,4922,E,E25,3680
9/11/2024 21:00,9/11/2024 21:00,DEP,LAX,DL,319,N319NB,D,948,E,E12,3681
9/11/2024 20:25,9/11/2024 20:25,DEP,LGA,DL,220,N111NG,D,856,E,E17,3682
9/14/2024 0:35,9/14/2024 0:35,DEP,RAP,AA,E7M,N259NN,D,3439,B,B33,3683
9/11/2024 14:45,9/11/2024 14:45,DEP,LGA,DL,220,N315DU,D,878,E,E17,3684
9/11/2024 19:28,9/11/2024 19:28,ARR,DTW,DL,320,N368NW,D,1041,E,E13,3685
9/11/2024 18:00,9/11/2024 18:00,DEP,LGA,DL,220,N127DU,D,1691,E,E12,3686
9/11/2024 20:25,9/11/2024 20:25,DEP,MSP,DL,319,N351NB,D,2239,E,E14,3687
9/12/2024 2:37,9/12/2024 2:35,ARR,YUL,AC,223,CGTZH,I,1071,D,D6,3688
9/13/2024 21:15,9/13/2024 21:15,ARR,LHR,AA,77W,N732AN,I,79,D,D21A,3689
9/13/2024 20:49,9/13/2024 20:49,ARR,ATL,AA,38K,N906NN,D,980,C,C8,3690
9/14/2024 1:00,9/14/2024 1:00,ARR,RNO,AA,38K,N844NN,D,1923,C,C8,3691
9/12/2024 0:55,9/12/2024 0:55,ARR,LGA,DL,220,N115DU,D,522,E,E17,3692
9/12/2024 1:58,9/12/2024 2:09,DEP,GRK,AA,E7M,N270NN,D,3569,B,B21,3693
9/14/2024 0:11,9/14/2024 0:11,DEP,AVL,AA,E7M,N290NN,D,3351,B,B47,3694
9/11/2024 22:58,9/11/2024 22:58,DEP,ATL,DL,32S,N302DN,D,32,E,E15,3695
9/12/2024 1:15,9/12/2024 1:20,DEP,SAT,AA,32S,N93003,D,1406,D,D37,3696
9/11/2024 23:57,9/12/2024 0:00,DEP,BFL,AA,19W,N733UW,D,1024,A,A35,3697
9/13/2024 22:49,9/13/2024 22:49,ARR,BOI,AA,32S,N925UY,D,2944,D,D1,3698
9/12/2024 0:08,9/11/2024 23:30,DEP,LAX,AA,A21,N916US,D,2318,B,B6,3699
9/12/2024 1:06,9/12/2024 1:10,DEP,PHX,AA,A21,N927UW,D,1659,B,B7,3700
9/14/2024 2:02,9/14/2024 2:02,DEP,BJX,AA,38K,N912NN,I,2262,C,C31,3701
9/11/2024 19:29,9/11/2024 19:29,ARR,MSP,DL,32S,N351NB,D,2970,E,E14,3702
9/11/2024 22:17,9/11/2024 22:17,ARR,MSP,DL,32S,N347NW,D,2971,E,E14,3703
9/11/2024 23:57,9/12/2024 0:01,DEP,ALB,AA,32S,N104UW,D,2513,D,D1,3704
9/12/2024 1:38,9/12/2024 1:43,DEP,LEX,AA,E7M,N253NN,D,3701,B,B46,3705
9/13/2024 1:40,9/13/2024 1:40,ARR,TPA,NK,32N,\N,D,3714,E,E31,3706
9/12/2024 1:58,9/12/2024 2:05,DEP,HRL,AA,E7M,N313BS,D,3823,B,B25,3707
9/13/2024 0:39,9/13/2024 0:39,DEP,LIT,AA,E7M,N231AN,D,4079,B,B19,3708
9/13/2024 0:50,9/13/2024 0:50,DEP,FAR,AA,E7M,N253NN,D,3450,B,B29,3709
9/12/2024 23:08,9/12/2024 23:08,DEP,BRO,AA,E7R,N788CJ,D,3737,B,B3A,3710
9/11/2024 22:30,9/11/2024 22:34,DEP,CLE,AA,38K,N890NN,D,1228,A,A16,3711
9/12/2024 1:03,9/12/2024 0:58,ARR,MFE,AA,38K,N801NN,D,1803,A,A36,3712
9/12/2024 1:03,9/12/2024 1:00,ARR,IAH,AA,A05,N667AW,D,1416,C,C16,3713
9/11/2024 22:11,9/11/2024 22:11,DEP,BIL,AA,E7M,N206NN,D,3937,B,B46,3714
9/11/2024 22:41,9/11/2024 22:15,DEP,CLT,AA,A21,N586UW,D,1029,B,B5,3715
9/12/2024 1:09,9/12/2024 1:00,ARR,TUL,AA,38K,N841NN,D,2360,C,C36,3716
9/11/2024 21:41,9/11/2024 21:46,DEP,JFK,AA,38K,N824NN,D,2292,C,C22,3717
9/12/2024 0:29,9/12/2024 1:00,ARR,TUS,AA,32S,N521UW,D,584,D,D2,3718
9/12/2024 1:00,9/12/2024 0:41,ARR,ONT,AA,32C,N908AA,D,2635,C,C19,3719
9/12/2024 1:05,9/12/2024 0:43,ARR,ORD,AA,788,N817AN,D,9817,D,D33,3720
9/12/2024 1:08,9/12/2024 0:38,ARR,JAX,AA,38K,N817NN,D,2465,C,C12,3721
9/13/2024 3:30,9/13/2024 3:30,DEP,BRO,AA,E7M,N226NN,D,3783,B,B35,3722
9/13/2024 12:19,9/13/2024 12:19,ARR,HRL,AA,E7M,N322RC,D,3818,B,B42,3723
9/14/2024 0:20,9/14/2024 0:20,ARR,LIR,AA,737,N907NN,I,1436,D,D1,3724
9/13/2024 23:10,9/13/2024 23:10,ARR,RDU,AA,737,N306PB,D,2381,D,D37,3725
9/13/2024 22:44,9/13/2024 22:44,ARR,BIL,AA,E7M,N239NN,D,4095,B,B39,3726
9/11/2024 21:39,9/11/2024 21:40,DEP,MCO,AA,32C,N156AN,D,1009,D,D17,3727
9/11/2024 23:54,9/12/2024 0:01,DEP,HOU,AA,E7M,N226NN,D,3465,B,B42,3728
9/11/2024 22:02,9/11/2024 21:53,DEP,VPS,AA,737,N881NN,D,1201,D,D3,3729
9/12/2024 0:07,9/12/2024 0:00,DEP,AUS,AA,38K,N835NN,D,1372,A,A38,3730
9/12/2024 1:25,9/12/2024 1:00,ARR,PHX,AA,A21,N157UW,D,679,B,B7,3731
9/12/2024 1:22,9/12/2024 1:27,ARR,LAS,AA,32C,N131NN,D,1494,C,C39,3732
9/13/2024 18:55,9/13/2024 18:55,ARR,DTW,AA,38K,N987AN,D,2374,A,A11,3733
9/11/2024 23:45,9/11/2024 23:49,DEP,MGM,AA,E7M,N252NN,D,3403,B,B3A,3734
9/11/2024 22:28,9/11/2024 22:30,DEP,LAX,AA,A21,N151UW,D,2023,C,C38,3735
9/11/2024 22:17,9/11/2024 22:16,DEP,GEG,AA,A05,N647AW,D,303,C,C39,3736
9/11/2024 23:14,9/11/2024 22:22,DEP,MCO,AA,A21,N976UY,D,2186,A,A28,3737
9/11/2024 22:05,9/11/2024 22:09,DEP,RNO,AA,38K,N843NN,D,670,B,B17,3738
9/11/2024 22:32,9/11/2024 22:32,DEP,MIA,AA,38R,N338PK,D,1287,A,A36,3739
9/12/2024 21:45,9/12/2024 21:45,DEP,PDX,AA,A05,N668AW,D,2433,C,C8,3740
9/13/2024 0:58,9/13/2024 0:58,ARR,CLE,AA,38R,N352PS,D,2336,C,C21,3741
9/12/2024 23:00,9/12/2024 23:00,DEP,CDG,AA,788,N800AN,I,48,D,D23,3742
9/12/2024 0:47,9/12/2024 0:45,DEP,AUS,AA,38R,N948NN,D,2707,A,A21,3743
9/12/2024 1:44,9/12/2024 2:05,ARR,MEX,AA,38K,N899NN,I,2351,D,D40,3744
9/12/2024 1:48,9/12/2024 2:06,ARR,PHX,AA,32E,N412UW,D,1972,D,D37,3745
9/12/2024 1:48,9/12/2024 1:00,ARR,LRD,AA,E7R,N739AE,D,3503,B,B48,3746
9/11/2024 23:26,9/11/2024 23:30,DEP,TPA,AA,38K,N879NN,D,2950,B,B14,3747
9/11/2024 22:15,9/11/2024 22:14,DEP,SMF,AA,32C,N931AM,D,2554,C,C8,3748
9/11/2024 22:53,9/11/2024 22:53,DEP,ORD,UA,319,N820UA,D,1436,E,E8,3749
9/12/2024 1:54,9/12/2024 0:14,ARR,EUG,AA,320,N110UW,D,406,A,A37,3750
9/12/2024 0:40,9/12/2024 0:44,DEP,XNA,AA,A19,N748UW,D,1536,B,B17,3751
9/11/2024 23:50,9/11/2024 23:45,DEP,ORD,AA,38R,N314PD,D,2881,A,A25,3752
9/12/2024 2:10,9/12/2024 2:37,ARR,PHL,AA,32E,N440AN,D,2533,D,D22,3753
9/11/2024 23:43,9/11/2024 23:35,DEP,CAE,AA,319,N8027D,D,2151,D,D21,3754
9/11/2024 23:21,9/11/2024 23:26,DEP,MCO,NK,A20N,N951NK,D,1099,E,E18,3755
9/12/2024 0:04,9/12/2024 0:08,DEP,ATL,AA,A19,N828AW,D,2237,C,C17,3756
9/11/2024 23:26,9/11/2024 23:30,DEP,MCO,AA,A21,N534UW,D,3007,A,A19,3757
9/11/2024 22:14,9/11/2024 22:15,DEP,SEA,AA,32E,N447AN,D,2009,B,B11,3758
9/11/2024 23:38,9/11/2024 23:38,DEP,DEN,UA,320,N483UA,D,2330,E,E9,3759
9/12/2024 2:08,9/12/2024 2:50,ARR,ORD,AA,38K,N877NN,D,550,A,A33,3760
9/12/2024 2:28,9/12/2024 2:50,ARR,LGA,AA,38K,N928AN,D,2818,D,D21,3761
9/13/2024 1:40,9/13/2024 1:40,DEP,IST,TK,789,\N,I,192,D,D14,3762
9/14/2024 2:06,9/14/2024 2:06,ARR,PHX,AA,32E,N401AN,D,1972,A,A21,3763
9/11/2024 22:55,9/11/2024 22:55,DEP,MTY,VB,32S,XAVYE,I,685,D,D12,3764
9/11/2024 16:46,9/11/2024 16:50,DEP,NRT,AA,788,N805AN,I,61,D,D33,3765
9/14/2024 0:45,9/14/2024 0:45,DEP,AUS,AA,38K,N865NN,D,2707,A,A39,3766
9/13/2024 3:37,9/13/2024 3:37,DEP,IAH,AA,38K,N871NN,D,619,A,A22,3767
9/13/2024 2:37,9/13/2024 2:37,ARR,BDL,AA,32C,N121AN,D,1367,C,C20,3768
9/13/2024 0:41,9/13/2024 0:41,ARR,ONT,AA,A05,N655AW,D,2635,B,B5,3769
9/14/2024 1:51,9/14/2024 1:51,DEP,CLT,AA,32C,N146AA,D,579,A,A8,3770
9/13/2024 10:00,9/13/2024 10:00,ARR,ONT,AA,A21,N578UW,D,2609,C,C21,3771
9/11/2024 17:00,9/11/2024 17:00,DEP,IAD,UA,319,N853UA,D,358,E,E5,3772
9/11/2024 19:42,9/11/2024 19:53,ARR,SFO,UA,319,N841UA,D,1240,E,E6,3773
9/11/2024 18:47,9/11/2024 17:10,DEP,IAH,UA,CR9,N933LR,D,6096,E,E4,3774
9/11/2024 22:24,9/11/2024 22:24,DEP,EWR,UA,737,N37551,D,1856,E,E6,3775
9/11/2024 20:28,9/11/2024 20:44,ARR,ORD,UA,320,N437UA,D,2854,E,E9,3776
9/11/2024 21:24,9/11/2024 21:29,ARR,DEN,UA,319,N829UA,D,578,E,E5,3777
9/11/2024 21:12,9/11/2024 21:18,ARR,EWR,UA,737,N37551,D,2053,E,E6,3778
9/11/2024 18:10,9/11/2024 18:10,DEP,EWR,UA,737,N62849,D,2160,E,E6,3779
9/11/2024 21:41,9/11/2024 21:42,DEP,STL,AA,38K,N910NN,D,2761,C,C19,3780
9/11/2024 20:54,9/11/2024 20:54,DEP,IAH,UA,737,N33203,D,2682,E,E8,3781
9/11/2024 23:19,9/11/2024 23:29,ARR,EWR,UA,737,N17320,D,1814,E,E6,3782
9/13/2024 15:02,9/13/2024 15:02,DEP,IAH,AA,38K,N908AN,D,1424,C,C12,3783
9/14/2024 0:56,9/14/2024 0:56,ARR,LIT,AA,A19,N813AW,D,3066,D,D4,3784
9/11/2024 20:50,9/11/2024 20:50,DEP,SFO,UA,319,N841UA,D,1806,E,E6,3785
9/11/2024 21:51,9/11/2024 21:51,DEP,DEN,UA,320,N437UA,D,2655,E,E9,3786
9/11/2024 23:51,9/11/2024 23:54,ARR,DEN,UA,320,N426UA,D,1341,E,E5,3787
9/14/2024 0:08,9/14/2024 0:08,DEP,ATL,AA,38K,N914AN,D,2237,A,A22,3788
9/13/2024 22:42,9/13/2024 22:42,ARR,ORD,AA,38R,N945NN,D,2429,A,A23,3789
9/13/2024 2:55,9/13/2024 2:55,DEP,SAT,NK,32N,\N,D,3715,E,E18,3790
9/11/2024 16:35,9/11/2024 16:35,DEP,DEN,UA,32S,N873UA,D,445,E,E8,3791
9/13/2024 20:55,9/13/2024 20:55,ARR,BOS,AA,A21,N563UW,D,2297,A,A39,3792
9/13/2024 21:35,9/13/2024 21:35,DEP,PHX,AA,38K,N924NN,D,1796,C,C19,3793
9/13/2024 10:00,9/13/2024 10:00,DEP,LAX,AA,32E,N459AN,D,2155,A,A18,3794
9/11/2024 22:20,9/11/2024 22:20,DEP,IAH,UA,32S,N854UA,D,1267,E,E4,3795
9/12/2024 1:36,9/12/2024 1:52,ARR,DEN,UA,32S,N844UA,D,1565,E,E5,3796
9/13/2024 1:26,9/13/2024 1:26,DEP,MCO,NK,32N,\N,D,1099,E,E32,3797
9/13/2024 0:34,9/13/2024 0:34,ARR,LAS,AA,32C,N152AA,D,1599,B,B16,3798
9/12/2024 22:49,9/12/2024 22:49,ARR,HOU,AA,E7R,N789SS,D,3494,E,E38A,3799
9/13/2024 16:01,9/13/2024 16:01,ARR,SLC,AA,32C,N150NN,D,1214,A,A8,3800
9/13/2024 23:04,9/13/2024 23:04,ARR,CMI,AA,E7R,N789SS,D,3700,B,B49,3801
9/13/2024 2:35,9/13/2024 2:35,ARR,YUL,AC,BCS3,\N,I,1071,E,E2,3802
9/13/2024 2:02,9/13/2024 2:02,DEP,COU,AA,E7R,N779RN,D,3440,B,B3A,3803
9/13/2024 0:09,9/13/2024 0:09,ARR,CUU,AA,E7R,N787BP,I,4160,B,B3A,3804
9/12/2024 17:53,9/12/2024 17:53,DEP,SEA,AS,7M9,N720AL,D,909,E,E11,3805
9/12/2024 22:29,9/12/2024 22:29,ARR,PDX,AS,737,N611AS,D,254,E,E11,3806
9/12/2024 0:58,9/12/2024 0:53,ARR,IAD,UA,32S,N853UA,D,2116,E,E9,3807
9/12/2024 0:39,9/12/2024 0:59,ARR,IAH,UA,175,N80343,D,6074,E,E4,3808
9/11/2024 21:02,9/11/2024 21:02,ARR,IAH,UA,32S,N854UA,D,2011,E,E4,3809
9/11/2024 22:25,9/11/2024 22:25,DEP,IAD,UA,32S,N829UA,D,1240,E,E5,3810
9/13/2024 14:45,9/13/2024 14:45,DEP,LGA,DL,220,N325DU,D,878,E,E13,3811
9/13/2024 1:10,9/13/2024 1:10,DEP,PHX,AA,A21,N156UW,D,1659,A,A11,3812
9/13/2024 15:31,9/13/2024 15:31,DEP,DEN,AA,A21,N524UW,D,2579,A,A39,3813
9/13/2024 20:43,9/13/2024 20:43,ARR,DEN,AA,A21,N524UW,D,2579,A,A18,3814
9/13/2024 22:16,9/13/2024 22:16,DEP,GEG,AA,320,N117UW,D,303,B,B9,3815
9/13/2024 20:55,9/13/2024 20:55,ARR,SAV,AA,320,N117UW,D,2081,B,B9,3816
9/13/2024 4:59,9/13/2024 4:59,ARR,DEN,UA,319,N803UA,D,514,E,E8,3817
9/13/2024 21:56,9/13/2024 21:56,DEP,LAS,AA,A21,N524UW,D,604,A,A18,3818
9/12/2024 10:44,9/12/2024 11:04,ARR,LAW,AA,OO7,N707SK,D,6295,E,E22B,3819
9/12/2024 23:03,9/12/2024 23:03,DEP,JAN,AA,E7M,N249NN,D,3960,B,B38,3820
9/14/2024 1:08,9/14/2024 1:08,DEP,AGU,AA,E7R,N742GR,I,3670,B,B2,3821
9/13/2024 2:44,9/13/2024 2:44,ARR,JAN,AA,E7M,N249NN,D,3960,B,B27,3822
9/13/2024 23:45,9/13/2024 23:45,ARR,ORD,AA,38K,N960AN,D,1878,A,A9,3823
9/13/2024 20:51,9/13/2024 20:51,DEP,GPT,AA,E7R,N743MB,D,3548,B,B3,3824
9/14/2024 0:55,9/14/2024 0:55,ARR,GPT,AA,E7R,N743MB,D,3548,B,B49,3825
9/12/2024 11:13,9/12/2024 11:05,ARR,ACT,AA,OO7,N732SK,D,6252,E,E36,3826
9/12/2024 11:10,9/12/2024 11:19,ARR,IAH,AA,38K,N924NN,D,2442,C,C37,3827
9/13/2024 16:39,9/13/2024 16:39,ARR,PHX,AA,A21,N912UY,D,424,A,A36,3828
9/13/2024 16:34,9/13/2024 16:34,ARR,MLU,AA,E7R,N782SM,D,3518,B,B49,3829
9/13/2024 11:10,9/13/2024 11:10,ARR,CLL,AA,E7R,N782SM,D,3750,B,B36,3830
9/13/2024 21:38,9/13/2024 21:38,DEP,AEX,AA,E7R,N782SM,D,3904,B,B34,3831
9/12/2024 11:17,9/12/2024 11:14,ARR,AMA,AA,E7M,N233NN,D,3691,B,B21,3832
9/12/2024 11:19,9/12/2024 11:20,ARR,MAF,AA,OO7,N613SK,D,4840,E,E23A,3833
9/12/2024 23:10,9/12/2024 23:10,ARR,AMA,AA,E7M,N285NN,D,3385,B,B37,3834
9/13/2024 22:42,9/13/2024 22:42,ARR,FSM,AA,E7M,N234JW,D,3453,B,B29,3835
9/13/2024 13:10,9/13/2024 13:10,DEP,RAP,AA,E7M,N234JW,D,3534,B,B3,3836
9/13/2024 19:36,9/13/2024 19:36,DEP,FSM,AA,E7M,N234JW,D,3453,B,B36,3837
9/14/2024 0:55,9/14/2024 0:55,DEP,OKC,AA,38K,N847NN,D,1458,A,A20,3838
9/13/2024 2:49,9/13/2024 2:49,ARR,HRL,AA,E7M,N308LD,D,3816,B,B38,3839
9/12/2024 2:17,9/12/2024 2:44,ARR,SEA,AA,A21,N163US,D,1992,D,D2,3840
9/12/2024 11:53,9/12/2024 11:55,ARR,MLU,AA,OO7,N716SK,D,4978,E,E25,3841
9/12/2024 11:57,9/12/2024 12:09,ARR,AEX,AA,OO7,N612QX,D,6310,E,E38B,3842
9/12/2024 11:56,9/12/2024 12:14,ARR,BPT,AA,OO7,N742SK,D,6329,E,E35A,3843
9/12/2024 12:11,9/12/2024 12:19,ARR,IAH,AA,38R,N964NN,D,2551,A,A18,3844
9/12/2024 12:10,9/12/2024 12:12,ARR,GCK,AA,CS7,N752SK,D,6266,E,E37A,3845
9/12/2024 12:11,9/12/2024 12:20,ARR,SDF,AA,E7M,N264NN,D,3424,B,B29,3846
9/14/2024 1:40,9/14/2024 1:40,DEP,ABI,AA,E7M,N257NN,D,3611,B,B22,3847
9/14/2024 0:01,9/14/2024 0:01,DEP,SGF,AA,E7M,N228NN,D,3553,B,B21,3848
9/14/2024 1:40,9/14/2024 1:40,DEP,SGF,AA,E7M,N252NN,D,4092,B,B21,3849
9/13/2024 19:47,9/13/2024 19:47,DEP,TUL,AA,E7M,N233NN,D,3956,B,B44,3850
9/12/2024 11:24,9/12/2024 11:43,ARR,MFE,AA,32S,N9023N,D,2451,D,D37,3851
9/12/2024 12:17,9/12/2024 12:28,ARR,MIA,AA,32C,N139AN,D,1226,B,B11,3852
9/12/2024 11:59,9/12/2024 12:37,ARR,PHL,AA,A21,N584UW,D,1278,A,A36,3853
9/12/2024 12:24,9/12/2024 12:28,ARR,LEX,AA,E7M,N253NN,D,3581,B,B39,3854
9/13/2024 23:35,9/13/2024 23:35,DEP,CMI,AA,E7M,N307LH,D,3887,B,B43,3855
9/12/2024 16:02,9/12/2024 12:11,ARR,LCH,AA,OO7,N762SK,D,6297,E,E35A,3856
9/12/2024 18:15,9/12/2024 18:15,DEP,BOS,B6,223,N3104J,D,1214,E,E7,3857
9/12/2024 12:50,9/12/2024 13:04,ARR,DEN,AA,38K,N992AN,D,2612,A,A37,3858
9/13/2024 2:49,9/13/2024 2:49,ARR,FSM,AA,E7R,N751AB,D,3997,E,E38A,3859
9/13/2024 12:14,9/13/2024 12:14,DEP,IAH,AA,E7R,N751AB,D,3869,E,E38A,3860
9/13/2024 15:28,9/13/2024 15:28,ARR,IAH,AA,E7R,N751AB,D,3729,B,B40,3861
9/12/2024 23:49,9/12/2024 23:49,DEP,FSM,AA,E7R,N751AB,D,3997,E,E37B,3862
9/13/2024 20:53,9/13/2024 20:53,ARR,AMA,AA,E7Q,N782SM,D,3943,B,B34,3863
9/11/2024 21:55,9/11/2024 21:37,DEP,SNA,AA,737,N992NN,D,2203,D,D1,3864
9/12/2024 9:58,9/12/2024 10:00,DEP,CLT,AA,32C,N903AA,D,1091,A,A36,3865
9/14/2024 3:05,9/14/2024 3:05,DEP,MCI,AA,38K,N982AN,D,2267,D,D30,3866
9/13/2024 0:59,9/13/2024 0:59,ARR,MSN,AA,319,N9006,D,1736,A,A9,3867
9/12/2024 22:14,9/12/2024 22:14,DEP,CUN,AA,38R,N960NN,I,2650,A,A8,3868
9/13/2024 10:00,9/13/2024 10:00,DEP,MIA,AA,38K,N992AN,D,1042,A,A17,3869
9/13/2024 0:15,9/13/2024 0:15,ARR,MEM,AA,38K,N829NN,D,3070,C,C4,3870
9/12/2024 12:07,9/12/2024 12:11,DEP,TUL,AA,OO7,N732SK,D,4899,E,E36,3871
9/13/2024 19:04,9/13/2024 19:04,DEP,GSP,AA,38K,N920AN,D,2181,C,C11,3872
9/12/2024 13:07,9/12/2024 13:22,ARR,AUS,AA,38K,N930AN,D,1595,C,C11,3873
9/12/2024 19:39,9/12/2024 19:39,DEP,SNA,AA,38R,N986NN,D,146,C,C8,3874
9/12/2024 13:17,9/12/2024 12:54,ARR,OKC,AA,A21,N582UW,D,2791,C,C37,3875
9/12/2024 11:54,9/12/2024 12:00,DEP,LIT,AA,E7R,N787BP,D,4016,B,B25,3876
9/12/2024 12:06,9/12/2024 12:10,DEP,AUS,AA,319,N9016,D,783,C,C11,3877
9/14/2024 0:33,9/14/2024 0:33,ARR,SAN,AA,A21,N922US,D,1369,D,D33,3878
9/13/2024 19:39,9/13/2024 19:39,DEP,HSV,AA,E7M,N257NN,D,3820,B,B33,3879
9/13/2024 20:43,9/13/2024 20:43,ARR,LAX,AA,32E,N461AN,D,1767,A,A28,3880
9/13/2024 22:41,9/13/2024 22:41,ARR,CLT,AA,32C,N167AN,D,2895,C,C31,3881
9/12/2024 13:36,9/12/2024 13:26,ARR,SAT,AA,319,N93003,D,1333,A,A28,3882
9/12/2024 13:42,9/12/2024 13:36,ARR,CUU,AA,E7R,N779RN,I,3369,B,B2,3883
9/14/2024 0:16,9/14/2024 0:16,ARR,HSV,AA,E7M,N257NN,D,3820,B,B22,3884
9/12/2024 12:01,9/12/2024 12:08,DEP,OMA,AA,E7M,N270NN,D,3984,B,B30,3885
9/12/2024 10:08,9/12/2024 10:15,DEP,PHL,AA,32C,N119NN,D,1971,A,A28,3886
9/12/2024 11:55,9/12/2024 12:01,DEP,BHM,AA,319,N9008U,D,2859,A,A34,3887
9/12/2024 13:33,9/12/2024 13:40,ARR,AGU,AA,E7R,N789SS,I,3339,B,B3A,3888
9/12/2024 13:44,9/12/2024 13:28,ARR,ORD,AA,38R,N314PD,D,2610,C,C38,3889
9/12/2024 13:39,9/12/2024 13:27,ARR,GSP,AA,38K,N889NN,D,1800,A,A22,3890
9/11/2024 19:07,9/11/2024 19:07,DEP,IAH,UA,CRJ,N249LR,D,6160,E,E6,3891
9/13/2024 13:10,9/13/2024 13:10,DEP,MTY,AA,E7M,N200NN,I,3515,B,B30,3892
9/13/2024 12:08,9/13/2024 12:08,DEP,OMA,AA,E7M,N261NN,D,3984,B,B24,3893
9/12/2024 21:41,9/12/2024 21:41,DEP,SHV,AA,E7M,N262NN,D,4002,B,B25,3894
9/13/2024 18:00,9/13/2024 18:00,DEP,LAX,AA,32C,N118NN,D,1540,C,C17,3895
9/13/2024 23:45,9/13/2024 23:45,DEP,MYR,AA,E7M,N200NN,D,4037,B,B42,3896
9/13/2024 16:39,9/13/2024 16:39,ARR,OMA,AA,E7M,N261NN,D,3984,B,B32,3897
9/12/2024 13:12,9/12/2024 13:18,DEP,DAY,AA,OO7,N750SK,D,4918,E,E27B,3898
9/12/2024 12:07,9/12/2024 12:17,DEP,ELP,AA,E7M,N260NN,D,3549,B,B40,3899
9/12/2024 13:58,9/12/2024 13:48,ARR,TUL,AA,38K,N852NN,D,2340,A,A35,3900
9/12/2024 13:57,9/12/2024 14:11,ARR,AVL,AA,E7M,N303DD,D,3360,B,B33,3901
9/12/2024 23:50,9/12/2024 23:50,ARR,BTR,AA,E7M,N253NN,D,3346,B,B29,3902
9/13/2024 14:03,9/13/2024 14:03,DEP,GRK,AA,E7M,N207AN,D,3873,B,B47,3903
9/13/2024 22:46,9/13/2024 22:46,DEP,XNA,AA,E7M,N207AN,D,3790,B,B24,3904
9/14/2024 0:10,9/14/2024 0:10,ARR,OKC,AA,E7M,N212NN,D,3558,B,B35,3905
9/14/2024 1:40,9/14/2024 1:40,DEP,XNA,AA,E7M,N212NN,D,4138,B,B35,3906
9/13/2024 4:54,9/13/2024 4:58,ARR,ATL,DL,321,N339DN,D,818,E,E14,3907
9/13/2024 10:30,9/13/2024 10:30,DEP,ATL,DL,321,N339DN,D,401,E,E14,3908
9/12/2024 13:12,9/12/2024 13:13,DEP,ABI,AA,E7R,N739AE,D,4039,B,B48,3909
9/12/2024 12:03,9/12/2024 12:05,DEP,MEM,AA,E7M,N226NN,D,3973,B,B31,3910
9/12/2024 12:12,9/12/2024 12:03,DEP,PNS,AA,E7M,N222NS,D,3986,B,B22,3911
9/12/2024 12:02,9/12/2024 12:07,DEP,IND,AA,38K,N972AN,D,1506,C,C21,3912
9/12/2024 14:11,9/12/2024 14:18,ARR,MGM,AA,E7M,N252NN,D,3358,B,B28,3913
9/12/2024 11:59,9/12/2024 12:02,DEP,ATL,AA,38K,N877NN,D,2431,A,A33,3914
9/12/2024 13:59,9/12/2024 14:07,ARR,CLT,AA,A21,N586UW,D,422,B,B18,3915
9/12/2024 14:06,9/12/2024 14:11,ARR,BNA,AA,A21,N913US,D,2583,C,C21,3916
9/12/2024 13:32,9/12/2024 13:40,ARR,PBI,AA,38K,N974AN,D,1220,A,A17,3917
9/13/2024 2:46,9/13/2024 2:46,ARR,XNA,AA,E7M,N246NN,D,3790,B,B33,3918
9/12/2024 23:56,9/12/2024 23:56,ARR,CLT,AA,A21,N156UW,D,3025,A,A11,3919
9/12/2024 23:44,9/12/2024 23:44,DEP,CLT,AA,32E,N445AA,D,522,A,A8,3920
9/14/2024 0:30,9/14/2024 0:30,DEP,LAX,AA,A21,N973UY,D,779,A,A28,3921
9/13/2024 3:15,9/13/2024 3:15,DEP,SYD,QF,789,\N,I,8,D,D8,3922
9/13/2024 20:08,9/13/2024 20:08,DEP,LBB,AA,E7M,N267NN,D,3738,B,B21,3923
9/13/2024 2:30,9/13/2024 2:30,DEP,ABQ,AA,E7M,N259NN,D,3364,B,B37,3924
9/13/2024 20:00,9/13/2024 20:00,DEP,COS,AA,38K,N906AN,D,1170,C,C35,3925
9/14/2024 0:39,9/14/2024 0:39,ARR,COS,AA,38K,N906AN,D,1170,A,A16,3926
9/13/2024 0:59,9/13/2024 0:59,ARR,XNA,AA,E7M,N241NN,D,3597,B,B47,3927
9/12/2024 21:35,9/12/2024 21:35,DEP,LRD,AA,E7M,N270NN,D,3503,B,B35,3928
9/12/2024 22:55,9/12/2024 22:55,DEP,YYZ,AC,223,\N,I,1030,E,E2,3929
9/13/2024 19:39,9/13/2024 19:39,DEP,SGF,AA,E7M,N228NN,D,3556,B,B32,3930
9/13/2024 14:20,9/13/2024 14:20,ARR,RAP,AA,E7M,N285NN,D,3679,B,B43,3931
9/14/2024 0:09,9/14/2024 0:09,ARR,ILM,AA,E7M,N281NN,D,3851,B,B42,3932
9/13/2024 15:39,9/13/2024 15:39,ARR,DCA,AA,38K,N912NN,D,977,B,B9,3933
9/12/2024 1:39,9/12/2024 1:40,DEP,ABI,AA,E7M,N285NN,D,3611,B,B4,3934
9/12/2024 0:12,9/12/2024 0:15,DEP,GSO,AA,38K,N943AN,D,2075,C,C12,3935
9/12/2024 0:05,9/12/2024 0:13,DEP,CHS,AA,38R,N309PC,D,1422,C,C10,3936
9/12/2024 0:15,9/11/2024 23:51,DEP,SDF,AA,32C,N166NN,D,926,A,A29,3937
9/12/2024 0:19,9/12/2024 0:16,DEP,FWA,AA,E7M,N235NN,D,3978,B,B32,3938
9/12/2024 0:05,9/12/2024 0:09,DEP,GRR,AA,38K,N931AN,D,1555,C,C38,3939
9/12/2024 2:37,9/12/2024 3:10,ARR,DCA,AA,38R,N995NN,D,1202,A,A39,3940
9/11/2024 22:15,9/11/2024 22:15,DEP,LGA,DL,220,N136DQ,D,869,E,E13,3941
9/12/2024 2:30,9/11/2024 23:50,ARR,YUL,AA,A05,N660AW,I,1964,A,A35,3942
9/12/2024 23:02,9/12/2024 23:02,ARR,MAF,AA,OO7,N742SK,D,4900,E,E26,3943
9/12/2024 0:36,9/12/2024 0:40,DEP,TUS,AA,32C,N133AN,D,1207,C,C16,3944
9/12/2024 3:13,9/12/2024 0:54,ARR,SAT,AA,A21,N568UW,D,2068,A,A17,3945
9/12/2024 1:57,9/12/2024 1:57,DEP,IAH,AA,38K,N801NN,D,2790,A,A36,3946
9/11/2024 23:57,9/11/2024 23:54,DEP,YYZ,AA,38K,N906NN,I,2804,A,A17,3947
9/11/2024 23:57,9/11/2024 21:56,DEP,LAS,AA,32C,N121AN,D,604,C,C24,3948
9/11/2024 23:50,9/11/2024 23:55,DEP,EWR,AA,38K,N961AN,D,726,C,C22,3949
9/12/2024 1:32,9/12/2024 1:51,ARR,LGA,NK,A20N,N920NK,D,2707,E,E33,3950
9/12/2024 0:07,9/12/2024 0:11,DEP,IAD,AA,A21,N509AY,D,1291,C,C6,3951
9/12/2024 3:00,9/12/2024 2:49,ARR,PHX,AA,A21,N150UW,D,1173,C,C10,3952
9/12/2024 0:23,9/12/2024 0:15,DEP,GDL,AA,38K,N851NN,I,2313,B,B5,3953
9/12/2024 0:46,9/12/2024 0:23,DEP,RSW,AA,38K,N971AN,D,2474,A,A33,3954
9/11/2024 23:20,9/11/2024 23:20,DEP,SLC,DL,220,N311DU,D,2811,E,E16,3955
9/12/2024 2:16,9/12/2024 2:22,DEP,TUL,AA,A21,N184US,D,2106,C,C24,3956
9/11/2024 20:30,9/11/2024 20:07,DEP,ANC,AA,32E,N409AA,D,399,A,A25,3957
9/12/2024 2:12,9/12/2024 2:20,DEP,CLL,AA,E7R,N788CJ,D,3717,B,B28,3958
9/12/2024 0:44,9/12/2024 0:44,DEP,CLE,AA,38R,N982NN,D,1607,D,D33,3959
9/11/2024 23:16,9/11/2024 22:05,DEP,SEA,AS,737,N278AK,D,573,E,E11,3960
9/12/2024 2:44,9/12/2024 2:44,ARR,DTW,DL,32S,N341NW,D,1207,E,E16,3961
9/12/2024 3:18,9/11/2024 22:02,ARR,PBI,AA,38K,N936AN,D,2218,D,D29,3962
9/12/2024 0:43,9/12/2024 0:45,DEP,JAX,AA,38K,N867NN,D,1305,C,C37,3963
9/11/2024 23:31,9/11/2024 23:24,DEP,PHL,AA,32C,N129AA,D,2395,D,D3,3964
9/12/2024 3:17,9/12/2024 3:28,ARR,CLT,AA,A21,N190UW,D,1089,A,A9,3965
9/12/2024 2:48,9/12/2024 2:48,ARR,ATL,DL,32S,N378DN,D,416,E,E14,3966
9/13/2024 1:00,9/13/2024 1:00,DEP,IAH,NK,32B,\N,D,347,E,E33,3967
9/11/2024 21:57,9/11/2024 22:01,DEP,BOG,AA,38M,N328TC,I,1137,A,A33,3968
9/12/2024 2:02,9/12/2024 2:03,DEP,LRD,AA,E7M,N212NN,D,3589,B,B37,3969
9/12/2024 0:43,9/12/2024 0:35,DEP,DTW,AA,38K,N880NN,D,788,A,A36,3970
9/12/2024 0:45,9/12/2024 0:45,DEP,RIC,AA,38R,N942NN,D,1133,D,D40,3971
9/12/2024 0:36,9/12/2024 0:45,DEP,BUF,AA,A05,N649AW,D,574,C,C36,3972
9/12/2024 3:42,9/12/2024 2:50,ARR,MIA,AA,38M,N302SA,D,2524,A,A37,3973
9/12/2024 1:57,9/12/2024 2:01,DEP,BHM,AA,CP9,N576NN,D,5176,E,E36,3974
9/12/2024 2:42,9/12/2024 2:51,DEP,SAT,AA,38K,N841NN,D,543,C,C36,3975
9/12/2024 2:36,9/12/2024 2:57,DEP,AEX,AA,OO7,N612QX,D,6306,E,E38B,3976
9/12/2024 1:59,9/12/2024 1:57,DEP,STL,AA,A19,N807AW,D,1010,D,D34,3977
9/12/2024 0:52,9/12/2024 0:45,DEP,PBI,AA,38K,N956AN,D,2271,C,C14,3978
9/12/2024 0:47,9/12/2024 0:13,DEP,MDT,AA,A05,N662AW,D,546,C,C2,3979
9/12/2024 0:10,9/11/2024 23:56,DEP,LGA,AA,38R,N967NN,D,2708,C,C4,3980
9/13/2024 13:08,9/13/2024 13:08,DEP,ICT,AA,E7M,N322RC,D,3479,B,B42,3981
9/13/2024 16:29,9/13/2024 16:29,ARR,ICT,AA,E7M,N322RC,D,3479,B,B2,3982
9/12/2024 3:59,9/12/2024 4:03,ARR,ORD,AA,788,N819AN,D,1463,D,D36,3983
9/12/2024 1:59,9/12/2024 1:45,DEP,IND,AA,38K,N817NN,D,2711,C,C12,3984
9/12/2024 1:43,9/12/2024 1:43,DEP,SDF,AA,E7M,N264NN,D,3393,B,B40,3985
9/13/2024 13:56,9/13/2024 13:56,ARR,MCI,AA,38R,N997NN,D,2487,C,C14,3986
9/12/2024 0:08,9/12/2024 0:10,DEP,PDX,AA,A21,N545UW,D,2325,B,B16,3987
9/12/2024 1:50,9/12/2024 1:54,DEP,TUS,AA,E7M,N220NN,D,3695,B,B39,3988
9/12/2024 2:00,9/12/2024 2:06,DEP,MKE,AA,19W,N716UW,D,1234,C,C31,3989
9/12/2024 3:22,9/12/2024 3:22,ARR,MSP,DL,32S,N351NW,D,2967,E,E12,3990
9/12/2024 1:36,9/12/2024 1:40,DEP,RDU,AA,38K,N800NN,D,542,C,C21,3991
9/12/2024 2:43,9/12/2024 3:12,ARR,MCO,NK,A20N,N962NK,D,503,E,E32,3992
9/12/2024 2:14,9/12/2024 2:20,DEP,ABQ,AA,38R,N305NX,D,1056,B,B17,3993
9/12/2024 2:13,9/12/2024 1:50,DEP,DSM,AA,32C,N908AA,D,1371,C,C19,3994
9/12/2024 4:59,9/12/2024 4:59,ARR,SEA,AS,737,N506AS,D,372,E,E11,3995
9/12/2024 1:45,9/12/2024 1:51,DEP,CLT,AA,32C,N150NN,D,579,C,C35,3996
9/12/2024 1:45,9/12/2024 1:57,DEP,QRO,AA,38K,N868NN,I,878,A,A18,3997
9/12/2024 0:59,9/12/2024 0:59,DEP,ATL,DL,32S,N121DZ,D,436,E,E14,3998
9/12/2024 0:12,9/11/2024 23:55,DEP,YYC,AA,737,N887NN,I,2520,D,D4,3999
9/12/2024 2:05,9/12/2024 1:59,DEP,ORD,AA,38M,N306RC,D,2346,C,C37,4000
9/13/2024 0:00,9/13/2024 0:00,DEP,FLL,NK,32A,\N,D,1225,E,E31,4001
9/12/2024 1:58,9/12/2024 2:02,DEP,BJX,AA,38K,N850NN,I,2262,D,D25,4002
9/12/2024 2:01,9/12/2024 2:01,DEP,CUU,AA,E7R,N779RN,I,3687,B,B3A,4003
9/12/2024 2:52,9/12/2024 2:10,DEP,MEM,AA,38K,N904AN,D,2079,C,C6,4004
9/11/2024 18:09,9/11/2024 18:14,DEP,SFO,AA,A21,N981UY,D,2177,B,B12,4005
9/12/2024 2:45,9/12/2024 1:54,DEP,SAF,AA,OO7,N761ND,D,6271,E,E25,4006
9/12/2024 2:50,9/12/2024 2:59,DEP,OMA,AA,38K,N807NN,D,2628,C,C38,4007
9/12/2024 1:39,9/12/2024 1:44,DEP,SAN,AA,32C,N146AA,D,1399,A,A17,4008
9/12/2024 0:48,9/12/2024 0:20,DEP,SJC,AA,38R,N954NN,D,312,C,C39,4009
9/12/2024 2:14,9/12/2024 2:15,DEP,PHX,AA,32E,N423AN,D,1159,B,B12,4010
9/13/2024 19:38,9/13/2024 19:38,DEP,EWR,AA,38K,N800NN,D,2222,D,D18,4011
9/12/2024 2:59,9/12/2024 2:12,DEP,MTY,AA,320,N110UW,I,1012,A,A37,4012
9/11/2024 5:10,9/12/2024 4:39,ARR,PHL,AA,32C,N119NN,D,808,A,A28,4013
9/12/2024 3:43,9/12/2024 3:56,ARR,LAX,NK,A21N,N709NK,D,419,E,E31,4014
9/12/2024 1:53,9/12/2024 1:40,DEP,PHL,AA,A21,N188US,D,1311,A,A33,4015
9/11/2024 21:13,9/11/2024 21:14,DEP,SFO,AA,32C,N127AA,D,636,D,D37,4016
9/12/2024 1:21,9/11/2024 22:37,DEP,LAS,NK,A21N,N723NK,D,2393,E,E31,4017
9/12/2024 1:16,9/11/2024 23:53,DEP,LAS,AA,32C,N145AN,D,1771,D,D17,4018
9/12/2024 1:49,9/12/2024 1:45,DEP,TYS,AA,32C,N905AU,D,1052,D,D1,4019
9/12/2024 2:45,9/12/2024 2:00,DEP,SLC,AA,32C,N142AN,D,535,C,C4,4020
9/12/2024 2:07,9/12/2024 1:57,DEP,LAS,AA,A21,N575UW,D,1797,C,C10,4021
9/12/2024 4:27,9/12/2024 4:27,ARR,LAX,DL,32S,N339NB,D,420,E,E17,4022
9/12/2024 0:36,9/12/2024 0:30,DEP,LAX,AA,32S,N971UY,D,779,D,D2,4023
9/12/2024 4:16,9/12/2024 2:53,ARR,FLL,NK,A20N,N969NK,D,214,E,E18,4024
9/12/2024 1:46,9/12/2024 1:49,DEP,SMF,AA,A21,N922US,D,2700,D,D22,4025
9/12/2024 4:58,9/12/2024 4:58,ARR,ATL,DL,32S,N341DN,D,818,E,E15,4026
9/13/2024 4:56,9/12/2024 5:27,ARR,CLT,AA,32Q,N431AN,D,2714,D,D2,4027
9/12/2024 2:29,9/12/2024 1:53,DEP,DCA,AA,319,N9002U,D,562,A,A39,4028
9/12/2024 3:02,9/12/2024 1:52,DEP,MIA,AA,32C,N995AN,D,1847,D,D29,4029
9/11/2024 20:36,9/11/2024 20:40,DEP,AMS,AA,788,N877BF,I,220,D,D30,4030
9/12/2024 4:44,9/12/2024 4:09,ARR,MIA,NK,A20N,N972NK,D,3175,E,E33,4031
9/12/2024 2:05,9/12/2024 2:05,DEP,SFO,AA,A21,N521UW,D,2111,D,D30,4032
9/12/2024 1:41,9/12/2024 1:43,DEP,SEA,AA,32C,N160AN,D,2344,C,C17,4033
9/12/2024 2:31,9/12/2024 2:35,DEP,LAX,NK,A20N,N905NK,D,3709,E,E32,4034
9/11/2024 5:13,9/12/2024 3:14,ARR,LAS,NK,A321,N676NK,D,2392,E,E18,4035
9/11/2024 6:26,9/12/2024 0:39,ARR,COS,AA,38K,N989AN,D,1170,C,C30,4036
9/12/2024 22:37,9/12/2024 22:37,DEP,LAS,NK,32Q,\N,D,2393,E,E33,4037
9/13/2024 2:25,9/13/2024 2:25,ARR,SFO,AA,32C,N149AN,D,881,B,B9,4038
9/11/2024 21:48,9/11/2024 21:35,DEP,MAD,AA,772,N750AN,I,36,A,A24,4039
9/12/2024 3:48,9/12/2024 2:42,DEP,ONT,AA,32C,N131NN,D,1162,C,C39,4040
9/14/2024 1:00,9/14/2024 1:00,ARR,GSO,AA,38K,N874NN,D,1598,A,A37,4041
9/14/2024 0:43,9/14/2024 0:43,ARR,SJC,AA,38K,N912NN,D,2834,C,C31,4042
9/11/2024 22:29,9/11/2024 22:24,DEP,SFO,AA,32E,N407AN,D,1175,B,B7,4043
9/13/2024 22:29,9/13/2024 22:29,ARR,GRK,AA,E7R,N751AB,D,3459,B,B49,4044
9/13/2024 13:56,9/13/2024 13:56,ARR,MSN,AA,A05,N667AW,D,1538,A,A37,4045
9/13/2024 21:38,9/13/2024 21:38,ARR,AGU,AA,E7Q,N762DT,I,3354,B,B1,4046
9/13/2024 16:30,9/13/2024 16:30,DEP,RDU,AA,38R,N306PB,D,2381,D,D22,4047
9/14/2024 0:44,9/14/2024 0:44,ARR,YYZ,AA,38R,N960NN,I,1111,C,C10,4048
9/14/2024 2:35,9/14/2024 2:35,DEP,LHR,AA,77W,N733AR,I,80,D,D3X,4049
9/13/2024 22:09,9/13/2024 22:09,DEP,JAX,AA,38K,N943AN,D,2449,B,B14,4050
9/13/2024 23:45,9/13/2024 23:45,ARR,FAT,AA,38K,N865NN,D,2393,A,A39,4051
9/13/2024 12:12,9/13/2024 12:12,DEP,OKC,AA,E7M,N249NN,D,3506,B,B27,4052
9/13/2024 16:18,9/13/2024 16:18,DEP,AGU,AA,E7Q,N762DT,I,3415,B,B34,4053
9/13/2024 17:43,9/13/2024 17:43,DEP,IAH,AA,320,N104UW,D,1873,B,B17,4054
9/13/2024 20:57,9/13/2024 20:57,DEP,MSP,AA,38K,N880NN,D,2406,B,B16,4055
9/14/2024 0:10,9/14/2024 0:10,DEP,MIA,AA,32C,N121AN,D,2206,A,A19,4056
9/13/2024 18:52,9/13/2024 18:52,ARR,LGA,AA,38R,N941NN,D,2437,C,C31,4057
9/13/2024 23:56,9/13/2024 23:56,DEP,LGA,AA,38R,N945NN,D,2708,A,A23,4058
9/13/2024 18:45,9/13/2024 18:45,ARR,IAH,AA,38K,N908AN,D,1424,C,C15,4059
9/12/2024 19:42,9/12/2024 19:42,DEP,HOU,AA,E7R,N789SS,D,3494,E,E38B,4060
9/13/2024 11:15,9/13/2024 11:15,ARR,LBB,AA,E7M,N240NN,D,4035,B,B35,4061
9/12/2024 22:25,9/12/2024 22:24,ARR,SLC,DL,220,N135DQ,D,2811,E,E12,4062
9/12/2024 2:42,9/12/2024 2:57,ARR,IAH,UA,737,N15712,D,1589,E,E9,4063
9/12/2024 0:32,9/12/2024 0:32,DEP,EWR,UA,737,N17320,D,1517,E,E6,4064
9/12/2024 3:30,9/12/2024 3:47,ARR,EWR,UA,737,N37319,D,1183,E,E6,4065
9/12/2024 2:40,9/12/2024 0:45,DEP,ORD,UA,320,N458UA,D,447,E,E8,4066
9/12/2024 23:07,9/12/2024 23:10,ARR,BMI,AA,E7M,N222NS,D,3404,B,B31,4067
9/12/2024 23:02,9/12/2024 23:09,ARR,PHX,AA,32E,N423AN,D,2479,C,C21,4068
9/13/2024 12:09,9/13/2024 12:09,ARR,DTW,AA,38K,N923AN,D,1108,D,D20,4069
9/12/2024 22:36,9/12/2024 22:39,ARR,GRR,AA,E7M,N226NN,D,3443,B,B29,4070
9/12/2024 23:07,9/12/2024 23:10,ARR,RDU,AA,38R,N306PB,D,2381,A,A35,4071
9/14/2024 0:52,9/14/2024 0:52,DEP,SAT,AA,A05,N660AW,D,1947,B,B6,4072
9/13/2024 23:50,9/13/2024 23:50,ARR,YUL,AA,A05,N660AW,I,1964,B,B6,4073
9/13/2024 23:04,9/13/2024 23:04,DEP,LGA,AA,38K,N923AN,D,1299,A,A11,4074
9/12/2024 22:15,9/12/2024 22:07,ARR,DSM,AA,A19,N813AW,D,1664,A,A16,4075
9/12/2024 20:05,9/12/2024 20:05,DEP,GRK,AA,E7R,N779RN,D,3459,E,E37A,4076
9/12/2024 23:23,9/12/2024 23:23,DEP,LRD,AA,E7R,N789SS,D,3910,E,E38A,4077
9/12/2024 22:29,9/12/2024 22:29,ARR,GRK,AA,E7R,N779RN,D,3459,E,E38A,4078
9/13/2024 0:30,9/13/2024 0:30,DEP,IAH,UA,175,N89317,D,6042,E,E4,4079
9/12/2024 21:38,9/12/2024 21:38,DEP,AEX,AA,E7R,N774JG,D,3904,B,B48,4080
9/12/2024 21:42,9/12/2024 21:42,DEP,STL,AA,38K,N857NN,D,2761,D,D38,4081
9/12/2024 20:44,9/12/2024 20:49,ARR,ICT,AA,E7M,N261NN,D,3551,B,B44,4082
9/13/2024 23:20,9/13/2024 23:20,ARR,FAR,AA,E7R,N787BP,D,3886,B,B36,4083
9/12/2024 23:56,9/12/2024 23:56,DEP,SFO,AA,A21,N523UW,D,1430,A,A33,4084
9/13/2024 21:40,9/13/2024 21:40,DEP,MCO,AA,321,N540UW,D,1009,B,B18,4085
9/12/2024 20:29,9/12/2024 20:29,DEP,EVV,AA,OO7,N750EV,D,4928,E,E23A,4086
9/12/2024 20:15,9/12/2024 20:15,DEP,BTR,AA,E7M,N253NN,D,3346,B,B21,4087
9/12/2024 18:56,9/12/2024 18:50,DEP,SAL,AV,320,\N,I,441,D,D6,4088
9/13/2024 23:51,9/13/2024 23:51,DEP,SDF,AA,A21,N971UY,D,926,D,D22,4089
9/14/2024 3:59,9/14/2024 3:59,DEP,LHR,AA,77W,N728AN,I,78,D,D27,4090
9/12/2024 22:46,9/12/2024 22:41,ARR,CLT,AA,A21,N523UW,D,2895,A,A33,4091
9/13/2024 17:19,9/13/2024 17:19,DEP,LRD,AA,E7M,N250NN,D,3502,B,B43,4092
9/13/2024 13:08,9/13/2024 13:08,DEP,LIT,AA,E7M,N250NN,D,3850,B,B43,4093
9/13/2024 16:33,9/13/2024 16:33,ARR,LIT,AA,E7M,N250NN,D,3850,B,B43,4094
9/13/2024 12:15,9/13/2024 12:15,ARR,LBB,AA,E7M,N250NN,D,4043,B,B43,4095
9/12/2024 21:13,9/12/2024 20:50,ARR,LBB,AA,E7M,N241NN,D,3488,B,B46,4096
9/13/2024 19:32,9/13/2024 19:32,ARR,SNA,AA,38R,N959NN,D,3106,A,A9,4097
9/13/2024 0:35,9/13/2024 0:35,DEP,DTW,AA,38K,N923AN,D,788,A,A23,4098
9/13/2024 12:14,9/13/2024 12:14,DEP,SNA,AA,38R,N959NN,D,3106,D,D31,4099
9/12/2024 20:40,9/12/2024 20:40,DEP,SAF,AA,OO7,N760SK,D,4936,E,E24A,4100
9/13/2024 20:44,9/13/2024 20:44,ARR,TLH,AA,E7M,N237NN,D,3672,B,B22,4101
9/12/2024 23:16,9/12/2024 23:02,ARR,VPS,AA,38K,N973AN,D,2501,C,C22,4102
9/13/2024 21:59,9/13/2024 21:59,DEP,LGA,AA,38K,N884NN,D,3030,C,C37,4103
9/12/2024 21:45,9/12/2024 21:45,DEP,VPS,AA,E7M,N261NN,D,4020,B,B44,4104
9/13/2024 2:34,9/13/2024 2:34,ARR,VPS,AA,E7M,N261NN,D,4020,B,B25,4105
9/13/2024 2:50,9/13/2024 2:50,ARR,TPA,AA,38K,N987AN,D,2322,A,A36,4106
9/13/2024 1:54,9/13/2024 1:54,DEP,ELP,AA,38K,N919NN,D,1525,C,C36,4107
9/13/2024 0:54,9/13/2024 0:54,ARR,SRQ,AA,38K,N919NN,D,2679,C,C36,4108
9/13/2024 15:11,9/13/2024 15:11,DEP,STL,AA,E7M,N230NN,D,3944,B,B22,4109
9/14/2024 0:34,9/14/2024 0:34,ARR,GJT,AA,E7M,N279MQ,D,3592,B,B28,4110
9/13/2024 19:40,9/13/2024 19:40,DEP,GJT,AA,E7M,N279MQ,D,3592,B,B46,4111
9/13/2024 20:03,9/13/2024 20:03,DEP,AMA,AA,E7M,N305CL,D,3385,B,B42,4112
9/13/2024 18:20,9/13/2024 18:20,DEP,BMI,AA,E7M,N226NN,D,3404,B,B42,4113
9/13/2024 22:50,9/13/2024 22:50,ARR,CRP,AA,E7M,N270NN,D,4012,B,B37,4114
9/13/2024 23:54,9/13/2024 23:54,DEP,AMA,AA,E7M,N270NN,D,3844,B,B37,4115
9/13/2024 20:09,9/13/2024 20:09,DEP,SHV,AA,E7M,N307LH,D,4001,B,B22,4116
9/13/2024 23:01,9/13/2024 23:01,ARR,SHV,AA,E7M,N307LH,D,4001,B,B43,4117
9/13/2024 19:42,9/13/2024 19:42,DEP,RAP,AA,E7M,N252NN,D,3532,B,B38,4118
9/13/2024 15:09,9/13/2024 15:09,DEP,SGF,AA,E7M,N252NN,D,3560,B,B33,4119
9/13/2024 4:39,9/13/2024 4:39,ARR,PHL,AA,32C,N126AN,D,808,A,A9,4120
9/13/2024 0:54,9/13/2024 0:54,ARR,ABQ,AA,38K,N974AN,D,9,A,A23,4121
9/13/2024 18:45,9/13/2024 18:45,ARR,ICT,AA,E7M,N270NN,D,3550,B,B42,4122
9/13/2024 23:10,9/13/2024 23:10,ARR,AMA,AA,E7M,N305CL,D,3385,B,B31,4123
9/13/2024 21:58,9/13/2024 21:58,DEP,BHM,AA,E7M,N322RC,D,3836,B,B21,4124
9/13/2024 22:37,9/13/2024 22:37,ARR,BIS,AA,E7M,N227NN,D,3839,B,B28,4125
9/13/2024 23:43,9/13/2024 23:43,DEP,MAF,AA,E7M,N233NN,D,4029,B,B35,4126
9/13/2024 0:49,9/13/2024 0:49,ARR,MSY,AA,E7R,N742GR,D,3485,E,E38A,4127
9/13/2024 22:50,9/13/2024 22:50,ARR,TUL,AA,E7M,N233NN,D,3956,B,B35,4128
9/13/2024 23:59,9/13/2024 23:59,DEP,CRP,AA,E7M,N261NN,D,4173,B,B48,4129
9/14/2024 2:02,9/14/2024 2:02,DEP,FSM,AA,E7M,N243NN,D,3537,B,B40,4130
9/13/2024 23:09,9/13/2024 23:09,ARR,FWA,AA,E7R,N788CJ,D,3909,E,E38A,4131
9/14/2024 0:38,9/14/2024 0:38,DEP,TXK,AA,E7R,N774JG,D,3714,B,B34,4132
9/13/2024 22:49,9/13/2024 22:49,ARR,HOU,AA,E7R,N774JG,D,3494,B,B34,4133
9/13/2024 19:42,9/13/2024 19:42,DEP,HOU,AA,E7R,N774JG,D,3494,B,B39,4134
9/13/2024 13:55,9/13/2024 13:55,ARR,RSW,AA,38K,N826NN,D,1281,B,B5,4135
9/11/2024 21:32,9/11/2024 21:54,ARR,SFO,UA,32S,N820UA,D,1728,E,E8,4136
9/13/2024 11:27,9/13/2024 11:27,ARR,HOU,AA,E7M,N209NN,D,3781,B,B32,4137
9/13/2024 12:30,9/13/2024 12:30,DEP,MFE,AA,E7M,N209NN,D,4096,B,B32,4138
9/13/2024 17:23,9/13/2024 17:23,DEP,CMH,AA,E7M,N209NN,D,4040,B,B30,4139
9/13/2024 16:24,9/13/2024 16:24,ARR,MFE,AA,E7M,N209NN,D,3918,B,B30,4140
9/12/2024 10:52,9/12/2024 11:15,ARR,GRK,AA,E7M,N270NN,D,3919,B,B30,4141
9/13/2024 16:36,9/13/2024 16:36,ARR,CLT,AA,32C,N118NN,D,1625,C,C17,4142
9/14/2024 0:01,9/14/2024 0:01,DEP,ALB,AA,32S,N117UW,D,2513,D,D4,4143
9/12/2024 13:09,9/12/2024 13:18,DEP,SJT,AA,OO7,N770SK,D,4960,E,E30,4144
9/12/2024 13:01,9/12/2024 13:08,DEP,LIT,AA,E7M,N257NN,D,3850,B,B28,4145
9/12/2024 14:06,9/12/2024 13:58,ARR,ORD,NK,A321,N686NK,D,824,E,E31,4146
9/12/2024 13:03,9/12/2024 13:10,DEP,LRD,AA,E7M,N281NN,D,3983,B,B34,4147
9/12/2024 13:07,9/12/2024 13:12,DEP,HOU,AA,E7Q,N762DT,D,3802,B,B3A,4148
9/12/2024 13:13,9/12/2024 13:19,DEP,SHV,AA,OO7,N758SK,D,4930,E,E36,4149
9/12/2024 13:16,9/12/2024 13:20,DEP,AEX,AA,OO7,N718SK,D,4812,E,E29B,4150
9/12/2024 13:08,9/12/2024 13:09,DEP,MLU,AA,E7M,N235NN,D,3518,B,B32,4151
9/12/2024 14:34,9/12/2024 14:48,ARR,LAS,AA,32N,N950XV,D,2649,B,B12,4152
9/12/2024 13:03,9/12/2024 12:15,DEP,MSY,AA,A05,N655AW,D,2157,C,C6,4153
9/12/2024 13:25,9/12/2024 13:28,DEP,LAW,AA,OO7,N746SK,D,6363,E,E23B,4154
9/12/2024 12:03,9/12/2024 12:06,DEP,LAS,AA,32E,N440AN,D,1890,D,D22,4155
9/12/2024 12:33,9/12/2024 12:37,DEP,ORD,AA,38K,N924NN,D,3076,C,C37,4156
9/12/2024 14:47,9/12/2024 13:59,ARR,OKC,AA,OO7,N702SK,D,4945,E,E23B,4157
9/12/2024 13:03,9/12/2024 13:08,DEP,ELP,AA,38R,N352PS,D,1365,A,A22,4158
9/12/2024 12:05,9/12/2024 12:11,DEP,PIT,AA,38K,N829NN,D,1583,D,D31,4159
9/12/2024 12:21,9/12/2024 12:10,DEP,CUN,AA,32C,N165NN,I,1343,B,B14,4160
9/13/2024 23:45,9/13/2024 23:45,ARR,LAX,AA,32C,N144AN,D,1305,A,A21,4161
9/12/2024 13:19,9/12/2024 13:20,DEP,DRO,AA,OO7,N612QX,D,4934,E,E38B,4162
9/12/2024 12:06,9/12/2024 12:11,DEP,RDU,AA,32C,N125AA,D,2683,A,A38,4163
9/12/2024 13:28,9/12/2024 13:22,DEP,LFT,AA,OO7,N613SK,D,4885,E,E23A,4164
9/12/2024 15:04,9/12/2024 15:12,ARR,SAF,AA,OO7,N760SK,D,6272,E,E25,4165
9/12/2024 13:25,9/12/2024 13:30,DEP,MFE,AA,38K,N869NN,D,1799,B,B16,4166
9/12/2024 13:16,9/12/2024 13:20,DEP,SAF,AA,OO7,N772SK,D,4931,E,E24A,4167
9/12/2024 13:15,9/12/2024 13:20,DEP,GPT,AA,OO7,N716SK,D,4921,E,E25,4168
9/12/2024 15:24,9/12/2024 15:22,ARR,LIT,AA,E7R,N787BP,D,4016,E,E38A,4169
9/12/2024 13:12,9/12/2024 13:18,DEP,ASE,AA,OO7,N707SK,D,4907,E,E22B,4170
9/12/2024 12:21,9/12/2024 12:05,DEP,TPA,AA,32C,N147AA,D,2321,D,D4,4171
9/12/2024 14:43,9/12/2024 14:43,ARR,MSP,DL,32S,N129DN,D,2972,E,E15,4172
9/13/2024 18:51,9/13/2024 18:51,ARR,PIT,AA,38K,N906AN,D,1583,C,C35,4173
9/12/2024 13:17,9/12/2024 13:20,DEP,MSN,AA,A19,N828AW,D,2139,A,A38,4174
9/12/2024 15:44,9/12/2024 15:54,ARR,MIA,AA,32C,N995AN,D,1562,C,C36,4175
9/12/2024 23:57,9/12/2024 23:15,ARR,SBN,AA,OO7,N746SK,D,6239,E,E29A,4176
9/13/2024 17:53,9/13/2024 17:53,DEP,TXK,AA,E7R,N786SM,D,3966,E,E38A,4177
9/13/2024 16:29,9/13/2024 16:29,ARR,SJT,AA,E7R,N786SM,D,3898,E,E38A,4178
9/13/2024 20:42,9/13/2024 20:42,ARR,TXK,AA,E7R,N786SM,D,3966,B,B40,4179
9/12/2024 13:59,9/12/2024 14:07,DEP,MCI,AA,38K,N992AN,D,1734,A,A37,4180
9/12/2024 12:16,9/12/2024 12:12,ARR,HSV,AA,OO7,N750SK,D,4933,E,E27B,4181
9/12/2024 13:19,9/12/2024 13:40,ARR,QRO,AA,38K,N868NN,I,883,D,D22,4182
9/13/2024 20:00,9/13/2024 20:00,DEP,LAX,AA,32C,N152AA,D,1504,A,A28,4183
9/12/2024 14:06,9/12/2024 14:14,ARR,BWI,AA,38R,N306NY,D,1403,A,A38,4184
9/12/2024 14:06,9/12/2024 14:19,ARR,FAR,AA,E7M,N262NN,D,3373,B,B42,4185
9/12/2024 13:54,9/12/2024 14:06,ARR,GSO,AA,38K,N943AN,D,1716,D,D31,4186
9/12/2024 13:59,9/12/2024 14:20,ARR,ALB,AA,320,N104UW,D,2971,C,C22,4187
9/13/2024 20:50,9/13/2024 20:50,ARR,LBB,AA,E7M,N218NN,D,3488,B,B47,4188
9/13/2024 21:35,9/13/2024 21:35,DEP,CRP,AA,E7M,N218NN,D,4166,B,B47,4189
9/14/2024 0:54,9/14/2024 0:54,ARR,CRP,AA,E7M,N218NN,D,4166,B,B33,4190
9/12/2024 21:55,9/12/2024 21:55,DEP,GRK,AA,OO7,N614SK,D,4825,E,E25,4191
9/13/2024 15:09,9/13/2024 15:09,DEP,YUL,AA,A05,N660AW,I,1963,C,C16,4192
9/12/2024 22:45,9/12/2024 22:49,ARR,ONT,AA,32N,N950XV,D,948,A,A36,4193
9/13/2024 2:05,9/13/2024 2:05,DEP,LBB,AA,E7M,N250NN,D,4042,B,B34,4194
9/13/2024 0:17,9/13/2024 0:24,ARR,PDX,AA,A21,N586UW,D,2496,B,B11,4195
9/12/2024 23:04,9/12/2024 23:10,ARR,AVL,AA,320,N112US,D,569,B,B9,4196
9/13/2024 1:44,9/13/2024 1:44,DEP,SAN,AA,A21,N586UW,D,1399,B,B11,4197
9/12/2024 16:53,9/12/2024 16:53,ARR,SEA,AS,7M9,N720AL,D,908,E,E11,4198
9/12/2024 21:45,9/12/2024 21:45,DEP,ACT,AA,OO7,N773SK,D,4925,E,E23B,4199
9/13/2024 0:27,9/13/2024 0:34,ARR,BOS,AA,38K,N982AN,D,1163,A,A34,4200
9/12/2024 20:38,9/12/2024 20:38,DEP,PHX,AA,32C,N122NN,D,3046,C,C15,4201
9/12/2024 19:29,9/12/2024 19:31,DEP,IAH,AA,E7M,N207AN,D,3947,B,B28,4202
9/13/2024 13:09,9/13/2024 13:09,DEP,FAT,AA,38K,N912AN,D,1729,A,A28,4203
9/13/2024 18:47,9/13/2024 18:47,DEP,OMA,AA,38K,N989AN,D,2188,A,A23,4204
9/12/2024 13:21,9/12/2024 13:30,DEP,BHM,AA,OO7,N727SK,D,5002,E,E26,4205
9/12/2024 16:12,9/12/2024 16:23,ARR,ELP,AA,E7M,N260NN,D,3857,B,B36,4206
9/11/2024 18:29,9/11/2024 17:20,DEP,HND,AA,788,N875BD,I,175,D,D36,4207
9/11/2024 23:12,9/11/2024 23:12,DEP,MSP,DL,320,N347NW,D,2971,E,E14,4208
9/11/2024 22:53,9/11/2024 23:00,DEP,CDG,AA,788,N871AY,I,48,D,D33,4209
9/11/2024 23:13,9/11/2024 23:15,DEP,LHR,AA,772,N756AM,I,50,D,D29,4210
9/11/2024 17:37,9/11/2024 15:15,DEP,ICN,AA,789,N835AN,I,281,D,D29,4211
9/13/2024 12:07,9/13/2024 12:07,ARR,OKC,AA,38K,N852NN,D,2272,C,C16,4212
9/14/2024 0:26,9/14/2024 0:26,DEP,MCI,AA,38K,N832NN,D,2738,D,D20,4213
9/13/2024 15:05,9/13/2024 15:05,DEP,AUS,AA,38K,N800NN,D,814,A,A19,4214
9/12/2024 13:13,9/12/2024 13:09,DEP,ABQ,AA,38K,N967AN,D,928,B,B18,4215
9/12/2024 15:35,9/12/2024 15:56,ARR,IDA,AA,OO7,N754EV,D,4938,E,E29A,4216
9/12/2024 12:13,9/12/2024 12:20,DEP,PHL,AA,32C,N126AN,D,856,A,A20,4217
9/12/2024 13:23,9/12/2024 13:31,DEP,EVV,AA,OO7,N724SK,D,4914,E,E27A,4218
9/12/2024 15:51,9/12/2024 15:28,ARR,FLG,AA,OO7,N719SK,D,4977,E,E30,4219
9/14/2024 1:59,9/14/2024 1:59,DEP,ORD,AA,38M,N321TG,D,2346,A,A18,4220
9/13/2024 2:41,9/13/2024 2:44,ARR,DTW,DL,320,N328NW,D,1207,E,E13,4221
9/12/2024 10:52,9/12/2024 11:00,DEP,LAX,AA,32Q,N412UW,D,1639,D,D37,4222
9/13/2024 20:49,9/13/2024 20:49,ARR,FAT,AA,38K,N912AN,D,1729,C,C11,4223
9/14/2024 0:09,9/14/2024 0:09,DEP,ABQ,AA,E7M,N205NN,D,3364,B,B46,4224
9/12/2024 22:25,9/12/2024 22:25,DEP,TPA,AA,38R,N942NN,D,1295,D,D34,4225
9/12/2024 13:26,9/12/2024 13:40,ARR,BJX,AA,737,N850NN,I,2263,D,D37,4226
9/12/2024 19:40,9/12/2024 19:40,DEP,CUU,AA,E7R,N787BP,I,4160,E,E37B,4227
9/13/2024 0:45,9/13/2024 0:45,DEP,ORD,UA,32S,N454UA,D,447,E,E5,4228
9/12/2024 20:59,9/12/2024 21:09,ARR,BJX,AA,38R,N942NN,I,1393,D,D34,4229
9/12/2024 23:25,9/12/2024 23:22,ARR,CMH,AA,E7M,N243NN,D,4040,B,B2,4230
9/12/2024 20:24,9/12/2024 19:49,DEP,LAS,AA,A21,N157UW,D,1871,B,B9,4231
9/12/2024 19:34,9/12/2024 19:36,DEP,MSN,AA,319,N9006,D,1736,B,B6,4232
9/12/2024 19:24,9/12/2024 19:25,DEP,MIA,AA,32E,N446AN,D,1405,A,A8,4233
9/12/2024 23:57,9/12/2024 23:55,ARR,LGA,AA,38K,N874NN,D,2916,D,D20,4234
9/13/2024 0:48,9/13/2024 0:48,ARR,FLL,AA,38K,N907NN,D,1373,C,C6,4235
9/14/2024 3:10,9/14/2024 3:10,ARR,DCA,AA,38K,N903AN,D,1202,C,C22,4236
9/11/2024 5:01,9/12/2024 3:43,DEP,LAS,NK,A20N,N969NK,D,2709,E,E18,4237
9/13/2024 22:01,9/13/2024 22:01,ARR,MGM,AA,E7M,N205NN,D,3596,B,B46,4238
9/13/2024 2:50,9/13/2024 2:50,ARR,MIA,AA,38M,N341SV,D,2524,A,A29,4239
9/12/2024 22:52,9/12/2024 22:48,ARR,LAS,AA,A21,N509AY,D,1584,C,C24,4240
9/14/2024 0:50,9/14/2024 0:50,DEP,FAR,AA,E7M,N241NN,D,3450,B,B1,4241
9/13/2024 1:45,9/13/2024 1:45,DEP,IND,AA,38R,N965NN,D,2711,D,D17,4242
9/12/2024 22:51,9/12/2024 22:50,ARR,FCA,AA,38K,N844NN,D,3052,C,C2,4243
9/13/2024 1:57,9/13/2024 1:57,DEP,LAS,AA,A21,N974UY,D,1797,A,A18,4244
9/12/2024 22:36,9/12/2024 22:35,ARR,LAX,AA,32C,N158AN,D,1653,B,B18,4245
9/12/2024 21:37,9/12/2024 21:37,DEP,SNA,AA,38R,N959NN,D,2203,C,C22,4246
9/13/2024 16:29,9/13/2024 16:29,ARR,YYC,AA,38R,N358PW,I,2521,C,C16,4247
9/13/2024 22:50,9/13/2024 22:50,ARR,SAT,AA,A21,N537UW,D,1961,C,C35,4248
9/11/2024 21:48,9/11/2024 21:46,DEP,TUS,AA,32C,N130AN,D,785,C,C36,4249
9/13/2024 0:00,9/13/2024 0:00,DEP,SBN,AA,OO7,N746SK,D,6305,E,E29A,4250
9/13/2024 0:30,9/13/2024 0:30,DEP,PHL,AA,32E,N423AN,D,1836,C,C21,4251
9/13/2024 0:39,9/13/2024 0:39,DEP,IDA,AA,OO7,N742SK,D,4937,E,E26,4252
9/12/2024 23:35,9/12/2024 23:35,DEP,CAE,AA,A19,N813AW,D,2151,A,A16,4253
9/13/2024 0:13,9/13/2024 0:13,DEP,CHS,AA,38K,N821NN,D,1422,C,C10,4254
9/12/2024 2:00,9/12/2024 2:07,DEP,HSV,AA,E7M,N213NN,D,3374,B,B35,4255
9/12/2024 21:35,9/12/2024 21:35,DEP,OKC,AA,319,N9018E,D,3066,C,C37,4256
9/12/2024 21:53,9/12/2024 21:53,DEP,DSM,AA,A05,N649AW,D,2229,A,A9,4257
9/13/2024 1:55,9/13/2024 1:55,DEP,EVV,AA,OO7,N719SK,D,4904,E,E30,4258
9/12/2024 22:44,9/12/2024 22:44,DEP,SAN,AA,A21,N584UW,D,1948,C,C39,4259
9/12/2024 20:40,9/12/2024 20:40,DEP,PDX,AS,7M9,N932AK,D,303,E,E11,4260
9/12/2024 22:05,9/12/2024 22:05,DEP,SEA,AS,73J,N270AK,D,573,E,E11,4261
9/11/2024 16:17,9/11/2024 16:17,DEP,ATL,DL,32S,N330DX,D,961,E,E14,4263
9/11/2024 16:22,9/11/2024 16:22,ARR,ORD,UA,737,N27277,D,1071,E,E9,4264
9/11/2024 22:00,9/11/2024 22:00,DEP,BOS,DL,220,N312DU,D,303,E,E17,4265
9/11/2024 15:03,9/11/2024 15:12,ARR,ATL,DL,32S,N330DX,D,961,E,E14,4266
9/11/2024 15:53,9/11/2024 15:53,ARR,BOS,DL,220,N307DU,D,760,E,E13,4267
9/11/2024 21:50,9/11/2024 21:53,ARR,ATL,DL,32S,N302DN,D,374,E,E16,4268
9/11/2024 22:19,9/11/2024 22:24,ARR,SLC,DL,220,N133DU,D,2811,E,E12,4269
9/11/2024 23:05,9/11/2024 23:10,ARR,LGA,DL,220,N315DU,D,846,E,E13,4270
9/11/2024 19:42,9/11/2024 19:45,ARR,ATL,DL,32S,N119DN,D,921,E,E14,4271
9/11/2024 7:00,9/11/2024 6:45,ARR,LGA,F9,UNK,N313FR,D,3423,E,E10,4280
9/11/2024 10:15,9/11/2024 10:53,ARR,LAS,F9,UNK,N371FR,D,1650,E,E20,4281
9/11/2024 11:40,9/11/2024 12:14,ARR,TXK,AA,E7M,N235NN,D,3355,B,B25,4282
9/11/2024 11:34,9/11/2024 11:43,ARR,SHV,AA,OO7,N748SK,D,4974,E,E29B,4283
9/11/2024 11:58,9/11/2024 12:15,ARR,LBB,AA,E7M,N303DD,D,4043,B,B36,4284
9/11/2024 12:08,9/11/2024 12:18,ARR,LFT,AA,OO7,N750EV,D,4834,E,E37A,4285
9/11/2024 11:53,9/11/2024 12:07,ARR,DSM,AA,319,N9015D,D,2326,A,A21,4286
9/11/2024 12:08,9/11/2024 12:15,ARR,AUS,AA,38K,N881NN,D,612,B,B14,4287
9/11/2024 12:15,9/11/2024 12:22,DEP,CUN,NK,32B,N680NK,I,343,D,D11,4288
9/11/2024 12:11,9/11/2024 12:28,ARR,CRP,AA,E7M,N233NN,D,3885,B,B42,4289
9/11/2024 12:01,9/11/2024 12:12,ARR,GCK,AA,OO7,N614QX,D,6266,E,E30,4290
9/11/2024 12:17,9/11/2024 12:01,ARR,SPS,AA,OO7,N774SK,D,6380,E,E27A,4291
9/11/2024 12:18,9/11/2024 12:23,ARR,BRO,AA,E7M,N213NN,D,3761,B,B35,4292
9/11/2024 12:29,9/11/2024 12:22,ARR,MAF,AA,E7M,N260NN,D,4028,B,B31,4293
9/11/2024 12:40,9/11/2024 13:07,ARR,BNA,AA,38K,N813NN,D,2787,C,C31,4294
9/11/2024 12:39,9/11/2024 11:19,ARR,HNL,AA,772,N781AN,D,115,D,D23,4295
9/11/2024 12:06,9/11/2024 12:12,DEP,OKC,AA,E7M,N214NN,D,3506,B,B3A,4296
9/11/2024 12:02,9/11/2024 12:11,DEP,TUL,AA,OO7,N761ND,D,4899,E,E24A,4297
9/11/2024 18:15,9/11/2024 18:15,DEP,BOS,B6,223,N3195J,D,1214,E,E7,4298
9/11/2024 13:40,9/11/2024 14:09,ARR,MDT,AA,A05,N649AW,D,674,A,A16,4299
9/11/2024 13:44,9/11/2024 14:10,ARR,DRO,AA,OO7,N742SK,D,6302,E,E27A,4300
9/11/2024 12:37,9/11/2024 12:40,DEP,SGF,AA,CP9,N553NN,D,5559,E,E34A,4302
9/11/2024 13:52,9/11/2024 13:50,ARR,ABQ,AA,38K,N932NN,D,2335,B,B5,4303
9/11/2024 12:23,9/11/2024 12:30,DEP,MCI,AA,E7M,N246NN,D,3916,B,B2,4304
9/11/2024 13:07,9/11/2024 13:08,DEP,ICT,AA,E7M,N329DD,D,3479,B,B19,4305
9/11/2024 13:00,9/11/2024 13:09,DEP,MLU,AA,E7R,N750BD,D,3518,B,B34,4306
9/11/2024 11:52,9/11/2024 12:00,DEP,JAX,AA,38K,N924AN,D,1061,A,A23,4307
9/11/2024 14:06,9/11/2024 14:10,ARR,SBN,AA,OO7,N732SK,D,6335,E,E35B,4308
9/11/2024 14:06,9/11/2024 13:54,ARR,IAH,AA,319,N8009T,D,1423,C,C38,4309
9/11/2024 14:25,9/11/2024 13:31,ARR,CAE,AA,A05,N655AW,D,2256,A,A20,4310
9/11/2024 13:07,9/11/2024 13:13,DEP,CRP,AA,E7M,N220NN,D,3774,B,B38,4311
9/11/2024 13:09,9/11/2024 13:14,DEP,AMA,AA,E7M,N212NN,D,3969,B,B46,4312
9/11/2024 14:22,9/11/2024 14:20,ARR,ECP,AA,E7M,N259NN,D,3338,B,B46,4313
9/11/2024 12:56,9/11/2024 13:08,DEP,XNA,AA,19W,N733UW,D,3121,B,B16,4314
9/11/2024 14:18,9/11/2024 13:52,ARR,MAF,AA,E7M,N322RC,D,3343,B,B28,4315
9/11/2024 13:20,9/11/2024 13:31,DEP,CLL,AA,E7R,N786SM,D,3953,B,B25,4316
9/11/2024 13:09,9/11/2024 13:13,DEP,MAF,AA,E7M,N257NN,D,3504,B,B28,4317
9/11/2024 14:32,9/11/2024 14:20,ARR,LIT,AA,E7M,N211NN,D,3641,B,B30,4318
9/11/2024 13:56,9/11/2024 14:05,DEP,GRK,AA,E7M,N248NN,D,3873,B,B32,4319
9/11/2024 13:56,9/11/2024 14:00,DEP,TYR,AA,E7R,N739AE,D,3968,B,B1A,4320
9/11/2024 13:01,9/11/2024 13:09,DEP,ABQ,AA,38K,N863NN,D,928,A,A36,4321
9/11/2024 13:28,9/11/2024 13:35,DEP,JAN,AA,E7M,N312BT,D,3911,B,B22,4322
9/11/2024 15:40,9/11/2024 15:50,ARR,MTY,AA,E7M,N250NN,I,3810,B,B2,4323
9/11/2024 13:11,9/11/2024 13:18,DEP,FWA,AA,OO7,N773SK,D,6186,E,E28A,4324
9/11/2024 14:24,9/11/2024 14:00,DEP,MGM,AA,OO7,N608SK,D,4889,E,E26,4325
9/11/2024 13:22,9/11/2024 13:25,DEP,GDL,AA,38K,N932AN,I,1174,C,C21,4326
9/11/2024 13:07,9/11/2024 13:16,DEP,PNS,AA,CP9,N604NN,D,5456,E,E37B,4327
9/11/2024 15:02,9/11/2024 15:12,ARR,SAF,AA,OO7,N614SK,D,6272,E,E29B,4328
9/11/2024 12:17,9/11/2024 12:15,DEP,DTW,AA,38K,N906NN,D,2374,A,A10,4329
9/11/2024 15:05,9/11/2024 15:21,ARR,TUS,AA,A21,N509AY,D,849,B,B16,4330
9/11/2024 13:11,9/11/2024 13:20,DEP,SAF,AA,OO7,N748SK,D,4931,E,E29B,4331
9/11/2024 13:13,9/11/2024 13:20,DEP,GPT,AA,OO7,N750EV,D,4921,E,E37A,4332
9/11/2024 13:14,9/11/2024 13:22,DEP,LBB,AA,E7M,N233NN,D,3487,B,B42,4333
9/11/2024 17:08,9/11/2024 17:15,DEP,DXB,EK,77W,A6EQM,I,222,D,D15,4335
9/11/2024 15:13,9/11/2024 15:20,DEP,TRC,AA,E7M,N232NN,I,3544,B,B39,4336
9/11/2024 18:13,9/11/2024 18:45,ARR,IAH,AA,38R,N998NN,D,1424,A,A19,4337
9/11/2024 16:53,9/11/2024 17:00,DEP,AUS,AA,38R,N976NN,D,1186,A,A21,4338
9/11/2024 16:48,9/11/2024 16:29,ARR,LAW,AA,OO7,N742SK,D,6363,E,E25,4339
9/11/2024 18:26,9/11/2024 18:47,ARR,ASE,AA,OO7,N612QX,D,4907,E,E22A,4340
9/11/2024 15:32,9/11/2024 15:39,DEP,RIC,AA,38K,N956AN,D,1915,A,A11,4341
9/11/2024 18:17,9/11/2024 18:33,ARR,MIA,AA,38K,N934NN,D,1794,A,A18,4342
9/11/2024 18:41,9/11/2024 19:14,ARR,LAX,AA,32C,N902AA,D,615,B,B9,4343
9/11/2024 18:31,9/11/2024 18:42,ARR,TUS,AA,32C,N150NN,D,2720,C,C35,4344
9/11/2024 18:43,9/11/2024 18:52,ARR,DCA,AA,38K,N896NN,D,1253,C,C2,4345
9/11/2024 15:31,9/11/2024 15:31,DEP,PSP,AA,A21,N568UW,D,2003,A,A18,4346
9/11/2024 17:31,9/11/2024 17:33,DEP,AMA,AA,E7M,N305CL,D,3943,B,B46,4347
9/11/2024 18:33,9/11/2024 18:45,ARR,MTJ,AA,19W,N716UW,D,1683,B,B6,4348
9/11/2024 18:33,9/11/2024 18:51,ARR,PIT,AA,38K,N982AN,D,1583,A,A10,4349
9/11/2024 17:16,9/11/2024 17:19,DEP,XNA,AA,A19,N805AW,D,2676,A,A8,4350
9/11/2024 18:51,9/11/2024 18:55,ARR,ORD,AA,38K,N914NN,D,1995,A,A21,4351
9/11/2024 18:46,9/11/2024 18:54,ARR,GSP,AA,E7M,N303DD,D,3436,B,B24,4352
9/11/2024 18:47,9/11/2024 18:50,ARR,CVG,AA,38K,N842NN,D,1568,C,C30,4353
9/11/2024 19:11,9/11/2024 19:35,ARR,JAN,AA,CP9,N602NN,D,5383,E,E36,4354
9/11/2024 17:21,9/11/2024 17:29,DEP,BPT,AA,OO7,N716SK,D,4999,E,E23A,4355
9/11/2024 19:09,9/11/2024 19:00,ARR,AMS,AA,788,N871AY,I,221,D,D33,4356
9/11/2024 16:29,9/11/2024 16:30,DEP,RDU,AA,38K,N876NN,D,2381,D,D21,4357
9/11/2024 16:47,9/11/2024 16:47,DEP,DEN,F9,UNK,N307FR,D,2147,E,E21,4358
9/11/2024 17:52,9/11/2024 17:43,DEP,IAH,AA,A05,N663AW,D,1873,C,C11,4359
9/11/2024 19:02,9/11/2024 18:46,ARR,SGF,AA,E7M,N262NN,D,3560,B,B25,4360
9/11/2024 17:20,9/11/2024 17:20,DEP,MGM,AA,E7M,N212NN,D,3596,B,B44,4361
9/11/2024 15:57,9/11/2024 15:48,DEP,BZN,AA,38R,N983NN,D,952,D,D31,4362
9/11/2024 19:23,9/11/2024 19:40,ARR,STL,AA,E7M,N281NN,D,3944,B,B43,4363
9/11/2024 19:22,9/11/2024 19:26,ARR,GSO,AA,E7M,N215NN,D,3570,B,B42,4364
9/11/2024 19:27,9/11/2024 19:42,ARR,MKE,AA,38K,N968AN,D,2581,A,A29,4365
9/11/2024 18:17,9/11/2024 18:15,ARR,PDX,AS,737,N531AS,D,392,E,E11,4366
9/11/2024 15:53,9/11/2024 15:00,DEP,FCA,AA,38K,N971AN,D,3052,C,C8,4367
9/11/2024 17:49,9/11/2024 17:55,DEP,IAH,NK,A21N,N709NK,D,3723,E,E18,4369
9/11/2024 19:22,9/11/2024 19:20,ARR,MTY,AA,19W,N704US,I,2198,D,D31,4370
9/11/2024 19:21,9/11/2024 18:49,ARR,LIT,AA,OO7,N760SK,D,4822,E,E26,4371
9/11/2024 16:40,9/11/2024 16:45,DEP,BIS,AA,E7M,N258NN,D,3839,B,B37,4372
9/11/2024 17:14,9/11/2024 17:19,DEP,GNV,AA,CP9,N553NN,D,5377,E,E36,4373
9/11/2024 16:22,9/11/2024 16:27,DEP,LGA,NK,A20N,N990NK,D,2706,E,E32,4374
9/11/2024 19:43,9/11/2024 18:45,ARR,HRL,AA,E7Q,N764JD,D,3411,E,E38A,4375
9/11/2024 16:56,9/11/2024 16:00,DEP,LAS,AA,32C,N166NN,D,1007,C,C24,4376
9/11/2024 19:30,9/11/2024 19:54,ARR,LAS,AA,A21,N974UY,D,2634,B,B14,4377
9/11/2024 19:50,9/11/2024 20:10,ARR,DGO,AA,E7M,N237NN,I,3765,B,B2,4378
9/11/2024 19:46,9/11/2024 20:05,ARR,ABI,AA,E7R,N788CJ,D,3468,E,E37B,4379
9/11/2024 17:24,9/11/2024 17:30,DEP,TPA,AA,32C,N992AU,D,2324,A,A18,4380
9/11/2024 19:57,9/11/2024 20:10,ARR,MEX,AA,38R,N358PW,I,389,D,D34,4381
9/11/2024 19:51,9/11/2024 20:10,ARR,TRC,AA,E7M,N232NN,I,3552,B,B3A,4382
9/11/2024 18:14,9/11/2024 18:19,DEP,MLI,AA,E7M,N312BT,D,4116,B,B37,4383
9/11/2024 17:46,9/11/2024 17:29,DEP,FWA,AA,E7Q,N766JM,D,3909,B,B4,4384
9/11/2024 20:07,9/11/2024 20:21,ARR,SFO,AA,A21,N925UY,D,2116,C,C10,4385
9/11/2024 18:12,9/11/2024 18:15,DEP,CMI,AA,E7R,N750BD,D,3924,E,E38B,4386
9/11/2024 20:18,9/11/2024 18:50,DEP,SAL,AV,A320,\N,I,441,D,D11,4387
9/11/2024 20:14,9/11/2024 20:44,ARR,TLH,AA,E7M,N211NN,D,3672,B,B19,4388
9/11/2024 20:17,9/11/2024 20:21,ARR,SPS,AA,OO7,N770SK,D,4913,E,E35A,4389
9/11/2024 18:59,9/11/2024 19:06,DEP,MLU,AA,OO7,N717EV,D,6241,E,E27B,4390
9/11/2024 19:11,9/11/2024 19:20,DEP,ICT,AA,OO7,N744SK,D,4957,E,E29A,4391
9/11/2024 20:23,9/11/2024 20:49,ARR,HOU,AA,OO7,N730EV,D,4873,E,E30,4392
9/11/2024 19:45,9/11/2024 19:56,ARR,CUU,AA,E7R,N787BP,I,3376,B,B1A,4393
9/11/2024 18:17,9/11/2024 18:06,DEP,HSV,AA,OO7,N750SK,D,4824,E,E26,4394
9/11/2024 17:27,9/11/2024 17:29,DEP,SBN,AA,OO7,N727SK,D,6239,E,E24A,4395
9/11/2024 17:18,9/11/2024 17:19,DEP,FAR,AA,E7M,N273NN,D,3886,B,B21,4396
9/11/2024 17:18,9/11/2024 17:20,DEP,CLT,AA,32C,N163AA,D,1082,C,C4,4397
9/11/2024 19:29,9/11/2024 19:33,DEP,LIT,AA,CP9,N563NN,D,5249,E,E35B,4398
9/11/2024 20:38,9/11/2024 21:00,ARR,MAD,AA,772,N758AN,I,37,D,D36,4399
9/11/2024 20:41,9/11/2024 20:50,ARR,LBB,AA,E7M,N282NN,D,3488,B,B34,4400
9/11/2024 19:42,9/11/2024 19:54,ARR,ATL,NK,A20N,N956NK,D,837,E,E32,4401
9/11/2024 18:06,9/11/2024 18:19,DEP,QRO,AA,38K,N926NN,I,2299,D,D40,4402
9/11/2024 20:42,9/11/2024 20:55,ARR,CHA,AA,E7M,N214NN,D,4139,B,B22,4403
9/11/2024 20:33,9/11/2024 20:49,ARR,ATL,AA,38K,N841NN,D,980,C,C37,4404
9/11/2024 20:36,9/11/2024 20:39,ARR,MEM,AA,CP9,N573NN,D,5339,E,E35B,4405
9/11/2024 20:30,9/11/2024 20:51,ARR,CRP,AA,E7M,N233NN,D,3418,B,B35,4406
9/11/2024 19:26,9/11/2024 19:30,DEP,SAT,AA,32C,N132AN,D,1961,C,C10,4407
9/11/2024 20:37,9/11/2024 20:46,ARR,SDF,AA,CP9,N568NN,D,5449,E,E26,4408
9/11/2024 20:45,9/11/2024 20:41,ARR,SWO,AA,OO7,N614QX,D,4953,E,E25,4409
9/11/2024 20:47,9/11/2024 20:49,ARR,SGF,AA,E7M,N329DD,D,3555,B,B38,4410
9/11/2024 18:29,9/11/2024 18:32,DEP,GSO,AA,38K,N807NN,D,1598,A,A25,4411
9/11/2024 19:34,9/11/2024 19:29,DEP,MHK,AA,E7M,N244NN,D,3396,B,B19,4412
9/11/2024 17:44,9/11/2024 17:44,DEP,BZN,AA,E7M,N280NN,D,3862,B,B43,4413
9/11/2024 20:47,9/11/2024 20:38,ARR,TPA,AA,32C,N154AA,D,1948,C,C16,4414
9/11/2024 18:23,9/11/2024 18:02,DEP,TVC,AA,E7M,N205NN,D,3988,B,B2,4415
9/11/2024 19:26,9/11/2024 19:33,DEP,CRP,AA,E7M,N303DD,D,4012,B,B24,4416
9/11/2024 20:00,9/11/2024 18:07,DEP,ELP,AA,38K,N908AN,D,1326,A,A33,4417
9/11/2024 22:16,9/11/2024 21:03,ARR,SEA,AS,737,N278AK,D,586,E,E11,4418
9/11/2024 21:01,9/11/2024 21:10,ARR,ICN,AA,789,N823AN,I,280,D,D30,4419
9/11/2024 20:15,9/11/2024 20:05,DEP,GRK,AA,E7Q,N764JD,D,3459,E,E38A,4420
9/11/2024 19:51,9/11/2024 19:50,DEP,MAF,AA,OO7,N760SK,D,4900,E,E26,4421
9/11/2024 21:27,9/11/2024 21:05,ARR,BPT,AA,OO7,N716SK,D,4999,E,E29A,4422
9/11/2024 19:59,9/11/2024 20:04,DEP,MEM,AA,38K,N832NN,D,3070,C,C36,4423
9/11/2024 21:22,9/11/2024 21:05,ARR,HND,AA,788,N878BG,I,176,D,D18A,4424
9/11/2024 21:04,9/11/2024 21:30,ARR,MCO,F9,UNK,N360FR,D,4017,E,E10,4425
9/11/2024 21:16,9/11/2024 21:21,ARR,MCI,AA,E7M,N248NN,D,4066,B,B24,4426
9/11/2024 19:27,9/11/2024 19:31,DEP,LEX,AA,E7M,N265NN,D,3491,B,B28,4427
9/11/2024 21:19,9/11/2024 21:29,ARR,AUS,AA,38K,N970AN,D,795,C,C30,4428
9/11/2024 21:33,9/11/2024 20:55,ARR,LIT,AA,E7M,N213NN,D,3855,B,B48,4429
9/11/2024 19:43,9/11/2024 19:40,DEP,CUU,AA,E7R,N779RN,I,4160,B,B47,4430
9/11/2024 19:20,9/11/2024 19:25,DEP,IND,AA,38K,N991AN,D,1505,C,C6,4431
9/11/2024 21:29,9/11/2024 21:48,ARR,LGA,AA,38K,N983AN,D,575,C,C31,4432
9/11/2024 20:07,9/11/2024 20:13,DEP,JAN,AA,OO7,N742SK,D,4935,E,E25,4433
9/11/2024 21:18,9/11/2024 21:51,ARR,VER,AA,E7M,N234JW,I,4014,B,B1A,4434
9/11/2024 21:18,9/11/2024 21:34,ARR,GCK,AA,OO7,N719SK,D,4815,E,E22B,4435
9/11/2024 19:44,9/11/2024 19:51,DEP,DRO,AA,OO7,N773SK,D,4929,E,E24B,4436
9/11/2024 21:47,9/11/2024 22:02,ARR,DEN,F9,UNK,N307FR,D,4070,E,E20,4437
9/11/2024 21:55,9/11/2024 22:24,ARR,CMI,AA,E7Q,N762DT,D,3700,E,E37B,4438
9/11/2024 19:36,9/11/2024 19:44,DEP,TLH,AA,CP9,N551NN,D,5233,E,E35A,4439
9/11/2024 20:33,9/11/2024 20:40,DEP,SAF,AA,OO7,N762SK,D,4936,E,E23A,4440
9/11/2024 22:48,9/11/2024 22:29,ARR,PDX,AS,737,N518AS,D,254,E,E11,4441
9/11/2024 22:04,9/11/2024 22:13,ARR,DTW,AA,38K,N932NN,D,1323,C,C36,4442
9/11/2024 19:54,9/11/2024 19:56,DEP,ORD,AA,38K,N914NN,D,1559,A,A21,4443
9/11/2024 19:39,9/11/2024 19:42,DEP,RAP,AA,E7M,N255NN,D,3532,B,B31,4444
9/11/2024 21:46,9/11/2024 21:53,ARR,PHX,AA,A21,N586UW,D,1477,B,B5,4445
9/11/2024 18:35,9/11/2024 17:29,DEP,ONT,AA,32C,N908AA,D,2635,D,D2,4446
9/11/2024 20:51,9/11/2024 20:55,DEP,MFE,AA,38K,N801NN,D,1803,C,C31,4447
9/11/2024 22:28,9/11/2024 22:42,ARR,FSM,AA,E7M,N239NN,D,3453,B,B33,4448
9/11/2024 19:45,9/11/2024 19:50,DEP,ASE,AA,OO7,N612QX,D,6370,E,E22A,4449
9/11/2024 21:40,9/11/2024 21:45,DEP,ACT,AA,OO7,N713SK,D,4925,E,E22A,4450
9/11/2024 19:40,9/11/2024 19:40,DEP,SAN,AA,A21,N538UW,D,2747,B,B11,4451
9/11/2024 22:20,9/11/2024 22:16,ARR,MLU,AA,OO7,N717EV,D,6241,E,E27B,4452
9/11/2024 22:13,9/11/2024 22:35,ARR,LAX,AA,32C,N145AN,D,1653,D,D17,4453
9/11/2024 21:37,9/11/2024 21:41,DEP,SHV,AA,E7M,N249NN,D,4002,B,B25,4454
9/11/2024 22:40,9/11/2024 22:44,ARR,OKC,AA,E7M,N226NN,D,3897,B,B42,4455
9/11/2024 22:42,9/11/2024 22:40,ARR,ICT,AA,OO7,N744SK,D,4957,E,E35A,4456
9/11/2024 22:39,9/11/2024 22:50,ARR,CRP,AA,E7M,N303DD,D,4012,B,B34,4457
9/11/2024 21:43,9/11/2024 21:47,DEP,LAW,AA,OO7,N718SK,D,4917,E,E23B,4458
9/11/2024 21:37,9/11/2024 21:45,DEP,MLU,AA,OO7,N614QX,D,4823,E,E25,4459
9/11/2024 21:37,9/11/2024 21:45,DEP,SJT,AA,OO7,N770SK,D,4897,E,E35A,4460
9/11/2024 20:53,9/11/2024 20:36,DEP,MOB,AA,E7M,N281NN,D,3678,B,B43,4461
9/11/2024 21:31,9/11/2024 21:36,DEP,AMA,AA,E7M,N211NN,D,3789,B,B19,4462
9/11/2024 19:26,9/11/2024 19:26,DEP,ORD,UA,737,N24224,D,694,E,E9,4463
9/11/2024 21:33,9/11/2024 21:35,DEP,HOU,AA,E7M,N285NN,D,3470,B,B30,4464
9/11/2024 21:32,9/11/2024 21:38,DEP,AEX,AA,E7R,N788CJ,D,3904,E,E37B,4465
9/11/2024 21:42,9/11/2024 21:51,DEP,CLL,AA,OO7,N730EV,D,6373,E,E30,4466
9/11/2024 21:17,9/11/2024 21:25,DEP,LCH,AA,OO7,N707SK,D,4965,E,E24A,4467
9/11/2024 22:47,9/11/2024 22:53,ARR,GRI,AA,OO7,N748SK,D,4956,E,E30,4468
9/11/2024 21:58,9/11/2024 21:55,DEP,GRK,AA,OO7,N716SK,D,4825,E,E29A,4469
9/11/2024 22:55,9/11/2024 22:53,ARR,BHM,AA,OO7,N754EV,D,4830,E,E25,4470
9/11/2024 22:54,9/11/2024 23:10,ARR,BMI,AA,E7R,N782SM,D,3404,B,B39,4471
9/11/2024 22:51,9/11/2024 22:44,ARR,DEN,AA,A21,N916US,D,1321,B,B6,4472
9/11/2024 22:59,9/11/2024 23:03,ARR,AGS,AA,E7M,N268NN,D,3462,B,B31,4473
9/11/2024 21:31,9/11/2024 21:35,DEP,CRP,AA,E7M,N237NN,D,4166,B,B2,4474
9/11/2024 22:53,9/11/2024 23:09,ARR,PHX,AA,32E,N420AN,D,2479,B,B9,4475
9/11/2024 23:07,9/11/2024 23:09,ARR,HRL,AA,E7M,N259NN,D,4052,B,B46,4476
9/11/2024 23:00,9/11/2024 23:10,ARR,LIT,AA,CP9,N563NN,D,5244,E,E35B,4477
9/11/2024 23:05,9/11/2024 22:50,ARR,IAH,AA,E7M,N292NN,D,3947,B,B47,4478
9/11/2024 21:44,9/11/2024 21:35,DEP,SAT,AA,32C,N154AA,D,2076,C,C16,4479
9/11/2024 23:09,9/11/2024 22:50,ARR,SAT,AA,32C,N132AN,D,1961,A,A8,4480
9/11/2024 23:07,9/11/2024 23:10,ARR,MFE,AA,319,N9002U,D,1792,A,A39,4481
9/11/2024 21:47,9/11/2024 21:20,DEP,HRL,AA,E7M,N322RC,D,3816,B,B21,4482
9/11/2024 23:14,9/11/2024 22:47,ARR,MTJ,AA,38K,N931AN,D,665,C,C38,4483
9/11/2024 20:27,9/11/2024 20:00,DEP,PHL,AA,A21,N539UW,D,583,C,C14,4484
9/11/2024 23:17,9/11/2024 23:15,ARR,SBN,AA,OO7,N727SK,D,6239,E,E26,4485
9/11/2024 21:02,9/11/2024 20:42,DEP,TPA,AA,38K,N874NN,D,2535,A,A36,4486
9/11/2024 23:20,9/11/2024 23:20,ARR,FAR,AA,E7M,N273NN,D,3886,B,B1A,4487
9/11/2024 19:58,9/11/2024 20:01,DEP,DCA,AA,38K,N935AN,D,1831,C,C24,4488
9/12/2024 0:02,9/11/2024 23:59,ARR,TYR,AA,E7M,N235NN,D,3971,B,B48,4489
9/11/2024 22:42,9/11/2024 22:31,DEP,AUS,AA,38R,N343PN,D,410,C,C12,4490
9/11/2024 23:41,9/11/2024 23:45,ARR,AUS,AA,38K,N867NN,D,1635,C,C37,4491
9/11/2024 23:40,9/11/2024 23:54,ARR,BRO,AA,OO7,N746SK,D,4924,E,E37A,4492
9/11/2024 23:33,9/11/2024 23:45,ARR,TPA,AA,32C,N992AU,D,2324,A,A23,4493
9/11/2024 22:31,9/11/2024 21:28,DEP,SGF,AA,CP9,N573NN,D,5190,E,E35B,4494
9/12/2024 0:16,9/12/2024 0:31,ARR,LAW,AA,OO7,N718SK,D,4917,E,E29B,4495
9/11/2024 22:01,9/11/2024 22:08,DEP,DAY,AA,CP9,N568NN,D,5156,E,E26,4496
9/11/2024 23:59,9/12/2024 0:10,ARR,OKC,AA,E7M,N253NN,D,3558,B,B46,4497
9/11/2024 22:47,9/11/2024 22:55,DEP,MFE,AA,38K,N970AN,D,1781,C,C30,4498
9/11/2024 21:46,9/11/2024 21:35,DEP,PHX,AA,38K,N975AN,D,1796,C,C17,4499
9/12/2024 0:21,9/12/2024 0:49,ARR,HOU,AA,E7M,N285NN,D,3470,B,B4,4500
9/12/2024 0:15,9/12/2024 0:32,ARR,GRK,AA,OO7,N716SK,D,4825,E,E23B,4501
9/12/2024 0:15,9/12/2024 0:34,ARR,SHV,AA,E7M,N249NN,D,4002,B,B34,4502
9/11/2024 23:31,9/11/2024 23:29,ARR,CAE,AA,320,N126UW,D,2028,B,B18,4503
9/11/2024 23:34,9/11/2024 23:45,ARR,LAX,AA,32C,N907AA,D,1305,A,A19,4504
9/13/2024 18:14,9/13/2024 18:14,ARR,RNO,AA,38R,N972NN,D,669,B,B17,4505
9/13/2024 16:50,9/13/2024 16:50,DEP,NRT,AA,788,N805AN,I,61,D,D30,4506
9/13/2024 22:42,9/13/2024 22:42,ARR,MSP,AA,38R,N309PC,D,362,C,C11,4507
9/13/2024 22:49,9/13/2024 22:49,ARR,ONT,AA,32C,N121AN,D,948,A,A19,4508
9/13/2024 16:18,9/13/2024 16:18,ARR,BFL,AA,319,N8009T,D,2969,C,C11,4509
9/13/2024 11:19,9/13/2024 11:19,ARR,IAH,AA,38K,N871NN,D,2442,C,C24,4510
9/13/2024 19:29,9/13/2024 19:29,DEP,TUS,AA,32C,N128AN,D,2997,A,A8,4511
9/13/2024 17:47,9/13/2024 17:47,ARR,MEM,AA,19W,N716UW,D,2559,B,B14,4512
9/13/2024 21:35,9/13/2024 21:35,DEP,IAH,AA,A05,N652AW,D,1416,B,B7,4513
9/13/2024 19:52,9/13/2024 19:52,DEP,MCI,AA,38K,N921NN,D,1376,C,C4,4514
9/13/2024 17:29,9/13/2024 17:29,ARR,MSY,AA,38K,N874NN,D,1871,A,A16,4515
9/13/2024 18:32,9/13/2024 18:32,DEP,GSO,AA,38K,N874NN,D,1598,A,A16,4516
9/13/2024 19:36,9/13/2024 19:36,DEP,MSN,AA,319,N9002U,D,1736,C,C24,4517
9/13/2024 23:30,9/13/2024 23:30,DEP,LIT,AA,A19,N756US,D,1105,B,B6,4518
9/11/2024 23:36,9/11/2024 23:42,DEP,SAT,AA,A21,N568UW,D,2438,B,B17,4519
9/12/2024 0:44,9/12/2024 0:51,ARR,LAX,AA,32E,N423AN,D,1582,B,B12,4520
9/12/2024 0:53,9/12/2024 0:54,ARR,ABI,AA,E7Q,N762DT,D,3380,E,E38A,4521
9/12/2024 0:42,9/12/2024 0:39,ARR,SJT,AA,OO7,N770SK,D,4897,E,E24B,4522
9/12/2024 0:34,9/12/2024 0:34,ARR,CLL,AA,OO7,N730EV,D,6373,E,E22B,4523
9/12/2024 0:33,9/12/2024 0:25,ARR,ACT,AA,OO7,N713SK,D,4925,E,E35A,4524
9/12/2024 0:34,9/12/2024 0:44,ARR,SAF,AA,OO7,N762SK,D,4936,E,E35B,4525
9/12/2024 0:34,9/12/2024 0:54,ARR,TYS,AA,38K,N868NN,D,3002,A,A18,4526
9/12/2024 0:27,9/12/2024 0:12,ARR,HSV,AA,OO7,N774SK,D,5001,E,E23A,4527
9/12/2024 0:27,9/12/2024 0:50,ARR,LCH,AA,OO7,N707SK,D,4965,E,E29A,4528
9/13/2024 20:42,9/13/2024 20:42,DEP,TPA,AA,38K,N987AN,D,2535,A,A11,4529
9/13/2024 12:28,9/13/2024 12:28,ARR,CRP,AA,E7M,N308LD,D,3885,B,B24,4530
9/11/2024 21:56,9/11/2024 22:00,DEP,FAT,AA,A21,N573UW,D,508,B,B14,4531
9/11/2024 23:26,9/11/2024 23:30,DEP,BNA,AA,38K,N932AN,D,504,D,D40,4532
9/11/2024 23:57,9/11/2024 23:59,DEP,CRP,AA,E7M,N250NN,D,4173,B,B38,4533
9/11/2024 23:55,9/12/2024 0:01,DEP,SGF,AA,E7M,N260NN,D,3553,B,B22,4534
9/11/2024 23:47,9/11/2024 23:54,DEP,AMA,AA,E7M,N261NN,D,3844,B,B44,4535
9/12/2024 1:06,9/12/2024 0:56,ARR,LIT,AA,19W,N724UW,D,3066,C,C8,4536
9/12/2024 1:03,9/12/2024 1:00,ARR,HRL,AA,E7M,N322RC,D,3816,B,B1A,4537
9/12/2024 1:04,9/12/2024 0:44,ARR,MOB,AA,E7M,N281NN,D,3678,B,B31,4538
9/12/2024 1:01,9/12/2024 0:59,ARR,TLH,AA,CP9,N551NN,D,5233,E,E34A,4539
9/12/2024 0:33,9/12/2024 0:38,DEP,TXK,AA,E7Q,N764JD,D,3714,E,E38A,4540
9/12/2024 0:36,9/12/2024 0:39,DEP,GGG,AA,E7R,N751AB,D,3891,E,E38B,4541
9/11/2024 23:44,9/11/2024 23:55,DEP,HSV,AA,OO7,N750SK,D,4833,E,E22A,4542
9/11/2024 23:54,9/12/2024 0:02,DEP,GRI,AA,OO7,N744SK,D,6319,E,E35A,4543
9/11/2024 23:42,9/11/2024 23:37,DEP,MSP,AA,38K,N949AN,D,2806,A,A22,4544
9/12/2024 0:22,9/11/2024 23:55,DEP,ELP,AA,38K,N960AN,D,555,D,D29,4545
9/13/2024 0:20,9/13/2024 0:20,DEP,GRU,AA,789,N835AN,I,963,D,D33,4546
9/13/2024 2:42,9/13/2024 2:42,ARR,TUL,AA,319,N9008U,D,2353,C,C36,4547
9/13/2024 2:32,9/13/2024 2:32,ARR,RSW,AA,38K,N970AN,D,2736,C,C37,4548
9/12/2024 21:42,9/12/2024 21:42,DEP,DEN,AA,32C,N907AA,D,1322,A,A11,4549
9/13/2024 4:03,9/13/2024 4:03,ARR,ORD,AA,788,N880BJ,D,1463,A,A24,4550
9/13/2024 0:15,9/13/2024 0:15,DEP,GDL,AA,38R,N306PB,I,2313,A,A35,4551
9/13/2024 1:58,9/13/2024 1:58,DEP,SNA,AA,38R,N352PS,D,369,C,C21,4552
9/12/2024 1:51,9/12/2024 1:00,ARR,SGF,AA,CP9,N573NN,D,5242,E,E37B,4553
9/11/2024 23:58,9/12/2024 0:02,DEP,DRO,AA,OO7,N748SK,D,4908,E,E30,4554
9/12/2024 0:40,9/12/2024 0:44,DEP,LBB,AA,E7M,N257NN,D,3619,B,B30,4555
9/12/2024 3:30,9/11/2024 22:55,DEP,YYZ,AC,BCS3,CGJXV,I,1030,D,D6,4556
9/11/2024 23:28,9/11/2024 23:31,DEP,FLL,AA,38R,N993NN,D,1429,A,A37,4557
9/12/2024 2:03,9/11/2024 22:59,ARR,PIA,AA,CP9,N564NN,D,5550,E,E37A,4558
9/12/2024 0:01,9/12/2024 0:07,DEP,TLH,AA,CP9,N563NN,D,5361,E,E35B,4559
9/12/2024 0:37,9/12/2024 0:39,DEP,LIT,AA,E7M,N244NN,D,4079,B,B24,4560
9/12/2024 0:36,9/12/2024 0:40,DEP,MEM,AA,38K,N863NN,D,1758,A,A28,4561
9/11/2024 22:59,9/11/2024 23:04,DEP,LGA,AA,38K,N983AN,D,1299,C,C31,4562
9/12/2024 0:11,9/12/2024 0:14,DEP,COS,AA,OO7,N614SK,D,6273,E,E24B,4563
9/12/2024 0:07,9/12/2024 0:11,DEP,AVL,AA,E7M,N303DD,D,3351,B,B34,4564
9/11/2024 23:45,9/11/2024 23:49,DEP,ILM,AA,E7M,N259NN,D,4010,B,B46,4565
9/11/2024 23:58,9/12/2024 0:02,DEP,FLG,AA,OO7,N719SK,D,4910,E,E22B,4566
9/12/2024 0:03,9/12/2024 0:05,DEP,TYS,AA,CP9,N553NN,D,5034,E,E34A,4567
9/11/2024 17:30,9/11/2024 17:30,DEP,SLC,DL,220,N124DU,D,2174,E,E17,4568
9/11/2024 16:05,9/11/2024 16:05,DEP,DTW,DL,320,N359NW,D,2746,E,E12,4569
9/11/2024 21:02,9/11/2024 21:02,ARR,LGA,DL,220,N136DQ,D,869,E,E13,4570
9/12/2024 0:21,9/12/2024 0:30,DEP,PIA,AA,CP9,N602NN,D,5229,E,E36,4571
9/12/2024 0:26,9/12/2024 0:34,DEP,GJT,AA,OO7,N611SK,D,4842,E,E27A,4572
9/11/2024 23:59,9/11/2024 23:59,DEP,DCA,AA,A19,N805AW,D,2752,A,A10,4573
9/12/2024 1:37,9/12/2024 1:40,DEP,XNA,AA,E7M,N205NN,D,4138,B,B19,4574
9/12/2024 1:51,9/12/2024 1:55,DEP,SPS,AA,OO7,N770SK,D,4971,E,E24B,4575
9/12/2024 1:46,9/12/2024 1:50,DEP,AMA,AA,E7M,N233NN,D,3837,B,B47,4576
9/12/2024 1:46,9/12/2024 1:50,DEP,HOU,AA,OO7,N746SK,D,4851,E,E37A,4577
9/12/2024 0:44,9/12/2024 0:44,DEP,CHA,AA,E7M,N312BT,D,3688,B,B27,4578
9/12/2024 0:31,9/11/2024 23:51,DEP,DEN,AA,38K,N992AN,D,1217,D,D20,4579
9/12/2024 0:09,9/12/2024 0:15,DEP,BIS,AA,E7M,N279MQ,D,4168,B,B25,4580
9/12/2024 0:25,9/12/2024 0:35,DEP,RAP,AA,E7M,N228NN,D,3439,B,B28,4581
9/13/2024 3:40,9/13/2024 3:40,DEP,OKC,AA,32S,N9008U,D,2734,D,D17,4582
9/12/2024 1:55,9/12/2024 1:59,DEP,LIT,AA,CP9,N551NN,D,5652,E,E34A,4583
9/12/2024 2:08,9/12/2024 2:15,DEP,SJT,AA,OO7,N730EV,D,4884,E,E22B,4584
9/12/2024 1:37,9/12/2024 1:40,DEP,SGF,AA,E7M,N254NN,D,4092,B,B2,4585
9/12/2024 2:14,9/12/2024 2:20,DEP,ACT,AA,OO7,N732SK,D,6258,E,E22A,4586
9/12/2024 0:51,9/12/2024 0:53,DEP,ATW,AA,E7M,N207AN,D,3681,B,B37,4587
9/12/2024 2:05,9/12/2024 2:15,DEP,LAW,AA,OO7,N707SK,D,6296,E,E29A,4588
9/12/2024 1:55,9/12/2024 2:00,DEP,OKC,AA,OO7,N614QX,D,4946,E,E30,4589
9/12/2024 2:01,9/12/2024 2:05,DEP,LBB,AA,E7M,N249NN,D,4042,B,B34,4590
9/12/2024 0:19,9/12/2024 0:25,DEP,BWI,AA,38R,N306NY,D,2251,C,C15,4591
9/12/2024 0:44,9/12/2024 0:45,DEP,PIT,AA,32C,N992AU,D,1761,A,A23,4592
9/12/2024 2:11,9/12/2024 2:15,DEP,SHV,AA,OO7,N773SK,D,5014,E,E27B,4593
9/12/2024 2:11,9/12/2024 2:20,DEP,MAF,AA,E7M,N305CL,D,3492,B,B24,4594
9/12/2024 2:04,9/12/2024 2:10,DEP,LCH,AA,OO7,N762SK,D,6316,E,E35B,4595
9/12/2024 2:03,9/12/2024 2:09,DEP,ICT,AA,E7M,N211NN,D,3469,B,B27,4596
9/12/2024 1:03,9/12/2024 1:08,DEP,AGU,AA,E7R,N789SS,I,3670,B,B29,4597
9/12/2024 2:05,9/12/2024 2:02,DEP,FSM,AA,E7M,N281NN,D,3537,B,B31,4598
9/12/2024 1:58,9/12/2024 2:02,DEP,COU,AA,E7R,N749BM,D,3440,B,B49,4599
9/12/2024 1:47,9/12/2024 1:55,DEP,EVV,AA,OO7,N713SK,D,4904,E,E35A,4600
9/12/2024 2:09,9/12/2024 2:16,DEP,SWO,AA,OO7,N774SK,D,4961,E,E23A,4601
9/12/2024 2:07,9/12/2024 2:10,DEP,MLU,AA,OO7,N716SK,D,4973,E,E23B,4602
9/12/2024 2:11,9/12/2024 2:20,DEP,BPT,AA,OO7,N742SK,D,6313,E,E24A,4603
9/12/2024 2:04,9/12/2024 2:05,DEP,MHK,AA,E7M,N237NN,D,3697,B,B30,4604
9/12/2024 2:04,9/12/2024 2:06,DEP,CRP,AA,E7M,N280NN,D,4065,B,B36,4605
9/12/2024 0:36,9/12/2024 0:39,DEP,SYR,AA,320,N126UW,D,396,B,B18,4606
9/12/2024 0:29,9/12/2024 0:39,DEP,IDA,AA,OO7,N754EV,D,4937,E,E25,4607
9/12/2024 1:48,9/12/2024 1:45,DEP,CID,AA,19W,N724UW,D,2394,C,C8,4608
9/12/2024 1:52,9/12/2024 1:56,DEP,COS,AA,38K,N989AN,D,2347,C,C22,4609
9/12/2024 2:39,9/12/2024 2:55,DEP,OKC,AA,A21,N582UW,D,2180,C,C30,4610
9/13/2024 19:25,9/13/2024 19:25,DEP,MIA,AA,32E,N466AN,D,1405,A,A25,4611
9/13/2024 2:45,9/13/2024 2:45,ARR,BOS,AA,32C,N902AA,D,1148,A,A8,4612
9/13/2024 2:39,9/13/2024 2:39,ARR,DSM,AA,A05,N649AW,D,2229,B,B14,4613
9/13/2024 2:42,9/13/2024 2:42,ARR,DEN,AA,32C,N907AA,D,1322,C,C21,4614
9/13/2024 20:40,9/13/2024 20:40,DEP,AMS,AA,788,N801AC,I,220,A,A20X,4615
9/13/2024 12:07,9/13/2024 12:07,ARR,DSM,AA,319,N5007E,D,2326,A,A37,4616
9/14/2024 1:00,9/14/2024 1:00,ARR,SNA,AA,38R,N352PS,D,2861,C,C29,4617
9/13/2024 12:07,9/13/2024 12:07,ARR,BNA,AA,38K,N874NN,D,1997,C,C30,4618
9/13/2024 15:25,9/13/2024 15:25,DEP,RSW,AA,38K,N973AN,D,2740,D,D40,4619
9/13/2024 15:23,9/13/2024 15:23,ARR,LGA,AA,38K,N807NN,D,955,C,C10,4620
9/14/2024 0:05,9/14/2024 0:05,DEP,DUB,AA,772,N755AN,I,132,D,D36,4621
9/13/2024 15:19,9/13/2024 15:19,DEP,BOI,AA,A21,N925UY,D,2944,B,B11,4622
9/13/2024 15:01,9/13/2024 15:01,DEP,GEG,AA,A05,N667AW,D,1381,A,A37,4623
9/13/2024 12:28,9/13/2024 12:28,ARR,MIA,AA,A21,N920US,D,1226,A,A20,4624
9/13/2024 15:30,9/13/2024 15:30,DEP,GUA,AA,38K,N896NN,I,1013,B,B17,4625
9/13/2024 20:20,9/13/2024 20:20,DEP,MCO,AA,32C,N900UW,D,2472,B,B12,4626
9/13/2024 15:48,9/13/2024 15:48,DEP,BZN,AA,38K,N975AN,D,952,C,C15,4627
9/13/2024 18:25,9/13/2024 18:25,ARR,TPA,AA,A21,N573UW,D,2321,C,C26,4628
9/13/2024 12:05,9/13/2024 12:05,DEP,TPA,AA,A21,N573UW,D,2321,D,D25,4629
9/13/2024 11:04,9/13/2024 11:04,ARR,OKC,AA,319,N9008U,D,1166,A,A34,4630
9/13/2024 17:59,9/13/2024 17:59,ARR,MFE,AA,38K,N926AN,D,1793,D,D38,4631
9/13/2024 17:30,9/13/2024 17:30,DEP,TPA,AA,A21,N572UW,D,2324,D,D31,4632
9/13/2024 10:26,9/13/2024 10:26,DEP,DCA,AA,38K,N974AN,D,2029,A,A23,4633
9/13/2024 21:35,9/13/2024 21:35,DEP,SAT,AA,32C,N934AA,D,2076,D,D34,4634
9/13/2024 13:15,9/13/2024 13:15,DEP,CUN,AA,32C,N934AA,I,1190,A,A20,4635
9/13/2024 20:05,9/13/2024 20:05,ARR,CUN,AA,32C,N934AA,I,1068,D,D34,4636
9/14/2024 1:59,9/14/2024 1:59,DEP,BNA,AA,32C,N934AA,D,1500,C,C36,4637
9/13/2024 2:01,9/13/2024 2:01,DEP,CUU,AA,E7R,N742GR,I,3687,E,E38A,4638
9/11/2024 10:25,9/11/2024 10:14,ARR,BOG,AA,38M,N316SE,I,1122,D,D29,4639
9/11/2024 10:43,9/11/2024 11:04,ARR,LAW,AA,CS7,N752SK,D,6295,E,E22A,4640
9/11/2024 10:50,9/11/2024 11:10,ARR,ABI,AA,E7M,N253NN,D,3726,B,B19,4641
9/11/2024 11:03,9/11/2024 11:20,ARR,TUL,AA,38K,N855NN,D,882,C,C38,4642
9/11/2024 11:06,9/11/2024 11:14,ARR,AMA,AA,E7M,N252NN,D,3691,B,B1A,4643
9/11/2024 11:01,9/11/2024 11:05,ARR,ACT,AA,OO7,N730EV,D,6252,E,E22B,4644
9/11/2024 11:00,9/11/2024 11:29,ARR,LIT,AA,CP9,N553NN,D,5076,E,E34A,4645
9/11/2024 11:43,9/11/2024 11:55,ARR,MLU,AA,OO7,N760SK,D,4978,E,E27B,4646
9/11/2024 12:56,9/11/2024 12:17,ARR,CLT,AA,32E,N401AN,D,417,C,C17,4647
9/11/2024 12:48,9/11/2024 12:54,ARR,OKC,AA,32C,N154AA,D,2791,A,A39,4648
9/13/2024 1:40,9/13/2024 1:40,DEP,AUS,AA,38R,N314PD,D,2707,D,D38,4649
9/11/2024 13:25,9/11/2024 13:30,DEP,MEM,AA,319,N9002U,D,2559,C,C8,4650
9/11/2024 14:13,9/11/2024 13:28,DEP,LAW,AA,OO7,N742SK,D,6363,E,E27A,4651
9/11/2024 13:14,9/11/2024 13:19,DEP,ORD,AA,38K,N821NN,D,328,C,C7,4652
9/11/2024 13:18,9/11/2024 13:28,DEP,CHA,AA,CP9,N551NN,D,5127,E,E38A,4653
9/11/2024 13:02,9/11/2024 13:10,DEP,RAP,AA,E7M,N239NN,D,3534,B,B4,4654
9/11/2024 15:15,9/11/2024 15:30,ARR,SAT,AA,A19,N807AW,D,3091,C,C37,4655
9/11/2024 13:06,9/11/2024 13:09,DEP,TUS,AA,32C,N150NN,D,2720,C,C22,4656
9/11/2024 15:29,9/11/2024 15:27,ARR,TUL,AA,OO7,N761ND,D,4899,E,E26,4657
9/11/2024 13:04,9/11/2024 13:08,DEP,CVG,AA,38K,N842NN,D,1568,C,C15,4658
9/11/2024 15:38,9/11/2024 16:01,ARR,JFK,AA,38M,N336SR,D,860,C,C30,4659
9/11/2024 13:57,9/11/2024 14:07,DEP,MCI,AA,38K,N813NN,D,1734,C,C31,4660
9/11/2024 13:10,9/11/2024 13:18,DEP,ASE,AA,OO7,N612QX,D,4907,E,E36,4661
9/11/2024 15:30,9/11/2024 15:34,ARR,XNA,AA,E7R,N788CJ,D,3588,E,E38A,4662
9/11/2024 13:54,9/11/2024 14:05,DEP,SGF,AA,OO7,N750SK,D,4952,E,E24A,4663
9/11/2024 14:17,9/11/2024 13:58,ARR,MCO,AA,32S,N199UW,D,2677,D,D37,4664
9/11/2024 14:59,9/11/2024 15:05,DEP,OKC,AA,E7M,N274NN,D,3896,B,B27,4665
9/11/2024 15:00,9/11/2024 15:05,DEP,LBB,AA,E7M,N254NN,D,3852,B,B43,4666
9/11/2024 15:57,9/11/2024 16:10,ARR,LAX,AA,32C,N163AA,D,2811,C,C4,4667
9/11/2024 13:15,9/11/2024 13:20,DEP,DRO,AA,OO7,N744SK,D,4934,E,E23A,4668
9/11/2024 13:50,9/11/2024 13:30,DEP,BHM,AA,OO7,N717EV,D,5002,E,E38B,4669
9/11/2024 13:24,9/11/2024 13:31,DEP,ECP,AA,CP9,N563NN,D,5319,E,E35B,4670
9/11/2024 16:06,9/11/2024 16:23,ARR,TUS,AA,E7M,N268NN,D,3683,B,B28,4671
9/11/2024 13:05,9/11/2024 13:11,DEP,PHL,AA,A21,N561UW,D,309,A,A20,4672
9/11/2024 15:58,9/11/2024 16:03,ARR,MKE,AA,319,N9018E,D,53,C,C20,4673
9/11/2024 13:30,9/11/2024 13:37,DEP,JAX,AA,38K,N975AN,D,3029,C,C12,4674
9/11/2024 16:13,9/11/2024 16:12,ARR,PDX,AA,A21,N177US,D,2216,C,C12,4675
9/11/2024 16:27,9/11/2024 16:24,ARR,MCI,AA,E7M,N246NN,D,3916,B,B24,4676
9/11/2024 15:13,9/11/2024 15:24,DEP,MAF,AA,E7M,N265NN,D,3505,B,B22,4677
9/11/2024 14:54,9/11/2024 15:00,DEP,COU,AA,E7M,N270NN,D,3416,B,B29,4678
9/11/2024 15:00,9/11/2024 15:10,DEP,SAF,AA,OO7,N724SK,D,4836,E,E22B,4679
9/11/2024 16:37,9/11/2024 16:39,ARR,GEG,AA,A05,N663AW,D,2369,C,C11,4680
9/11/2024 16:38,9/11/2024 16:26,ARR,AUS,AA,38R,N305NX,D,794,B,B7,4681
9/11/2024 16:30,9/11/2024 16:24,ARR,MFE,AA,E7M,N235NN,D,3918,B,B47,4682
9/11/2024 16:40,9/11/2024 16:39,ARR,DSM,AA,E7M,N249NN,D,3930,B,B22,4683
9/11/2024 16:31,9/11/2024 16:39,ARR,OMA,AA,E7M,N305CL,D,3984,B,B46,4684
9/11/2024 15:08,9/11/2024 15:17,DEP,LIT,AA,OO7,N760SK,D,4822,E,E27B,4685
9/11/2024 15:10,9/11/2024 15:16,DEP,CRP,AA,E7M,N267NN,D,3546,B,B31,4686
9/11/2024 16:26,9/11/2024 16:31,ARR,LBB,AA,E7M,N233NN,D,3487,B,B31,4687
9/11/2024 14:58,9/11/2024 15:05,DEP,MHK,AA,E7M,N255NN,D,3920,B,B37,4688
9/11/2024 16:25,9/11/2024 16:39,ARR,PNS,AA,E7M,N246NN,D,3986,B,B39,4689
9/11/2024 16:29,9/11/2024 16:29,ARR,ICT,AA,E7M,N329DD,D,3479,B,B3A,4690
9/11/2024 16:22,9/11/2024 14:20,ARR,CMI,AA,E7M,N261NN,D,4073,B,B38,4691
9/11/2024 16:21,9/11/2024 16:39,ARR,DCA,AA,38K,N861NN,D,796,C,C8,4692
9/11/2024 13:12,9/11/2024 13:15,DEP,CUN,AA,32C,N156AN,I,1190,C,C29,4693
9/11/2024 13:23,9/11/2024 13:30,DEP,MCO,AA,32C,N904AA,D,1672,A,A37,4694
9/11/2024 16:05,9/11/2024 16:30,ARR,BOS,AA,A21,N184US,D,2600,A,A17,4695
9/11/2024 15:02,9/11/2024 15:10,DEP,LCH,AA,OO7,N732SK,D,4966,E,E35B,4696
9/11/2024 15:02,9/11/2024 15:09,DEP,SGF,AA,E7M,N262NN,D,3560,B,B47,4697
9/11/2024 16:40,9/11/2024 16:33,ARR,LIT,AA,E7M,N298FR,D,3850,B,B40,4698
9/11/2024 14:55,9/11/2024 15:02,DEP,MOB,AA,E7M,N313BS,D,3677,B,B44,4699
9/11/2024 15:04,9/11/2024 15:00,DEP,MFE,AA,E7M,N222NS,D,3825,B,B34,4700
9/11/2024 16:31,9/11/2024 16:08,ARR,MEM,AA,E7M,N252NN,D,3973,B,B29,4701
9/11/2024 16:31,9/11/2024 16:13,ARR,COS,AA,OO7,N716SK,D,6219,E,E23A,4702
9/11/2024 16:33,9/11/2024 16:29,ARR,SGF,AA,CP9,N553NN,D,5559,E,E36,4703
9/11/2024 16:34,9/11/2024 16:30,DEP,HND,JL,A35K,\N,I,11,D,\N,4704
9/11/2024 16:51,9/11/2024 16:34,ARR,CLL,AA,E7R,N786SM,D,3953,E,E37A,4705
9/11/2024 16:47,9/11/2024 16:34,ARR,MAF,AA,E7M,N257NN,D,3504,B,B35,4706
9/11/2024 15:09,9/11/2024 15:19,DEP,CUU,AA,E7R,N787BP,I,3405,B,B3A,4707
9/11/2024 16:00,9/11/2024 16:07,DEP,SHV,AA,E7R,N749BM,D,3939,E,E37B,4708
9/11/2024 15:16,9/11/2024 15:25,DEP,JAN,AA,CP9,N602NN,D,5383,E,E36,4709
9/11/2024 16:55,9/11/2024 16:34,ARR,GRK,AA,E7M,N248NN,D,3873,B,B33,4710
9/11/2024 17:13,9/11/2024 16:29,ARR,ACT,AA,OO7,N770SK,D,6193,E,E27B,4711
9/11/2024 15:05,9/11/2024 15:03,DEP,HRL,AA,E7Q,N764JD,D,3952,B,B2,4712
9/11/2024 15:14,9/11/2024 15:00,DEP,COS,AA,E7M,N207AN,D,3827,B,B40,4713
9/11/2024 17:10,9/11/2024 16:50,ARR,SAT,AA,38K,N973AN,D,2077,C,C24,4714
9/11/2024 17:26,9/11/2024 16:29,ARR,SJT,AA,CS7,N752SK,D,4960,E,E22B,4715
9/11/2024 15:05,9/11/2024 15:05,DEP,YUL,AC,BCS3,CGVUO,I,1070,E,E2,4716
9/11/2024 15:14,9/11/2024 15:21,DEP,SDF,AA,CP9,N568NN,D,5449,E,E34A,4717
9/11/2024 16:18,9/11/2024 16:19,DEP,GRK,AA,E7M,N244NN,D,3866,B,B21,4718
9/11/2024 17:19,9/11/2024 17:23,ARR,AUS,AA,E7M,N209NN,D,3685,B,B48,4719
9/11/2024 17:26,9/11/2024 17:20,ARR,LFT,AA,OO7,N754EV,D,4885,E,E24B,4720
9/11/2024 15:53,9/11/2024 16:00,DEP,AUS,AA,E7M,N226NN,D,4085,B,B42,4721
9/11/2024 16:54,9/11/2024 16:54,ARR,SNA,AA,38R,N994NN,D,1382,A,A34,4722
9/11/2024 16:58,9/11/2024 17:21,ARR,SAN,AA,A21,N582UW,D,959,A,A23,4723
9/11/2024 16:47,9/11/2024 16:26,ARR,MSY,AA,A05,N668AW,D,2177,C,C16,4724
9/11/2024 13:34,9/11/2024 13:41,DEP,FLL,AA,38K,N937AN,D,1364,B,B6,4725
9/11/2024 15:04,9/11/2024 15:10,DEP,TYS,AA,38K,N853NN,D,2544,A,A22,4726
9/11/2024 17:13,9/11/2024 16:56,ARR,AEX,AA,OO7,N614QX,D,4812,E,E28A,4727
9/11/2024 13:38,9/11/2024 13:27,DEP,JFK,AA,38K,N889NN,D,1019,A,A8,4728
9/11/2024 17:10,9/11/2024 17:23,ARR,PHL,AA,A21,N192UW,D,771,A,A16,4729
9/11/2024 17:05,9/11/2024 17:15,ARR,SDF,AA,E7M,N277NN,D,3948,B,B25,4730
9/11/2024 13:24,9/11/2024 13:29,DEP,YYC,AA,38R,N342PM,I,2517,B,B7,4731
9/11/2024 17:11,9/11/2024 17:11,ARR,YVR,AA,A21,N981UY,I,1099,B,B12,4732
9/11/2024 17:06,9/11/2024 16:39,ARR,HOU,AA,E7Q,N766JM,D,3802,B,B4,4733
9/11/2024 14:57,9/11/2024 15:00,DEP,MTY,AA,32S,N704US,I,2198,D,D1,4734
9/11/2024 17:25,9/11/2024 17:37,ARR,ATL,AA,38R,N306NY,D,2431,C,C15,4735
9/11/2024 15:58,9/11/2024 16:00,DEP,ROW,AA,OO7,N761ND,D,4922,E,E26,4736
9/11/2024 14:16,9/11/2024 14:20,DEP,SJC,AA,38K,N879NN,D,2046,D,D21,4737
9/11/2024 15:18,9/11/2024 15:25,DEP,TLH,AA,E7M,N211NN,D,3574,B,B30,4738
9/11/2024 13:57,9/11/2024 14:00,DEP,BOS,AA,32C,N149AN,D,1285,C,C24,4739
9/11/2024 17:48,9/11/2024 17:38,DEP,SPS,AA,OO7,N770SK,D,4913,E,E27B,4740
9/11/2024 15:13,9/11/2024 15:21,DEP,MSO,AA,38K,N887NN,D,851,B,B18,4741
9/11/2024 17:19,9/11/2024 17:29,DEP,HOU,AA,OO7,N730EV,D,4873,E,E23B,4742
9/11/2024 18:51,9/11/2024 18:50,ARR,BNA,AA,A05,N651AW,D,1118,C,C16,4743
9/11/2024 20:00,9/11/2024 20:16,ARR,MCO,AA,32C,N904AA,D,2409,B,B16,4744
9/11/2024 18:38,9/11/2024 18:45,DEP,GRI,AA,OO7,N748SK,D,4956,E,E23A,4745
9/11/2024 20:26,9/11/2024 20:48,ARR,SNA,AA,38R,N959NN,D,2114,A,A35,4746
9/11/2024 20:26,9/11/2024 20:43,ARR,DEN,AA,32C,N148AN,D,2579,B,B6,4747
9/11/2024 17:59,9/11/2024 17:38,DEP,SWO,AA,OO7,N614QX,D,4953,E,E28A,4748
9/11/2024 19:56,9/11/2024 20:00,DEP,COS,AA,38K,N811NN,D,1170,C,C29,4749
9/11/2024 21:32,9/11/2024 22:03,ARR,MEX,AA,38K,N944AN,I,393,D,D22,4750
9/11/2024 19:31,9/11/2024 19:39,DEP,HSV,AA,OO7,N774SK,D,5001,E,E30,4751
9/11/2024 19:49,9/11/2024 19:58,DEP,BRO,AA,OO7,N746SK,D,4924,E,E23B,4752
9/11/2024 19:28,9/11/2024 19:33,DEP,ATL,AA,A21,N923US,D,1051,A,A34,4753
9/11/2024 17:57,9/11/2024 17:54,DEP,GDL,AA,38K,N861NN,I,387,C,C8,4754
9/11/2024 20:27,9/11/2024 20:45,ARR,ASE,AA,OO7,N707SK,D,4843,E,E24A,4755
9/11/2024 19:14,9/11/2024 19:18,DEP,MFE,AA,319,N9002U,D,1792,A,A28,4756
9/11/2024 20:47,9/11/2024 20:47,ARR,DCA,AA,38K,N808NN,D,1177,C,C6,4757
9/11/2024 20:58,9/11/2024 20:44,ARR,PHX,AA,32C,N130AN,D,633,C,C36,4758
9/11/2024 20:50,9/11/2024 20:55,ARR,ONT,AA,32C,N159AN,D,1513,B,B9,4759
9/11/2024 18:53,9/11/2024 18:59,DEP,DAY,AA,CP9,N604NN,D,5384,E,E37B,4760
9/11/2024 21:02,9/11/2024 20:43,ARR,GJT,AA,OO7,N718SK,D,4871,E,E23B,4761
9/11/2024 21:16,9/11/2024 21:34,ARR,MLM,AA,19W,N721UW,I,2136,D,D31,4762
9/11/2024 21:55,9/11/2024 22:16,ARR,ECP,AA,E7M,N246NN,D,3625,B,B19,4763
9/11/2024 22:30,9/11/2024 22:49,ARR,SBP,AA,A19,N770UW,D,2087,A,A21,4764
9/11/2024 19:48,9/11/2024 19:53,DEP,CHA,AA,E7M,N222NS,D,3913,B,B38,4765
9/11/2024 21:50,9/11/2024 22:08,ARR,SJD,AA,A21,N199UW,I,2667,D,D38,4766
9/11/2024 21:56,9/11/2024 22:11,ARR,DSM,AA,32S,N93003,D,1664,D,D37,4767
9/11/2024 22:14,9/11/2024 22:30,ARR,SGU,AA,OO7,N726SK,D,6387,E,E28A,4768
9/11/2024 22:18,9/11/2024 22:32,ARR,SNA,AA,38R,N309PC,D,2264,C,C10,4769
9/11/2024 22:22,9/11/2024 22:48,ARR,MIA,AA,A21,N165US,D,1649,C,C21,4770
9/11/2024 22:28,9/11/2024 22:39,ARR,HSV,AA,OO7,N750SK,D,4824,E,E22A,4771
9/11/2024 22:25,9/11/2024 22:13,ARR,COS,AA,OO7,N611SK,D,4923,E,E27A,4772
9/11/2024 22:34,9/11/2024 22:33,ARR,ABQ,AA,E7M,N277NN,D,3777,B,B30,4773
9/11/2024 22:30,9/11/2024 22:50,ARR,BUR,AA,38R,N945NN,D,1208,C,C8,4774
9/11/2024 22:33,9/11/2024 22:44,ARR,SAN,AA,32E,N422AN,D,772,A,A20,4775
9/11/2024 22:41,9/11/2024 22:47,ARR,MRY,AA,A19,N828AW,D,2879,C,C17,4776
9/11/2024 20:46,9/11/2024 20:22,DEP,EVV,AA,OO7,N724SK,D,4928,E,E28A,4777
9/11/2024 22:35,9/11/2024 22:35,ARR,SAF,AA,CS7,N752SK,D,6216,E,E23B,4778
9/11/2024 22:44,9/11/2024 22:50,ARR,BZN,AA,38R,N983NN,D,952,B,B12,4779
9/11/2024 22:31,9/11/2024 22:35,ARR,IDA,AA,OO7,N614SK,D,4831,E,E24B,4780
9/11/2024 22:36,9/11/2024 22:42,ARR,MSP,AA,38R,N314PD,D,362,A,A25,4781
9/11/2024 21:04,9/11/2024 20:39,DEP,ROW,AA,OO7,N718EV,D,4890,E,E27B,4782
9/11/2024 22:31,9/11/2024 22:45,ARR,ONT,AA,38K,N831NN,D,948,D,D34,4783
9/11/2024 19:35,9/11/2024 19:38,DEP,EWR,AA,38K,N920NN,D,2222,A,A35,4784
9/11/2024 22:48,9/11/2024 22:49,ARR,BOI,AA,32C,N136AN,D,2944,C,C35,4785
9/11/2024 22:49,9/11/2024 23:10,ARR,GNV,AA,CP9,N553NN,D,5377,E,E34A,4786
9/12/2024 0:52,9/12/2024 0:44,ARR,AMA,AA,E7M,N211NN,D,3789,B,B27,4787
9/12/2024 0:42,9/12/2024 0:16,ARR,ROW,AA,OO7,N718EV,D,4890,E,E28A,4788
9/12/2024 0:58,9/12/2024 0:54,ARR,CRP,AA,E7M,N237NN,D,4166,B,B30,4789
9/12/2024 0:59,9/12/2024 0:39,ARR,SMF,AA,A21,N188US,D,2078,A,A33,4790
9/12/2024 0:44,9/12/2024 0:55,ARR,FSD,AA,E7M,N313BS,D,3820,B,B25,4791
9/12/2024 0:40,9/12/2024 0:38,ARR,DRO,AA,OO7,N773SK,D,4929,E,E27B,4792
9/12/2024 0:32,9/12/2024 0:50,ARR,MLU,AA,OO7,N614QX,D,4823,E,E30,4793
9/11/2024 22:51,9/11/2024 22:57,ARR,SFO,AA,32E,N445AA,D,1414,C,C20,4794
9/11/2024 23:07,9/11/2024 22:50,ARR,SEA,AA,32E,N401AN,D,2105,A,A16,4795
9/12/2024 0:16,9/11/2024 23:45,ARR,SEA,AS,7M9,N917AK,D,576,E,E11,4796
9/12/2024 0:03,9/12/2024 0:15,ARR,TQO,AA,38K,N857NN,I,163,D,D18,4797
9/12/2024 0:42,9/12/2024 0:43,ARR,EWR,AA,32C,N160AN,D,813,C,C17,4798
9/12/2024 0:17,9/12/2024 0:17,ARR,BHM,AA,OO7,N732SK,D,4916,E,E22A,4799
9/12/2024 0:22,9/12/2024 0:13,ARR,SFO,AA,32C,N906AA,D,2387,B,B6,4800
9/11/2024 21:53,9/11/2024 21:55,DEP,CHS,AA,E7M,N267NN,D,3384,B,B40,4801
9/11/2024 21:29,9/11/2024 21:26,DEP,MIA,AA,38R,N951NN,D,1261,A,A37,4802
9/11/2024 21:31,9/11/2024 20:55,ARR,FSD,AA,32S,N806AW,D,2872,D,D4,4803
9/11/2024 22:19,9/11/2024 22:35,ARR,SBA,AA,319,N4032T,D,2083,A,A9,4804
9/11/2024 23:48,9/11/2024 23:50,DEP,MFE,AA,38K,N831NN,D,3110,D,D34,4805
9/11/2024 22:57,9/11/2024 23:03,ARR,MCO,AA,32C,N930AU,D,1737,C,C29,4806
9/11/2024 23:29,9/11/2024 23:33,DEP,IND,AA,38K,N932NN,D,2620,C,C36,4807
9/12/2024 0:02,9/12/2024 0:11,DEP,GCK,AA,CS7,N752SK,D,6301,E,E23B,4808
9/12/2024 0:01,9/12/2024 0:05,DEP,ROW,AA,OO7,N717EV,D,6333,E,E27B,4809
9/11/2024 23:52,9/11/2024 23:54,DEP,MLI,AA,E7M,N239NN,D,4034,B,B33,4810
9/11/2024 23:46,9/11/2024 23:50,DEP,BMI,AA,E7M,N258NN,D,3702,B,B4,4811
9/12/2024 0:05,9/12/2024 0:20,ARR,SJO,AA,38K,N829NN,I,1080,D,D31,4812
9/11/2024 23:40,9/11/2024 23:44,DEP,CLT,AA,32E,N422AN,D,522,A,A20,4813
9/12/2024 0:19,9/12/2024 0:24,DEP,SAF,AA,OO7,N760SK,D,6352,E,E24A,4814
9/12/2024 0:04,9/12/2024 0:05,DEP,TRI,AA,E7M,N292NN,D,3350,B,B47,4815
9/11/2024 23:39,9/11/2024 23:45,DEP,MEX,AA,38K,N944AN,I,2417,D,D22,4816
9/11/2024 23:54,9/11/2024 23:54,ARR,ATL,DL,321,N121DZ,D,31,E,E14,4817
9/12/2024 0:19,9/12/2024 0:20,DEP,CVG,AA,38R,N945NN,D,985,C,C8,4818
9/12/2024 0:14,9/12/2024 0:00,DEP,SBN,AA,OO7,N726SK,D,6305,E,E28A,4819
9/11/2024 23:47,9/11/2024 23:45,DEP,MYR,AA,E7R,N782SM,D,4037,B,B39,4820
9/11/2024 14:29,9/11/2024 14:29,DEP,ATL,DL,32S,N111DC,D,839,E,E15,4821
9/11/2024 23:42,9/11/2024 23:44,DEP,BDL,AA,32C,N157AA,D,1425,A,A33,4822
9/12/2024 0:46,9/12/2024 0:50,DEP,FAR,AA,E7M,N262NN,D,3450,B,B35,4823
9/11/2024 15:10,9/11/2024 15:10,ARR,DTW,DL,32S,N359NW,D,2746,E,E12,4824
9/11/2024 22:32,9/11/2024 22:32,ARR,DTW,DL,32S,N320US,D,1543,E,E13,4825
9/12/2024 2:36,9/12/2024 2:36,ARR,LGA,DL,220,N127DU,D,860,E,E15,4826
9/12/2024 2:13,9/12/2024 2:13,ARR,SLC,DL,220,N324DU,D,2796,E,E13,4827
9/12/2024 0:37,9/12/2024 0:45,DEP,LAS,AA,32C,N134AN,D,1459,A,A22,4828
9/12/2024 0:24,9/12/2024 0:29,DEP,BOI,AA,32C,N930AU,D,329,C,C29,4829
9/12/2024 0:28,9/12/2024 0:30,DEP,PHL,AA,32E,N420AN,D,1836,B,B9,4830
9/11/2024 23:46,9/11/2024 23:51,DEP,SFO,AA,A21,N199UW,D,1430,D,D38,4831
9/12/2024 0:14,9/12/2024 0:18,DEP,BUR,AA,38R,N983NN,D,2597,B,B12,4832
9/11/2024 14:53,9/11/2024 15:00,DEP,PVG,AA,788,N802AN,I,127,D,D27,4833
9/13/2024 14:20,9/13/2024 14:20,ARR,YYZ,AA,38K,N865NN,I,1169,D,D21,4834
9/12/2024 9:32,9/12/2024 9:32,ARR,SEA,AS,737,N287AK,D,542,E,E11,4835
9/13/2024 18:17,9/13/2024 18:17,ARR,SFO,AA,A21,N177US,D,2904,A,A21,4836
9/13/2024 1:00,9/13/2024 1:00,ARR,TUL,AA,38R,N306NY,D,2360,A,A37,4837
9/13/2024 18:42,9/13/2024 18:42,ARR,TUS,AA,32C,N166NN,D,2720,B,B6,4838
9/13/2024 19:40,9/13/2024 19:40,DEP,SAN,AA,32C,N166NN,D,2747,B,B6,4839
9/12/2024 22:27,9/12/2024 22:32,ARR,SNA,AA,38R,N993NN,D,2264,C,C14,4840
9/13/2024 3:39,9/13/2024 3:39,DEP,SLC,AA,32C,N121AN,D,344,D,D4,4841
9/13/2024 20:10,9/13/2024 20:10,ARR,MEX,AA,38K,N925AN,I,389,D,D22,4842
9/11/2024 12:09,9/11/2024 12:20,ARR,AMA,AA,E7M,N273NN,D,3842,B,B39,4843
9/11/2024 17:14,9/11/2024 17:20,ARR,BOS,B6,BCS3,N3195J,D,215,E,E7,4844
9/11/2024 10:38,9/11/2024 10:45,DEP,FLL,NK,A20N,N969NK,D,971,E,E31,4845
9/11/2024 12:43,9/11/2024 11:45,DEP,TUL,AA,E7M,N310JZ,D,9869,B,B40,4846
9/11/2024 14:15,9/11/2024 14:23,ARR,XNA,AA,19W,N721UW,D,1531,C,C31,4847
9/11/2024 11:00,9/11/2024 11:00,DEP,SEA,AS,7M9,N921AK,D,365,E,E11,4848
9/11/2024 14:00,9/11/2024 14:06,ARR,ICT,AA,A19,N770UW,D,1696,A,A21,4849
9/11/2024 14:11,9/11/2024 14:32,ARR,PHX,AA,38R,N983NN,D,698,D,D31,4850
9/11/2024 14:09,9/11/2024 14:20,ARR,FSD,AA,A19,N805AW,D,2880,A,A8,4851
9/11/2024 13:07,9/11/2024 13:12,DEP,HOU,AA,E7Q,N766JM,D,3802,B,B27,4852
9/11/2024 14:19,9/11/2024 14:20,ARR,SAT,AA,32C,N166NN,D,2070,C,C24,4853
9/11/2024 13:22,9/11/2024 13:29,DEP,TUL,AA,E7M,N282NN,D,3336,B,B21,4854
9/11/2024 14:19,9/11/2024 14:07,ARR,PNS,AA,38K,N831NN,D,2680,D,D25,4855
9/11/2024 14:25,9/11/2024 14:19,ARR,MIA,AA,32E,N463AA,D,3009,B,B17,4856
9/11/2024 14:16,9/11/2024 14:00,ARR,GLH,LF,E135,N809AE,D,3501,D,D5,4857
9/11/2024 13:07,9/11/2024 13:08,DEP,HRL,AA,E7M,N273NN,D,3473,B,B39,4858
9/11/2024 11:57,9/11/2024 12:00,DEP,MIA,AA,32C,N155NN,D,1702,B,B14,4859
9/11/2024 12:06,9/11/2024 12:11,DEP,PIT,AA,38K,N982AN,D,1583,C,C37,4860
9/11/2024 14:38,9/11/2024 14:50,ARR,DXB,EK,B77W,A6EQM,I,221,D,D15,4861
9/11/2024 12:04,9/11/2024 12:10,DEP,PHX,AA,32C,N135NN,D,277,C,C17,4862
9/11/2024 14:29,9/11/2024 14:04,ARR,JAN,AA,E7M,N222NS,D,3994,B,B34,4863
9/11/2024 12:01,9/11/2024 12:03,DEP,FLL,AA,38K,N824NN,D,1340,C,C24,4864
9/11/2024 14:49,9/11/2024 15:15,ARR,GDL,AA,38K,N876NN,I,1034,D,D21,4865
9/11/2024 12:59,9/11/2024 13:09,DEP,ATL,AA,38K,N930AN,D,982,A,A28,4866
9/11/2024 12:06,9/11/2024 12:00,DEP,LAX,AA,A21,N970UY,D,1660,B,B16,4867
9/11/2024 12:30,9/11/2024 12:30,DEP,IAD,UA,319,N899UA,D,2639,E,E4,4868
9/11/2024 13:30,9/11/2024 13:36,DEP,COS,AA,38K,N874NN,D,1552,C,C37,4869
9/11/2024 13:10,9/11/2024 12:15,DEP,MSY,AA,32S,N668AW,D,2157,D,D2,4870
9/11/2024 15:22,9/11/2024 15:28,ARR,FLG,AA,OO7,N727SK,D,4977,E,E24A,4871
9/11/2024 12:30,9/11/2024 12:39,DEP,MIA,NK,A20N,N972NK,D,1860,E,E33,4872
9/11/2024 15:31,9/11/2024 15:51,ARR,LAS,AA,A21,N188US,D,654,B,B12,4873
9/11/2024 15:36,9/11/2024 15:51,ARR,EWR,AA,38R,N976NN,D,1603,A,A21,4874
9/11/2024 13:29,9/11/2024 13:29,DEP,QRO,AA,38K,N881NN,I,2302,B,B14,4875
9/11/2024 13:27,9/11/2024 13:30,DEP,MKE,AA,38K,N968AN,D,2581,B,B9,4876
9/11/2024 13:11,9/11/2024 13:18,DEP,DCA,AA,38K,N808NN,D,1177,C,C14,4877
9/11/2024 12:17,9/11/2024 12:20,DEP,SAN,AA,32E,N433AN,D,2991,C,C8,4878
9/11/2024 13:21,9/11/2024 13:17,DEP,BWI,AA,38K,N855NN,D,2314,C,C38,4879
9/11/2024 16:00,9/11/2024 16:08,ARR,ABQ,AA,38K,N857NN,D,709,C,C17,4880
9/11/2024 14:58,9/11/2024 15:02,DEP,IAH,AA,38R,N998NN,D,1424,A,A23,4881
9/11/2024 16:24,9/11/2024 16:39,ARR,OKC,AA,32C,N900UW,D,1902,D,D31,4882
9/11/2024 16:43,9/11/2024 16:42,ARR,XNA,AA,19W,N733UW,D,3121,A,A35,4883
9/11/2024 15:14,9/11/2024 15:19,DEP,XNA,AA,E7M,N216NN,D,3584,B,B4,4884
9/11/2024 16:26,9/11/2024 16:23,ARR,ELP,AA,E7M,N241NN,D,3857,B,B27,4885
9/11/2024 16:03,9/11/2024 16:12,ARR,PHL,AA,32C,N992AU,D,969,A,A18,4886
9/11/2024 13:59,9/11/2024 14:10,DEP,CLT,AA,A21,N563UW,D,2896,B,B17,4887
9/11/2024 16:16,9/11/2024 16:22,ARR,LGA,AA,38K,N980AN,D,1626,A,A33,4888
9/11/2024 16:08,9/11/2024 16:11,ARR,BOI,AA,32C,N908AA,D,423,D,D2,4889
9/11/2024 13:20,9/11/2024 13:23,DEP,LAX,AA,32E,N413AN,D,1994,A,A16,4890
9/11/2024 16:25,9/11/2024 16:30,ARR,SEA,AA,321,N173US,D,2748,D,D3,4891
9/11/2024 15:19,9/11/2024 15:20,DEP,ICT,AA,E7M,N264NN,D,3550,B,B48,4892
9/11/2024 16:45,9/11/2024 17:03,ARR,EWR,UA,737,N62849,D,293,E,E6,4893
9/11/2024 13:16,9/11/2024 13:20,DEP,LAS,AA,32Q,N437AN,D,1853,D,D37,4894
9/11/2024 16:48,9/11/2024 17:13,ARR,BUR,AA,38K,N880NN,D,2599,C,C31,4895
9/11/2024 16:38,9/11/2024 16:53,ARR,SEA,AS,737,N275AK,D,908,E,E11,4896
9/11/2024 15:04,9/11/2024 15:10,DEP,ASE,AA,OO7,N730SK,D,6372,E,E23A,4897
9/11/2024 17:28,9/11/2024 17:25,ARR,MTY,AA,E7M,N205NN,I,3515,B,B2,4898
9/11/2024 16:51,9/11/2024 16:39,ARR,PHX,AA,32C,N142AN,D,424,D,D38,4899
9/11/2024 14:56,9/11/2024 15:00,DEP,DGO,AA,E7M,N237NN,I,3765,B,B36,4900
9/11/2024 15:21,9/11/2024 15:09,DEP,MCI,AA,38K,N910NN,D,2064,A,A10,4901
9/11/2024 13:27,9/11/2024 13:35,DEP,RNO,AA,38R,N338PK,D,2722,D,D20,4902
9/11/2024 15:28,9/11/2024 15:15,DEP,SAT,AA,737,N935AN,D,1957,D,D2,4903
9/11/2024 17:05,9/11/2024 17:14,ARR,LAX,AA,A21,N914UY,D,343,C,C19,4904
9/11/2024 12:05,9/11/2024 12:05,DEP,EWR,UA,737,N47282,D,1349,E,E6,4905
9/11/2024 17:59,9/11/2024 18:05,ARR,IST,TK,789,TCLLH,I,291,D,D14,4906
9/11/2024 15:25,9/11/2024 15:10,DEP,OAX,AA,320,N104UW,I,2187,A,A9,4907
9/11/2024 15:28,9/11/2024 15:35,DEP,ELP,AA,E7M,N285NN,D,3856,B,B19,4908
9/11/2024 14:22,9/11/2024 14:27,DEP,LGA,AA,38R,N967NN,D,2564,C,C16,4909
9/11/2024 17:25,9/11/2024 17:35,ARR,JAN,AA,E7M,N312BT,D,3911,B,B37,4910
9/11/2024 17:21,9/11/2024 17:21,ARR,LGA,AA,38K,N807NN,D,2030,A,A25,4911
9/11/2024 17:19,9/11/2024 17:37,ARR,ELP,AA,38R,N346PR,D,1365,C,C39,4912
9/11/2024 15:11,9/11/2024 15:01,DEP,ORD,AA,38K,N875NN,D,1805,D,D20,4913
9/11/2024 17:36,9/11/2024 17:00,DEP,YYZ,AC,BCS3,CGMZN,I,1032,D,D14,4914
9/11/2024 15:20,9/11/2024 15:20,DEP,LEX,AA,319,N9006,D,558,C,C29,4915
9/11/2024 15:11,9/11/2024 15:17,DEP,TUS,AA,38K,N906AN,D,2721,A,A35,4916
9/11/2024 14:53,9/11/2024 14:55,DEP,PHX,NK,A321,N674NK,D,972,E,E31,4917
9/11/2024 17:55,9/11/2024 18:02,ARR,PDX,AA,A21,N538UW,D,2577,B,B11,4918
9/11/2024 17:57,9/11/2024 18:13,ARR,LAX,AA,32C,N147AA,D,2746,A,A38,4919
9/11/2024 17:47,9/11/2024 18:04,ARR,PHX,AA,38K,N961AN,D,1276,B,B14,4920
9/11/2024 17:58,9/11/2024 18:19,ARR,MSP,AA,38K,N868NN,D,2593,C,C17,4921
9/11/2024 15:55,9/11/2024 16:00,DEP,CID,AA,A19,N823AW,D,1905,B,B7,4922
9/11/2024 18:20,9/11/2024 18:29,ARR,STL,AA,38K,N837NN,D,2289,C,C11,4923
9/11/2024 15:43,9/11/2024 15:44,DEP,MLM,AA,19W,N721UW,I,2136,C,C31,4924
9/11/2024 15:24,9/11/2024 15:25,DEP,DTW,AA,38K,N932NN,D,1323,B,B5,4925
9/11/2024 15:19,9/11/2024 15:25,DEP,PHX,AA,38K,N916NN,D,1976,D,D40,4926
9/11/2024 18:02,9/11/2024 18:19,ARR,FAT,AA,38K,N899NN,D,841,B,B5,4927
9/11/2024 17:49,9/11/2024 18:03,ARR,SEA,AA,32E,N459AN,D,1667,D,D34,4928
9/11/2024 21:09,9/11/2024 21:00,ARR,DOH,QR,351,A7ANO,I,729,D,D11,4929
9/11/2024 21:03,9/11/2024 21:05,ARR,SYD,QF,B789,VHZNN,I,7,D,D8,4930
9/11/2024 20:46,9/11/2024 20:55,ARR,RAP,AA,E7M,N206NN,D,4106,B,B46,4931
9/11/2024 22:35,9/11/2024 22:10,ARR,LHR,BA,388,GXLEG,I,193,D,D16,4932
9/11/2024 21:32,9/11/2024 21:35,DEP,IAH,AA,A05,N667AW,D,1416,C,C21,4933
9/11/2024 23:15,9/11/2024 23:06,ARR,SGF,AA,E7M,N264NN,D,3556,B,B40,4934
9/11/2024 23:51,9/11/2024 23:55,DEP,DOH,QR,A35K,A7ANO,I,730,D,D11,4935
9/11/2024 21:50,9/11/2024 21:50,DEP,ATL,AA,38K,N853NN,D,2749,A,A21,4936
9/13/2024 17:23,9/13/2024 17:23,DEP,AVL,AA,A05,N655AW,D,569,A,A10,4937
9/13/2024 20:45,9/13/2024 20:45,ARR,TYS,AA,38K,N821NN,D,2544,C,C14,4938
9/13/2024 18:02,9/13/2024 18:02,DEP,VPS,AA,38K,N867NN,D,2501,A,A33,4939
9/13/2024 16:10,9/13/2024 16:10,ARR,RNO,AA,38K,N970AN,D,1361,D,D40,4940
9/13/2024 23:27,9/13/2024 23:27,DEP,IAH,AA,319,N4032T,D,1392,B,B17,4941
9/13/2024 17:00,9/13/2024 17:00,DEP,AUS,AA,38K,N909NN,D,1186,A,A22,4942
9/12/2024 0:54,9/12/2024 1:05,ARR,MAD,IB,A333,ECLZX,I,6149,D,D11,4943
9/13/2024 21:38,9/13/2024 21:38,ARR,SAN,AA,32C,N145AN,D,2034,A,A16,4944
9/13/2024 15:10,9/13/2024 15:10,DEP,BUR,AA,38R,N997NN,D,1208,C,C14,4945
9/13/2024 22:50,9/13/2024 22:50,ARR,BUR,AA,38R,N997NN,D,1208,C,C19,4946
9/13/2024 18:38,9/13/2024 18:38,ARR,COS,AA,38K,N858NN,D,1552,C,C8,4947
9/13/2024 17:50,9/13/2024 17:50,DEP,FLL,AA,38K,N852NN,D,1373,D,D23,4948
9/13/2024 14:37,9/13/2024 14:37,DEP,SEA,AA,32C,N990AU,D,2100,A,A38,4949
9/11/2024 22:10,9/11/2024 22:15,DEP,DEN,AA,32C,N148AN,D,1322,B,B6,4950
9/11/2024 21:49,9/11/2024 21:45,DEP,DCA,AA,320,N109UW,D,472,A,A18,4951
9/12/2024 0:57,9/12/2024 1:00,ARR,SNA,AA,737,N994NN,D,2861,D,D2,4952
9/11/2024 23:10,9/11/2024 23:06,DEP,PHX,AA,321,N540UW,D,2887,C,C15,4953
9/12/2024 1:40,9/12/2024 0:48,ARR,FLL,AA,38K,N973AN,D,1373,C,C14,4954
9/11/2024 21:41,9/11/2024 21:45,DEP,PDX,AA,A21,N925UY,D,2433,C,C10,4955
9/12/2024 2:09,9/12/2024 1:39,ARR,LHR,AA,77W,N733AR,I,81,D,D23,4956
9/12/2024 0:25,9/12/2024 0:24,DEP,MTY,AA,E7M,N268NN,I,3661,B,B31,4957
9/12/2024 0:24,9/12/2024 0:26,DEP,MCI,AA,38K,N980AN,D,2738,C,C7,4958
9/12/2024 0:11,9/12/2024 0:09,DEP,ABQ,AA,E7M,N284JN,D,3364,B,B36,4959
9/11/2024 23:27,9/11/2024 23:34,DEP,GSP,AA,38K,N889NN,D,2402,C,C37,4960
9/14/2024 0:13,9/14/2024 0:13,DEP,CHS,AA,737,N306PB,D,1422,D,D37,4961
9/12/2024 23:42,9/12/2024 23:42,DEP,SAV,AA,32C,N157AA,D,330,D,D22,4962
9/12/2024 2:14,9/12/2024 2:20,ARR,CLT,AA,32C,N126AN,D,1384,A,A20,4963
9/12/2024 0:06,9/12/2024 0:12,DEP,MKE,AA,319,N4032T,D,1521,A,A9,4964
9/12/2024 0:53,9/12/2024 1:00,DEP,IAH,NK,A321,N674NK,D,347,E,E33,4965
9/12/2024 0:54,9/12/2024 1:25,ARR,DTW,NK,A320,N655NK,D,1020,E,E18,4966
9/13/2024 18:22,9/13/2024 18:22,ARR,MCI,AA,38R,N998NN,D,2296,B,B5,4967
9/12/2024 0:54,9/12/2024 0:52,DEP,SAT,AA,320,N117UW,D,1947,C,C19,4968
9/13/2024 17:26,9/13/2024 17:26,DEP,RNO,AA,38K,N844NN,D,1923,C,C22,4969
9/12/2024 0:15,9/12/2024 0:10,DEP,MIA,AA,32C,N139AN,D,2206,A,A11,4970
9/11/2024 23:55,9/11/2024 23:52,DEP,ONT,AA,32C,N125AA,D,810,B,B11,4971
9/11/2024 23:55,9/11/2024 23:58,DEP,SAN,AA,A21,N165US,D,1634,C,C21,4972
9/12/2024 1:36,9/12/2024 1:40,ARR,TPA,NK,A20N,N905NK,D,3714,E,E32,4973
9/11/2024 14:43,9/11/2024 14:43,ARR,MSP,DL,32S,N321NB,D,2972,E,E14,4974
9/11/2024 23:52,9/11/2024 23:55,DEP,BOS,AA,32C,N136AN,D,1366,C,C35,4975
9/12/2024 1:53,9/12/2024 1:54,DEP,ELP,AA,38K,N826NN,D,1525,B,B9,4976
9/12/2024 0:39,9/12/2024 0:45,DEP,PSP,AA,32C,N907AA,D,2709,A,A19,4977
9/12/2024 0:31,9/12/2024 0:13,DEP,ORF,AA,38K,N803NN,D,772,C,C30,4978
9/12/2024 2:40,9/12/2024 2:18,DEP,TYR,AA,E7Q,N762DT,D,3659,E,E38A,4979
9/12/2024 1:55,9/12/2024 1:53,DEP,MFE,AA,319,N9023N,D,2657,B,B5,4980
9/12/2024 3:24,9/12/2024 3:24,DEP,ONT,F9,UNK,N346FR,D,1405,E,E10,4981
9/14/2024 0:33,9/14/2024 0:33,ARR,MCO,AA,32C,N154AA,D,1772,C,C39,4982
9/13/2024 20:51,9/13/2024 20:51,ARR,LGA,AA,38M,N306SP,D,2847,A,A35,4983
9/13/2024 23:01,9/13/2024 23:01,ARR,GEG,AA,A05,N667AW,D,1381,C,C38,4984
9/13/2024 17:30,9/13/2024 17:30,DEP,MEX,AA,38K,N970AN,I,2815,D,D40,4985
9/13/2024 15:10,9/13/2024 15:10,DEP,TYS,AA,38K,N821NN,D,2544,C,C19,4986
9/13/2024 15:39,9/13/2024 15:39,DEP,RIC,AA,38K,N955AN,D,1915,C,C7,4987
9/14/2024 0:49,9/14/2024 0:49,ARR,IND,AA,38R,N998NN,D,1505,A,A17,4988
9/13/2024 19:00,9/13/2024 19:00,ARR,MSN,AA,19W,N721UW,D,2139,A,A37,4989
9/13/2024 17:54,9/13/2024 17:54,DEP,SNA,AA,38R,N352PS,D,2861,C,C10,4990
9/14/2024 0:45,9/14/2024 0:45,DEP,PSP,AA,32C,N164NN,D,2709,C,C37,4991
9/13/2024 17:21,9/13/2024 17:21,DEP,BUF,AA,38K,N861NN,D,1724,C,C24,4992
9/13/2024 16:48,9/13/2024 16:48,ARR,LAS,AA,32C,N154AA,D,893,C,C30,4993
9/14/2024 1:53,9/14/2024 1:53,DEP,DCA,AA,319,N4005X,D,562,D,D29,4994
9/13/2024 16:30,9/13/2024 16:30,DEP,SLC,AA,A21,N582UW,D,2439,D,D23,4995
9/13/2024 16:00,9/13/2024 16:00,DEP,IND,AA,32C,N907AA,D,2456,A,A33,4996
9/13/2024 17:28,9/13/2024 17:28,DEP,OKC,AA,38K,N870NN,D,868,C,C37,4997
9/13/2024 17:19,9/13/2024 17:19,DEP,TUS,AA,32C,N142AN,D,2926,A,A39,4998
9/13/2024 20:55,9/13/2024 20:55,ARR,OKC,AA,38K,N870NN,D,868,C,C36,4999
9/14/2024 0:39,9/14/2024 0:39,ARR,ELP,AA,38R,N939NN,D,1681,A,A35,5000
9/14/2024 0:40,9/14/2024 0:40,DEP,TUS,AA,A21,N572UW,D,1207,A,A33,5001
9/13/2024 20:38,9/13/2024 20:38,ARR,BNA,AA,A21,N154UW,D,1396,C,C10,5002
9/13/2024 16:54,9/13/2024 16:54,ARR,SNA,AA,38R,N352PS,D,1382,C,C10,5003
9/13/2024 19:25,9/13/2024 19:25,DEP,CUN,AA,38K,N851NN,I,1507,A,A38,5004
9/13/2024 16:26,9/13/2024 16:26,ARR,AUS,AA,38K,N844NN,D,794,C,C22,5005
9/13/2024 2:48,9/13/2024 2:48,ARR,ATL,DL,321,N106DN,D,416,E,E15,5006
9/11/2024 12:45,9/11/2024 12:45,DEP,SFO,UA,319,N833UA,D,657,E,E8,5007
9/13/2024 23:59,9/13/2024 23:59,DEP,DCA,AA,A19,N822AW,D,2752,C,C24,5008
9/14/2024 2:00,9/14/2024 2:00,DEP,FAT,AA,737,N907NN,D,2288,D,D1,5009
9/11/2024 14:26,9/11/2024 14:47,ARR,ORD,UA,320,N454UA,D,729,E,E9,5010
9/11/2024 14:59,9/11/2024 15:14,ARR,EWR,UA,737,N33714,D,1686,E,E6,5011
9/11/2024 15:43,9/11/2024 15:53,ARR,DEN,UA,319,N853UA,D,1254,E,E5,5012
9/11/2024 13:22,9/11/2024 13:22,DEP,IAH,UA,CR9,N948LR,D,6297,E,E7,5013
9/11/2024 13:44,9/11/2024 13:54,ARR,IAH,UA,E7W,N85358,D,6087,E,E5,5014
9/11/2024 17:37,9/11/2024 17:47,ARR,DEN,UA,319,N821UA,D,1350,E,E8,5015
9/13/2024 18:20,9/13/2024 18:20,DEP,ORD,AA,A21,N561UW,D,2428,A,A29,5016
9/13/2024 14:20,9/13/2024 14:20,ARR,LGA,AA,38K,N944AN,D,349,A,A25,5017
9/13/2024 19:42,9/13/2024 19:42,ARR,MKE,AA,38K,N924NN,D,2581,C,C19,5018
9/13/2024 15:41,9/13/2024 15:41,DEP,PIT,AA,38K,N944AN,D,1988,A,A25,5019
9/13/2024 15:01,9/13/2024 15:01,DEP,ORD,AA,38R,N979NN,D,1805,A,A10,5020
9/12/2024 0:30,9/12/2024 0:30,DEP,IAH,UA,175,N85352,D,6042,E,E4,5021
9/13/2024 12:00,9/13/2024 12:00,DEP,JAX,AA,38K,N842NN,D,1061,D,D33,5022
9/13/2024 16:50,9/13/2024 16:50,ARR,SAT,AA,38K,N852NN,D,2077,D,D23,5023
9/13/2024 14:00,9/13/2024 14:00,DEP,BOS,AA,737,N853NN,D,1285,D,D3,5024
9/13/2024 23:31,9/13/2024 23:31,DEP,FLL,AA,38K,N826NN,D,1429,B,B16,5025
9/13/2024 20:41,9/13/2024 20:41,ARR,EWR,AA,38K,N891NN,D,1700,A,A38,5026
9/11/2024 19:40,9/11/2024 18:46,DEP,LAS,AA,32C,N152AA,D,2668,D,D17,5027
9/12/2024 9:50,9/12/2024 10:11,ARR,LAX,AA,32E,N424AN,D,3060,C,C8,5028
9/12/2024 9:45,9/12/2024 10:02,ARR,LAS,AA,32C,N145AN,D,2166,C,C35,5029
9/13/2024 22:50,9/13/2024 22:50,ARR,BZN,AA,38K,N975AN,D,952,B,B11,5030
9/13/2024 14:32,9/13/2024 14:32,ARR,PHX,AA,38K,N975AN,D,698,C,C15,5031
9/14/2024 0:15,9/14/2024 0:15,DEP,GDL,AA,38K,N975AN,I,2313,B,B11,5032
9/13/2024 23:45,9/13/2024 23:45,ARR,TPA,AA,A21,N572UW,D,2324,A,A33,5033
9/12/2024 10:27,9/12/2024 10:46,ARR,PDX,AA,32C,N900UW,D,1956,C,C39,5034
9/12/2024 23:10,9/12/2024 23:10,ARR,MHK,AA,E7M,N228NN,D,3396,B,B44,5035
9/12/2024 10:39,9/12/2024 10:59,ARR,LAX,AA,32E,N469AN,D,971,A,A19,5036
9/13/2024 2:08,9/13/2024 2:13,ARR,SLC,DL,220,N319DU,D,2796,E,E12,5037
9/12/2024 10:55,9/12/2024 11:04,ARR,OKC,AA,319,N9016,D,1166,C,C11,5038
9/14/2024 2:30,9/14/2024 2:30,DEP,AUS,AA,38R,N939NN,D,600,A,A35,5039
9/13/2024 11:15,9/13/2024 11:15,ARR,AUS,AA,38K,N858NN,D,2563,A,A23,5040
9/13/2024 19:56,9/13/2024 19:56,ARR,CUU,AA,E7R,N743MB,I,3376,B,B3,5041
9/12/2024 11:05,9/12/2024 11:18,ARR,SAT,AA,320,N117UW,D,2342,C,C14,5042
9/12/2024 11:01,9/12/2024 11:15,ARR,AUS,AA,38R,N951NN,D,2563,A,A36,5043
9/12/2024 11:11,9/12/2024 11:10,ARR,SJT,AA,OO7,N730EV,D,4883,E,E22A,5044
9/13/2024 22:39,9/13/2024 22:39,DEP,SLC,AA,321,N563UW,D,2375,D,D17,5045
9/13/2024 19:24,9/13/2024 19:24,ARR,MCI,AA,38K,N938AN,D,2064,D,D31,5046
9/14/2024 0:54,9/14/2024 0:54,ARR,ABQ,AA,38K,N938AN,D,9,A,A36,5047
9/13/2024 14:07,9/13/2024 14:07,ARR,PNS,AA,38K,N837NN,D,2680,A,A25,5048
9/13/2024 12:24,9/13/2024 12:24,ARR,FWA,AA,E7M,N234JW,D,3665,B,B3,5049
9/13/2024 22:43,9/13/2024 22:43,DEP,TUL,AA,38K,N908NN,D,2353,C,C17,5050
9/12/2024 11:39,9/12/2024 11:44,ARR,IND,AA,38R,N961NN,D,2782,C,C36,5051
9/12/2024 11:39,9/12/2024 11:51,ARR,TYS,AA,32C,N905AU,D,1049,C,C4,5052
9/13/2024 23:51,9/13/2024 23:51,DEP,DEN,AA,38R,N315PE,D,1217,B,B18,5053
9/13/2024 15:20,9/13/2024 15:20,DEP,SJD,AA,32C,N989AU,I,2667,A,A22,5054
9/12/2024 11:55,9/12/2024 12:15,ARR,CID,AA,19W,N724UW,D,2753,B,B17,5055
9/12/2024 11:49,9/12/2024 11:20,ARR,XNA,AA,19W,N704US,D,2062,C,C38,5056
9/12/2024 11:57,9/12/2024 12:18,ARR,HOU,AA,OO7,N746SK,D,4951,E,E23B,5057
9/13/2024 21:10,9/13/2024 21:10,ARR,ICN,AA,789,N840AN,I,280,D,D29,5058
9/12/2024 12:06,9/12/2024 12:07,ARR,DSM,AA,32C,N908AA,D,2326,C,C30,5059
9/12/2024 12:09,9/12/2024 12:19,ARR,SAV,AA,319,N8001N,D,2435,D,D22,5060
9/13/2024 20:17,9/13/2024 20:17,DEP,ELP,AA,38R,N939NN,D,1681,A,A35,5061
9/12/2024 12:23,9/12/2024 12:28,ARR,ORD,AA,38K,N987AN,D,760,C,C21,5062
9/12/2024 12:16,9/12/2024 12:24,ARR,FWA,AA,E7M,N235NN,D,3665,B,B32,5063
9/12/2024 12:20,9/12/2024 12:26,ARR,TLH,AA,CP9,N563NN,D,5325,E,E35B,5064
9/12/2024 12:18,9/12/2024 12:28,ARR,CHA,AA,E7M,N243NN,D,3512,B,B36,5065
9/12/2024 9:56,9/12/2024 10:00,DEP,MIA,AA,38R,N355PU,D,1042,A,A22,5066
9/12/2024 12:16,9/12/2024 12:19,ARR,TPA,AA,38K,N871NN,D,1189,A,A29,5067
9/12/2024 12:23,9/12/2024 12:17,ARR,CLT,AA,32E,N457AM,D,417,C,C10,5068
9/12/2024 12:43,9/12/2024 12:21,ARR,CMH,AA,38R,N342PM,D,2380,A,A10,5069
9/12/2024 12:33,9/12/2024 12:28,ARR,ICT,AA,E7M,N211NN,D,3575,B,B43,5070
9/13/2024 21:51,9/13/2024 21:51,ARR,VER,AA,E7M,N303DD,I,4014,B,B2,5071
9/13/2024 18:10,9/13/2024 18:10,DEP,AUS,AA,E7M,N208AN,D,4009,B,B24,5072
9/12/2024 13:08,9/12/2024 13:37,ARR,PHL,AA,32C,N989AU,D,2398,C,C36,5073
9/12/2024 12:55,9/12/2024 13:05,ARR,TRC,AA,E7R,N774JG,I,3776,B,B1A,5074
9/14/2024 0:54,9/14/2024 0:54,ARR,GSP,AA,38K,N920AN,D,2181,C,C6,5075
9/13/2024 19:22,9/13/2024 19:29,ARR,MSP,DL,32S,N334NB,D,2970,E,E15,5076
9/12/2024 14:01,9/12/2024 14:15,ARR,DCA,AA,A19,N757UW,D,454,A,A23,5077
9/12/2024 13:31,9/12/2024 13:51,ARR,SYR,AA,320,N126UW,D,533,A,A16,5078
9/13/2024 19:00,9/13/2024 19:00,ARR,CUN,AA,32C,N155NN,I,1601,D,D27,5079
9/14/2024 10:00,9/14/2024 10:00,ARR,ONT,AA,A21,N197UW,D,2609,A,A21,5080
9/14/2024 10:11,9/14/2024 10:11,ARR,LAX,AA,32E,N444UW,D,3060,D,D37,5081
9/13/2024 22:50,9/13/2024 22:50,ARR,YVR,AA,A21,N197UW,I,1415,A,A29,5082
9/12/2024 13:39,9/12/2024 13:46,ARR,MSP,AA,38K,N844NN,D,1395,C,C8,5083
9/12/2024 13:56,9/12/2024 13:55,ARR,BDL,AA,32C,N157AA,D,1077,A,A29,5084
9/12/2024 13:44,9/12/2024 14:03,ARR,DEN,AA,32C,N148AN,D,1067,B,B11,5085
9/13/2024 17:30,9/13/2024 17:30,DEP,IAD,AA,A21,N556UW,D,1390,A,A11,5086
9/13/2024 15:05,9/13/2024 15:05,DEP,SJO,AA,38K,N839NN,I,1053,B,B6,5087
9/12/2024 13:46,9/12/2024 13:50,ARR,ABQ,AA,38R,N969NN,D,2335,B,B14,5088
9/12/2024 13:51,9/12/2024 13:58,ARR,MCO,AA,A21,N972UY,D,2677,A,A33,5089
9/12/2024 13:50,9/12/2024 13:52,ARR,CHS,AA,38K,N809NN,D,1418,B,B5,5090
9/13/2024 0:30,9/13/2024 0:30,DEP,ECP,AA,E7M,N222NS,D,3628,B,B31,5091
9/13/2024 14:20,9/13/2024 14:20,ARR,ECP,AA,E7M,N222NS,D,3338,B,B37,5092
9/13/2024 19:29,9/13/2024 19:29,DEP,HRL,AA,E7M,N222NS,D,4052,B,B47,5093
9/13/2024 18:43,9/13/2024 18:43,ARR,AMA,AA,E7M,N222NS,D,3388,B,B47,5094
9/12/2024 14:03,9/12/2024 14:12,ARR,BOS,AA,A21,N176UW,D,2527,D,D18,5095
9/12/2024 14:01,9/12/2024 13:44,ARR,MLI,AA,E7M,N239NN,D,3879,B,B31,5096
9/12/2024 14:07,9/12/2024 14:02,ARR,CLE,AA,38K,N890NN,D,1229,D,D34,5097
9/12/2024 14:05,9/12/2024 13:41,ARR,MDW,F9,UNK,N331FR,D,1887,E,E21,5098
9/12/2024 13:04,9/12/2024 13:08,DEP,TUL,AA,E7M,N290NN,D,3336,B,B38,5099
9/12/2024 14:25,9/12/2024 14:20,ARR,FSD,AA,A19,N747UW,D,2880,A,A36,5100
9/13/2024 0:44,9/13/2024 0:44,ARR,YYZ,AA,38K,N917AN,I,1111,A,A17,5101
9/13/2024 21:21,9/13/2024 21:21,ARR,MCI,AA,E7M,N207AN,D,4066,B,B24,5102
9/13/2024 20:10,9/13/2024 20:10,ARR,DGO,AA,E7M,N212NN,I,3765,B,B2,5103
9/12/2024 14:13,9/12/2024 14:16,ARR,TRI,AA,E7M,N292NN,D,3349,B,B46,5104
9/12/2024 14:16,9/12/2024 14:20,ARR,LGA,AA,38K,N808NN,D,349,A,A10,5105
9/12/2024 14:22,9/12/2024 14:17,ARR,TPA,AA,38K,N874NN,D,1455,C,C31,5106
9/12/2024 11:04,9/12/2024 11:02,DEP,LGA,AA,38K,N846NN,D,570,C,C24,5107
9/13/2024 20:15,9/13/2024 20:15,DEP,BTR,AA,E7M,N206NN,D,3346,B,B31,5108
9/13/2024 23:50,9/13/2024 23:50,ARR,BTR,AA,E7M,N206NN,D,3346,B,B44,5109
9/13/2024 15:15,9/13/2024 15:15,DEP,SAT,AA,737,N964NN,D,1957,D,D1,5110
9/13/2024 13:36,9/13/2024 13:49,ARR,LGA,DL,220,N325DU,D,878,E,E13,5111
9/12/2024 11:35,9/12/2024 11:35,DEP,BWI,F9,UNK,N346FR,D,1476,D,D14,5112
9/12/2024 11:00,9/12/2024 11:00,DEP,LGA,DL,220,N102DU,D,461,E,E13,5113
9/12/2024 11:55,9/12/2024 12:00,DEP,JAX,AA,38K,N989AN,D,1061,C,C30,5114
9/13/2024 18:03,9/13/2024 18:03,ARR,SEA,AA,32E,N466AN,D,1667,A,A25,5115
9/12/2024 14:44,9/12/2024 14:20,ARR,CMI,AA,E7M,N209NN,D,4073,B,B39,5116
9/12/2024 14:40,9/12/2024 14:07,ARR,JAX,AA,38K,N867NN,D,375,D,D38,5117
9/13/2024 13:51,9/13/2024 13:51,ARR,SYR,AA,A19,N770UW,D,533,A,A8,5118
9/13/2024 16:30,9/13/2024 16:30,ARR,SEA,AA,A21,N165US,D,2748,A,A20,5119
9/13/2024 16:34,9/13/2024 16:34,ARR,CLL,AA,E7M,N318JE,D,3953,B,B29,5120
9/12/2024 14:01,9/12/2024 14:05,DEP,ACT,AA,OO7,N773SK,D,6193,E,E29A,5121
9/13/2024 16:00,9/13/2024 16:00,DEP,SAN,AA,32C,N992AU,D,1055,D,D33,5122
9/13/2024 13:50,9/13/2024 13:50,ARR,MEX,AA,737,N964NN,I,1066,D,D1,5123
9/13/2024 15:30,9/13/2024 15:30,DEP,STS,AA,32S,N762US,D,3109,D,D37,5124
9/12/2024 23:31,9/12/2024 23:31,DEP,FLL,AA,38K,N839NN,D,1429,C,C11,5125
9/12/2024 23:54,9/12/2024 23:54,ARR,ATL,DL,321,N113DX,D,31,E,E15,5126
9/12/2024 13:53,9/12/2024 14:03,DEP,GRK,AA,E7M,N284JN,D,3873,B,B30,5127
9/12/2024 14:54,9/12/2024 14:49,ARR,ORD,AA,A21,N182UW,D,2754,A,A38,5128
9/12/2024 14:46,9/12/2024 14:23,ARR,XNA,AA,A19,N748UW,D,1531,A,A16,5129
9/13/2024 14:14,9/13/2024 14:14,ARR,SDF,AA,319,N93003,D,1040,B,B12,5130
9/13/2024 16:14,9/13/2024 16:14,DEP,BHM,AA,E7M,N260NN,D,3888,B,B47,5131
9/13/2024 15:51,9/13/2024 15:51,ARR,ABI,AA,E7M,N260NN,D,4039,B,B33,5132
9/13/2024 15:16,9/13/2024 15:16,ARR,SGF,AA,E7M,N220NN,D,3624,B,B47,5133
9/13/2024 16:53,9/13/2024 16:53,DEP,GRR,AA,E7M,N260NN,D,3443,B,B33,5134
9/12/2024 21:35,9/12/2024 21:35,DEP,HOU,AA,E7M,N260NN,D,3470,B,B47,5135
9/12/2024 14:53,9/12/2024 15:14,ARR,MCO,F9,UNK,N330FR,D,1481,E,E20,5136
9/13/2024 23:34,9/13/2024 23:34,DEP,GSP,AA,38K,N803NN,D,2402,D,D25,5137
9/12/2024 22:58,9/12/2024 22:58,DEP,ATL,DL,321,N107DN,D,32,E,E16,5138
9/12/2024 14:50,9/12/2024 14:42,ARR,CVG,F9,UNK,N353FR,D,1757,E,E10,5139
9/12/2024 13:22,9/12/2024 13:29,DEP,BRO,AA,E7M,N329DD,D,3880,B,B46,5140
9/12/2024 13:54,9/12/2024 14:05,ARR,FLL,AA,737,N993NN,D,638,D,D1,5141
9/12/2024 22:15,9/12/2024 22:15,DEP,LGA,DL,220,N125DU,D,869,E,E17,5142
9/12/2024 15:08,9/12/2024 15:30,ARR,PHX,F9,UNK,N624FR,D,2532,E,E21,5143
9/12/2024 15:16,9/12/2024 15:28,ARR,IAH,AA,E7R,N788CJ,D,3729,E,E38B,5144
9/12/2024 15:19,9/12/2024 15:30,ARR,SAT,AA,319,N9018E,D,3091,C,C38,5145
9/12/2024 14:19,9/12/2024 14:00,DEP,TYR,AA,E7R,N782SM,D,3968,E,E38B,5146
9/13/2024 19:24,9/13/2024 19:24,ARR,COS,AA,E7M,N206NN,D,3827,B,B31,5147
9/12/2024 12:02,9/12/2024 12:02,DEP,HSV,AA,E7M,N241NN,D,3476,B,B43,5148
9/13/2024 15:20,9/13/2024 15:20,DEP,TRC,AA,E7M,N335JS,I,3544,B,B39,5149
9/13/2024 0:59,9/13/2024 0:59,ARR,RAP,AA,E7M,N259NN,D,3532,B,B37,5150
9/13/2024 15:35,9/13/2024 15:35,DEP,ELP,AA,E7M,N285NN,D,3856,B,B43,5151
9/12/2024 13:57,9/12/2024 14:05,DEP,SGF,AA,OO7,N608SK,D,4952,E,E24B,5152
9/13/2024 20:10,9/13/2024 20:10,ARR,TRC,AA,E7M,N335JS,I,3552,B,B1,5153
9/13/2024 15:02,9/13/2024 15:10,ARR,DTW,DL,32S,N371NW,D,2746,E,E14,5154
9/13/2024 19:51,9/13/2024 19:51,ARR,ELP,AA,E7M,N285NN,D,3856,B,B24,5155
9/12/2024 15:30,9/12/2024 15:59,ARR,CUN,AA,38K,N938NN,I,316,D,D31,5156
9/12/2024 16:02,9/12/2024 16:16,ARR,ONT,AA,32C,N131NN,D,1412,C,C19,5157
9/12/2024 13:06,9/12/2024 13:08,DEP,GRR,AA,19W,N704US,D,1875,C,C38,5158
9/12/2024 11:55,9/12/2024 12:00,DEP,BOS,AA,A21,N521UW,D,2297,A,A18,5159
9/13/2024 18:53,9/13/2024 18:53,ARR,BRO,AA,E7M,N228NN,D,3922,B,B32,5160
9/13/2024 15:05,9/13/2024 15:05,DEP,BRO,AA,E7M,N228NN,D,3872,B,B28,5161
9/12/2024 13:26,9/12/2024 13:26,DEP,DEN,AA,A21,N163US,D,2357,B,B7,5162
9/12/2024 15:48,9/12/2024 15:34,ARR,XNA,AA,E7M,N273NN,D,3588,B,B21,5163
9/12/2024 13:48,9/12/2024 13:35,DEP,STL,AA,A19,N822AW,D,2289,C,C2,5164
9/12/2024 13:49,9/12/2024 13:49,ARR,LGA,DL,220,N318DU,D,878,E,E17,5165
9/13/2024 13:40,9/13/2024 13:40,ARR,HND,JL,351,\N,I,12,D,D14,5166
9/13/2024 12:17,9/13/2024 12:17,DEP,ELP,AA,E7M,N281NN,D,3549,B,B38,5167
9/13/2024 16:23,9/13/2024 16:23,ARR,ELP,AA,E7M,N281NN,D,3857,B,B29,5168
9/12/2024 15:49,9/12/2024 16:01,ARR,JFK,AA,38M,N336SR,D,860,C,C31,5169
9/13/2024 0:54,9/13/2024 0:54,ARR,GSP,AA,38K,N991AN,D,2181,C,C16,5170
9/13/2024 21:35,9/13/2024 21:35,DEP,LRD,AA,E7R,N786SM,D,3503,B,B40,5171
9/14/2024 0:59,9/14/2024 0:59,ARR,LRD,AA,E7R,N786SM,D,3503,E,E38A,5172
9/14/2024 1:43,9/14/2024 1:43,DEP,LEX,AA,E7M,N281NN,D,3701,B,B42,5173
9/13/2024 17:28,9/13/2024 17:28,DEP,ILM,AA,E7M,N281NN,D,3851,B,B1,5174
9/13/2024 11:20,9/13/2024 11:20,ARR,MAF,AA,OO7,N710SK,D,4840,E,E22A,5175
9/13/2024 11:43,9/13/2024 11:43,ARR,SWO,AA,OO7,N774SK,D,4926,E,E24A,5176
9/13/2024 11:55,9/13/2024 11:55,ARR,MLU,AA,OO7,N707SK,D,4978,E,E27B,5177
9/13/2024 12:12,9/13/2024 12:12,ARR,GCK,AA,OO7,N726SK,D,6266,E,E30,5178
9/13/2024 12:11,9/13/2024 12:11,ARR,LCH,AA,OO7,N614SK,D,6297,E,E29B,5179
9/13/2024 12:14,9/13/2024 12:14,ARR,GGG,AA,OO7,N727SK,D,6322,E,E22B,5180
9/13/2024 12:14,9/13/2024 12:14,ARR,BPT,AA,OO7,N614QX,D,6329,E,E23B,5181
9/14/2024 0:44,9/14/2024 0:44,ARR,MSY,AA,E7M,N206NN,D,3485,B,B27,5182
9/12/2024 4:08,9/12/2024 3:59,DEP,LHR,AA,77W,N721AN,I,78,D,D27,5183
9/12/2024 12:29,9/12/2024 12:26,ARR,CLE,AA,737,N982NN,D,525,D,D4,5184
9/12/2024 10:12,9/12/2024 10:15,DEP,ORD,NK,A321,N680NK,D,828,E,E31,5185
9/12/2024 10:30,9/12/2024 10:30,DEP,ATL,DL,32S,N378DN,D,401,E,E14,5186
9/13/2024 21:01,9/13/2024 21:02,ARR,BOS,DL,220,N317DU,D,303,E,E13,5187
9/12/2024 12:09,9/12/2024 12:14,DEP,IAH,AA,E7R,N788CJ,D,3869,B,B49,5188
9/13/2024 0:51,9/13/2024 0:51,ARR,LAX,AA,32Q,N439AN,D,1582,D,D1,5189
9/12/2024 13:22,9/12/2024 13:22,ARR,ATL,DL,32S,N125DN,D,839,E,E14,5190
9/12/2024 14:14,9/12/2024 14:30,ARR,PHX,AA,A19,N749US,D,698,C,C35,5191
9/12/2024 14:33,9/12/2024 14:08,ARR,BHM,AA,E7M,N218NN,D,3433,B,B37,5192
9/13/2024 14:29,9/13/2024 14:29,DEP,ATL,DL,32S,N346DN,D,839,E,E14,5193
9/12/2024 12:06,9/12/2024 12:05,DEP,MCO,AA,A21,N150UW,D,1709,C,C10,5194
9/12/2024 13:51,9/12/2024 13:55,ARR,RSW,AA,737,N971AN,D,1281,D,D3,5195
9/13/2024 19:25,9/13/2024 19:25,DEP,SLC,DL,220,N307DU,D,2800,E,E13,5196
9/13/2024 0:33,9/13/2024 0:33,ARR,SAN,AA,A21,N587UW,D,1369,B,B7,5197
9/12/2024 23:50,9/12/2024 23:50,DEP,MFE,AA,38R,N939NN,D,3110,C,C7,5198
9/12/2024 22:10,9/12/2024 22:10,DEP,PNS,AA,A19,N747UW,D,1996,A,A10,5199
9/13/2024 12:15,9/13/2024 12:15,DEP,DTW,AA,38K,N987AN,D,2374,A,A36,5200
9/13/2024 2:41,9/13/2024 2:41,ARR,PNS,AA,A19,N747UW,D,1996,C,C22,5201
9/13/2024 2:10,9/13/2024 2:10,ARR,LAX,AA,38R,N984NN,D,2833,D,D36,5202
9/12/2024 22:34,9/12/2024 22:34,DEP,CLE,AA,38R,N991NN,D,1228,C,C6,5203
9/13/2024 0:23,9/13/2024 0:23,DEP,RSW,AA,38K,N826NN,D,2474,C,C37,5204
9/13/2024 2:13,9/13/2024 2:13,ARR,CMH,AA,38K,N876NN,D,2337,C,C7,5205
9/13/2024 0:24,9/12/2024 17:25,ARR,SMF,AA,32C,N931AM,D,409,A,A28,5206
9/13/2024 2:49,9/13/2024 2:49,ARR,SNA,AA,38R,N986NN,D,146,C,C24,5207
9/13/2024 1:40,9/13/2024 1:40,DEP,PHL,AA,32C,N986AN,D,1311,A,A25,5208
9/12/2024 22:50,9/12/2024 22:50,ARR,BUR,AA,38K,N826NN,D,1208,C,C37,5209
9/13/2024 0:11,9/13/2024 0:11,DEP,IAD,AA,32C,N129AA,D,1291,C,C12,5210
9/12/2024 22:50,9/12/2024 22:50,ARR,TUS,AA,32C,N129AA,D,2926,C,C12,5211
9/12/2024 23:03,9/12/2024 23:03,ARR,XNA,AA,A19,N822AW,D,2185,A,A25,5212
9/12/2024 23:27,9/12/2024 23:27,DEP,IAH,AA,319,N8027D,D,1392,A,A21,5213
9/13/2024 12:10,9/13/2024 12:10,DEP,CUN,AA,32C,N155NN,I,1343,A,A25,5214
9/13/2024 1:30,9/13/2024 1:30,DEP,LAX,AA,A21,N587UW,D,1641,B,B7,5215
9/12/2024 15:33,9/12/2024 15:52,ARR,ONT,F9,UNK,N360FR,D,1406,E,E10,5216
9/12/2024 16:03,9/12/2024 16:08,ARR,CHS,AA,E7M,N267NN,D,3371,B,B37,5217
9/13/2024 2:39,9/13/2024 2:39,ARR,ORF,AA,38K,N906AN,D,1914,A,A10,5218
9/12/2024 13:18,9/12/2024 13:25,DEP,MEX,AA,38K,N857NN,I,389,D,D18,5219
9/13/2024 17:35,9/13/2024 17:35,ARR,JAN,AA,E7M,N226NN,D,3911,B,B42,5220
9/13/2024 0:20,9/13/2024 0:20,ARR,BNA,AA,32C,N986AN,D,2244,A,A25,5221
9/13/2024 15:43,9/13/2024 15:43,DEP,DRO,AA,OO7,N761ND,D,4846,E,E23B,5222
9/13/2024 17:20,9/13/2024 17:20,ARR,LFT,AA,OO7,N710SK,D,4885,B,B48,5223
9/13/2024 17:43,9/13/2024 17:43,ARR,GPT,AA,OO7,N774SK,D,4921,B,B37,5224
9/14/2024 2:14,9/14/2024 2:14,DEP,JAN,AA,E7M,N279MQ,D,3663,B,B28,5225
9/13/2024 16:29,9/13/2024 16:29,ARR,ACT,AA,OO7,N762SK,D,6193,E,E29A,5226
9/13/2024 15:17,9/13/2024 15:17,DEP,LIT,AA,OO7,N719SK,D,4822,E,E23A,5227
9/13/2024 15:20,9/13/2024 15:20,DEP,GJT,AA,OO7,N717EV,D,4871,E,E30,5228
9/13/2024 15:19,9/13/2024 15:19,DEP,YUM,AA,OO7,N724SK,D,6234,E,E27B,5229
9/13/2024 15:10,9/13/2024 15:10,DEP,LCH,AA,OO7,N746SK,D,4966,E,E38A,5230
9/13/2024 15:10,9/13/2024 15:10,DEP,ASE,AA,OO7,N771SK,D,6372,E,E35A,5231
9/13/2024 15:10,9/13/2024 15:10,DEP,HSV,AA,OO7,N631SK,D,4955,E,E23B,5232
9/14/2024 0:59,9/14/2024 0:59,ARR,RAP,AA,E7M,N252NN,D,3532,B,B21,5233
9/13/2024 0:39,9/13/2024 0:39,ARR,ORD,AA,38M,N338ST,D,2499,C,C15,5234
9/12/2024 23:55,9/12/2024 23:55,DEP,SDF,AA,319,N93003,D,926,A,A28,5235
9/13/2024 13:04,9/13/2024 13:04,ARR,DEN,AA,38R,N357PV,D,2612,B,B16,5236
9/13/2024 22:27,9/13/2024 22:27,ARR,SJC,AA,38R,N357PV,D,2046,B,B7,5237
9/13/2024 23:33,9/13/2024 23:33,DEP,IND,AA,38R,N357PV,D,2620,B,B7,5238
9/12/2024 20:58,9/12/2024 20:58,DEP,MSY,AA,E7R,N742GR,D,3485,B,B3A,5239
9/13/2024 23:49,9/13/2024 23:49,DEP,MGM,AA,E7M,N227NN,D,3403,B,B28,5240
9/13/2024 2:31,9/13/2024 2:36,ARR,LGA,DL,220,N133DU,D,860,E,E13,5241
9/13/2024 5:27,9/13/2024 5:27,ARR,CLT,AA,32E,N413AN,D,2714,A,A9,5242
9/13/2024 2:20,9/13/2024 2:20,ARR,CLT,AA,A21,N924US,D,1384,A,A19,5243
9/12/2024 12:06,9/12/2024 12:10,ARR,OMA,AA,737,N807NN,D,2540,D,D3,5244
9/13/2024 18:28,9/13/2024 18:30,ARR,SLC,DL,220,N307DU,D,2800,E,E13,5245
9/12/2024 22:32,9/12/2024 22:34,ARR,ELP,AA,38K,N839NN,D,1326,C,C11,5246
9/12/2024 23:55,9/12/2024 23:55,DEP,BOS,AA,321,N542UW,D,1366,D,D1,5247
9/13/2024 0:13,9/13/2024 0:13,DEP,ORF,AA,38K,N973AN,D,772,C,C22,5248
9/12/2024 12:04,9/12/2024 12:02,DEP,BNA,AA,737,N802NN,D,1103,D,D3,5249
9/13/2024 2:00,9/13/2024 2:00,ARR,MEM,AA,38K,N943AN,D,1728,C,C10,5250
9/12/2024 23:25,9/12/2024 23:10,ARR,CVG,AA,38K,N819NN,D,1658,A,A37,5251
9/13/2024 20:23,9/13/2024 20:23,ARR,CLT,AA,321,N540UW,D,840,B,B18,5252
9/13/2024 15:44,9/13/2024 15:44,DEP,MLM,AA,A19,N828AW,I,2136,A,A36,5253
9/13/2024 21:34,9/13/2024 21:34,ARR,MLM,AA,A19,N828AW,I,2136,D,D2,5254
9/12/2024 21:46,9/12/2024 21:46,DEP,ABI,AA,E7Q,N782SM,D,3380,E,E37A,5255
9/13/2024 16:24,9/13/2024 16:24,ARR,TYR,AA,E7R,N787BP,D,3968,B,B37,5256
9/13/2024 17:19,9/13/2024 17:19,DEP,FAR,AA,E7R,N787BP,D,3886,B,B37,5257
9/13/2024 0:39,9/13/2024 0:39,ARR,STL,AA,A19,N828AW,D,2269,C,C12,5258
9/12/2024 22:00,9/12/2024 22:00,DEP,BOS,DL,220,N324DU,D,303,E,E14,5259
9/13/2024 0:39,9/13/2024 0:39,ARR,SMF,AA,32C,N904AA,D,2078,B,B17,5260
9/13/2024 2:07,9/13/2024 2:07,DEP,MSP,AA,38K,N899NN,D,2806,B,B14,5261
9/12/2024 21:15,9/12/2024 21:15,DEP,AUS,AA,32S,N701UW,D,843,D,D4,5262
9/13/2024 1:07,9/13/2024 0:55,ARR,DCA,AA,32C,N131NN,D,54,A,A29,5263
9/13/2024 15:10,9/13/2024 15:10,DEP,SAF,AA,OO7,N758SK,D,4836,E,E34,5264
9/13/2024 21:53,9/13/2024 21:53,DEP,VPS,AA,38K,N809NN,D,1201,A,A10,5265
9/13/2024 23:20,9/13/2024 23:20,DEP,SLC,DL,220,N117DU,D,2811,E,E12,5266
9/12/2024 21:00,9/12/2024 21:00,DEP,LAX,DL,32S,N351NB,D,948,E,E15,5267
9/13/2024 22:20,9/13/2024 22:20,ARR,YYC,AA,A21,N971UY,I,2517,D,D22,5268
9/13/2024 23:27,9/13/2024 23:27,DEP,DTW,DL,32S,N328NW,D,1543,E,E14,5269
9/14/2024 0:14,9/14/2024 0:14,ARR,QRO,AA,38R,N337PJ,I,2299,D,D18,5270
9/12/2024 23:06,9/12/2024 23:03,ARR,AGS,AA,E7M,N305CL,D,3462,B,B47,5271
9/13/2024 0:12,9/13/2024 0:12,DEP,MKE,AA,319,N9023N,D,1521,B,B5,5272
9/14/2024 0:44,9/14/2024 0:44,DEP,LBB,AA,E7M,N226NN,D,3619,B,B44,5273
9/13/2024 16:39,9/13/2024 16:39,ARR,LRD,AA,E7R,N788CJ,D,3983,B,B40,5274
9/13/2024 17:29,9/13/2024 17:29,DEP,FWA,AA,E7R,N788CJ,D,3909,B,B40,5275
9/13/2024 13:10,9/13/2024 13:10,DEP,LRD,AA,E7R,N788CJ,D,3983,B,B31,5276
9/12/2024 21:35,9/12/2024 21:35,DEP,ICT,AA,319,N806AW,D,2366,D,D17,5277
9/13/2024 3:11,9/13/2024 3:11,ARR,LAX,AA,32E,N459AN,D,2377,A,A18,5278
9/14/2024 0:05,9/14/2024 0:05,DEP,TRI,AA,E7M,N237NN,D,3350,B,B27,5279
9/13/2024 18:56,9/13/2024 18:56,ARR,BTR,AA,E7R,N774JG,D,3796,B,B39,5280
9/13/2024 15:10,9/13/2024 15:10,DEP,BTR,AA,E7R,N774JG,D,3796,B,B3,5281
9/13/2024 14:27,9/13/2024 14:27,ARR,ABI,AA,E7R,N774JG,D,3647,B,B44,5282
9/12/2024 13:42,9/12/2024 13:31,DEP,ECP,AA,CP9,N573NN,D,5319,E,E37B,5283
9/12/2024 16:28,9/12/2024 16:32,ARR,BHM,AA,319,N9008U,D,2859,C,C11,5284
9/12/2024 16:17,9/12/2024 12:08,ARR,MEM,AA,38K,N904AN,D,1940,C,C37,5285
9/12/2024 12:05,9/12/2024 12:05,DEP,BOS,DL,220,N324DU,D,536,E,E16,5286
9/12/2024 15:10,9/12/2024 15:15,DEP,SAT,AA,38K,N825NN,D,1957,A,A11,5287
9/12/2024 15:01,9/12/2024 15:05,DEP,MHK,AA,E7M,N239NN,D,3920,B,B31,5288
9/12/2024 13:15,9/12/2024 13:15,DEP,SLC,DL,220,N307DU,D,1291,E,E12,5289
9/13/2024 23:10,9/13/2024 23:10,ARR,BMI,AA,E7M,N226NN,D,3404,B,B44,5290
9/14/2024 0:53,9/14/2024 0:53,DEP,ATW,AA,E7M,N209NN,D,3681,B,B30,5291
9/12/2024 14:19,9/12/2024 14:20,DEP,ORD,AA,789,N828AA,D,1539,D,D23,5292
9/12/2024 15:43,9/12/2024 15:15,ARR,STL,AA,32S,N827AW,D,1410,D,D3,5293
9/14/2024 0:39,9/14/2024 0:39,ARR,MYR,AA,E7M,N243NN,D,3675,B,B40,5294
9/13/2024 23:44,9/13/2024 23:44,DEP,LBB,AA,E7M,N260NN,D,4031,B,B22,5295
9/14/2024 0:22,9/14/2024 0:22,ARR,COU,AA,E7M,N232NN,D,3853,B,B38,5296
9/14/2024 2:09,9/14/2024 2:09,DEP,GRK,AA,E7M,N244NN,D,3569,B,B31,5297
9/13/2024 0:09,9/13/2024 0:09,ARR,GDL,AA,38K,N885NN,I,387,D,D22,5298
9/13/2024 1:39,9/13/2024 1:39,ARR,SAN,AA,32C,N146AA,D,1712,D,D21,5299
9/13/2024 2:55,9/13/2024 2:55,DEP,OKC,AA,32C,N146AA,D,2180,D,D21,5300
9/13/2024 20:56,9/13/2024 20:56,DEP,SLC,AA,A21,N579UW,D,131,C,C20,5301
9/13/2024 18:54,9/13/2024 18:54,ARR,LAS,AA,32C,N152AA,D,1890,A,A28,5302
9/13/2024 16:00,9/13/2024 16:00,DEP,LAS,AA,32C,N147AA,D,1007,A,A20,5303
9/13/2024 12:06,9/13/2024 12:06,DEP,LAS,AA,32C,N152AA,D,1890,D,D17,5304
9/13/2024 19:49,9/13/2024 19:49,DEP,LAS,AA,A21,N915US,D,1871,C,C16,5305
9/13/2024 2:44,9/13/2024 2:44,ARR,SAN,AA,A21,N154UW,D,2747,D,D25,5306
9/12/2024 18:15,9/12/2024 18:15,ARR,PDX,AS,737,N253AK,D,392,E,E11,5307
9/13/2024 22:19,9/13/2024 22:24,ARR,SLC,DL,220,N117DU,D,2811,E,E12,5308
9/13/2024 4:59,9/13/2024 4:59,ARR,LAX,AA,A21,N176UW,D,1669,C,C6,5309
9/12/2024 13:22,9/12/2024 13:25,DEP,BZN,AA,38R,N972NN,D,2522,D,D34,5310
9/12/2024 15:11,9/12/2024 15:19,DEP,XNA,AA,E7M,N250NN,D,3584,B,B29,5311
9/14/2024 1:55,9/14/2024 1:55,DEP,MOB,AA,E7M,N220NN,D,4013,B,B32,5312
9/13/2024 3:54,9/13/2024 3:54,ARR,LAX,AA,A21,N163US,D,1504,D,D21,5313
9/12/2024 12:45,9/12/2024 12:45,DEP,SAN,F9,UNK,N332FR,D,1425,E,E10,5314
9/14/2024 0:39,9/14/2024 0:39,ARR,LEX,AA,E7M,N244NN,D,3491,B,B31,5315
9/12/2024 16:39,9/12/2024 16:39,ARR,CRP,AA,E7M,N243NN,D,3774,B,B39,5316
9/12/2024 15:55,9/12/2024 15:55,DEP,TBN,LF,E135,\N,D,3552,D,D5,5317
9/13/2024 0:50,9/13/2024 0:50,DEP,BNA,AA,38K,N874NN,D,504,D,D20,5318
9/13/2024 1:48,9/13/2024 1:48,ARR,SAT,AA,19W,N716UW,D,2645,C,C17,5319
9/12/2024 23:59,9/12/2024 23:58,DEP,SAN,AA,A21,N184US,D,1634,A,A24,5320
9/13/2024 12:49,9/13/2024 12:49,ARR,SGF,AA,E7M,N279MQ,D,3719,B,B44,5321
9/13/2024 17:33,9/13/2024 17:33,DEP,DEN,AA,A21,N172US,D,1321,A,A17,5322
9/13/2024 16:16,9/13/2024 16:16,ARR,ONT,AA,A21,N172US,D,1412,A,A17,5323
9/12/2024 22:19,9/12/2024 22:17,ARR,MSP,DL,320,N355NW,D,2971,E,E15,5324
9/12/2024 15:17,9/12/2024 15:20,DEP,ICT,AA,E7M,N228NN,D,3550,B,B36,5325
9/12/2024 16:53,9/12/2024 16:29,ARR,ICT,AA,E7M,N313BS,D,3479,B,B3A,5326
9/13/2024 1:23,9/13/2024 1:23,ARR,LAS,AA,32C,N127AA,D,2668,D,D20,5327
9/12/2024 14:10,9/12/2024 14:10,DEP,DEN,UA,320,N444UA,D,1253,E,E9,5328
9/12/2024 16:51,9/12/2024 16:26,ARR,MSY,AA,A05,N655AW,D,2177,C,C39,5329
9/14/2024 0:44,9/14/2024 0:44,ARR,MOB,AA,E7M,N230NN,D,3678,B,B39,5330
9/13/2024 0:20,9/13/2024 0:20,DEP,SJC,AA,38K,N814NN,D,312,C,C39,5331
9/12/2024 12:15,9/12/2024 12:15,DEP,IAH,UA,737,N15712,D,2670,E,E4,5332
9/12/2024 23:10,9/12/2024 23:10,ARR,LIT,AA,CP9,N573NN,D,5244,E,E35A,5333
9/13/2024 12:24,9/13/2024 12:24,ARR,STL,AA,38K,N879NN,D,2261,A,A20,5334
9/14/2024 0:20,9/14/2024 0:20,DEP,SJC,AA,38K,N926AN,D,312,A,A36,5335
9/13/2024 19:02,9/13/2024 19:02,DEP,MEM,AA,38K,N926AN,D,2746,D,D38,5336
9/13/2024 14:02,9/13/2024 14:02,ARR,CLE,AA,38R,N991NN,D,1229,B,B18,5337
9/14/2024 0:45,9/14/2024 0:45,DEP,LAS,AA,32C,N990AU,D,1459,A,A11,5338
9/13/2024 10:46,9/13/2024 10:46,ARR,PDX,AA,32C,N152AA,D,1956,D,D17,5339
9/13/2024 18:45,9/13/2024 18:45,ARR,RAP,AA,E7M,N234JW,D,3534,B,B36,5340
9/13/2024 13:49,9/13/2024 13:49,ARR,SAV,AA,32C,N157AA,D,2435,D,D38,5341
9/13/2024 15:05,9/13/2024 15:05,DEP,MHK,AA,E7M,N233NN,D,3920,B,B38,5342
9/13/2024 18:55,9/13/2024 18:55,ARR,MHK,AA,E7M,N233NN,D,3920,B,B44,5343
9/13/2024 16:31,9/13/2024 16:31,ARR,LBB,AA,E7M,N308LD,D,3487,B,B21,5344
9/13/2024 15:19,9/13/2024 15:19,DEP,XNA,AA,E7M,N312BT,D,3584,B,B29,5345
9/13/2024 15:38,9/13/2024 15:38,DEP,VER,AA,E7M,N303DD,I,4014,B,B31,5346
9/13/2024 14:18,9/13/2024 14:18,ARR,CRP,AA,E7M,N303DD,D,3718,B,B31,5347
9/13/2024 14:20,9/13/2024 14:20,ARR,LIT,AA,E7M,N312BT,D,3641,B,B29,5348
9/13/2024 19:14,9/13/2024 19:14,ARR,LAX,AA,32C,N900UW,D,615,B,B12,5349
9/14/2024 1:28,9/14/2024 1:28,ARR,SAN,AA,32C,N137AA,D,603,A,A9,5350
9/13/2024 13:54,9/13/2024 13:54,ARR,IAH,AA,319,N8027D,D,1423,C,C2,5351
9/13/2024 0:05,9/13/2024 0:05,DEP,DUB,AA,772,N752AN,I,132,A,A34,5352
9/13/2024 17:35,9/13/2024 17:35,DEP,MAF,AA,E7M,N274NN,D,3571,B,B22,5353
9/13/2024 16:39,9/13/2024 16:39,ARR,DSM,AA,E7M,N274NN,D,3930,B,B22,5354
9/12/2024 23:54,9/12/2024 23:54,DEP,MLI,AA,E7M,N212NN,D,4034,B,B22,5355
9/13/2024 13:08,9/13/2024 13:08,DEP,ELP,AA,38K,N982AN,D,1365,A,A34,5356
9/13/2024 13:13,9/13/2024 13:13,DEP,EGE,AA,319,N9002U,D,1341,D,D22,5357
9/13/2024 15:00,9/13/2024 15:00,DEP,COS,AA,E7M,N206NN,D,3827,B,B30,5358
9/13/2024 14:20,9/13/2024 14:20,ARR,CMI,AA,E7M,N206NN,D,4073,B,B30,5359
9/13/2024 13:50,9/13/2024 13:50,ARR,MYR,AA,E7M,N335JS,D,4038,B,B39,5360
9/12/2024 13:54,9/12/2024 14:00,DEP,MGM,AA,OO7,N774SK,D,4889,E,E28A,5361
9/13/2024 13:09,9/13/2024 13:09,DEP,TUS,AA,32C,N166NN,D,2720,D,D17,5362
9/11/2024 11:50,9/12/2024 1:55,DEP,MOB,AA,E7M,N322RC,D,4013,B,B1A,5363
9/12/2024 13:15,9/12/2024 13:15,ARR,LBB,AA,E7M,N277NN,D,3860,B,B40,5364
9/12/2024 10:41,9/12/2024 10:26,DEP,DCA,AA,38K,N928AN,D,2029,D,D21,5365
9/12/2024 13:39,9/12/2024 13:50,ARR,MEX,AA,737,N944AN,I,1066,D,D37,5366
9/12/2024 13:31,9/12/2024 13:40,ARR,MTY,AA,320,N110UW,I,941,D,D21,5367
9/14/2024 0:05,9/14/2024 0:05,DEP,MSY,AA,32C,N167AN,D,1584,C,C31,5368
9/12/2024 12:21,9/12/2024 12:30,DEP,MCI,AA,E7M,N240NN,D,3916,B,B27,5369
9/12/2024 11:53,9/12/2024 12:01,DEP,STL,AA,A19,N770UW,D,2897,A,A10,5370
9/12/2024 13:45,9/12/2024 13:50,ARR,MYR,AA,E7R,N782SM,D,4038,E,E38B,5371
9/12/2024 13:51,9/12/2024 14:05,ARR,ILM,AA,E7M,N259NN,D,4011,B,B38,5372
9/12/2024 13:57,9/12/2024 14:04,ARR,BUF,AA,A05,N649AW,D,576,C,C30,5373
9/12/2024 13:53,9/12/2024 13:58,ARR,PIT,AA,32C,N992AU,D,340,C,C10,5374
9/12/2024 13:55,9/12/2024 13:59,ARR,TYS,AA,CP9,N553NN,D,5067,E,E36,5375
9/13/2024 12:12,9/13/2024 12:12,ARR,HSV,AA,OO7,N718SK,D,4933,B,B29,5376
9/13/2024 14:10,9/13/2024 14:10,DEP,CLT,AA,32C,N131NN,D,2896,D,D38,5377
9/12/2024 11:00,9/12/2024 11:00,DEP,SEA,AS,737,N287AK,D,365,E,E11,5378
9/12/2024 13:01,9/12/2024 13:08,DEP,AUS,AA,38K,N906AN,D,794,C,C17,5379
9/12/2024 14:00,9/12/2024 13:52,ARR,IND,AA,38R,N973NN,D,1296,B,B17,5380
9/11/2024 5:10,9/12/2024 4:20,ARR,MIA,AA,38R,N939NN,D,1219,A,A19,5381
9/12/2024 3:31,9/12/2024 3:05,DEP,MCI,AA,38R,N346PR,D,2267,C,C2,5382
9/12/2024 1:54,9/12/2024 2:00,DEP,FAT,AA,38K,N934NN,D,2288,A,A10,5383
9/12/2024 2:06,9/12/2024 2:00,DEP,LAX,AA,38K,N896NN,D,1641,A,A38,5384
9/11/2024 19:31,9/11/2024 19:35,DEP,FCO,AA,772,N781AN,I,240,D,D23,5385
9/13/2024 16:26,9/13/2024 16:26,DEP,DCA,AA,38K,N807NN,D,1569,C,C10,5386
9/13/2024 18:52,9/13/2024 18:52,ARR,DCA,AA,38K,N810NN,D,1253,A,A16,5387
9/12/2024 3:37,9/12/2024 3:37,DEP,LAS,F9,UNK,N307FR,D,3885,E,E20,5388
9/12/2024 2:08,9/12/2024 2:05,DEP,RNO,AA,737,N994NN,D,1273,D,D2,5389
9/13/2024 1:50,9/13/2024 2:02,ARR,BOS,DL,220,N317DU,D,835,E,E12,5390
9/12/2024 13:02,9/12/2024 13:08,DEP,HRL,AA,E7M,N261NN,D,3473,B,B22,5391
9/12/2024 14:19,9/12/2024 14:01,ARR,CVG,AA,38K,N825NN,D,961,A,A11,5392
9/12/2024 13:17,9/12/2024 13:22,DEP,LBB,AA,E7M,N280NN,D,3487,B,B19,5393
9/12/2024 14:25,9/12/2024 13:55,ARR,GRR,AA,38K,N931AN,D,1561,B,B6,5394
9/12/2024 13:10,9/12/2024 13:14,DEP,AMA,AA,E7M,N305CL,D,3969,B,B25,5395
9/12/2024 14:38,9/12/2024 14:19,ARR,BMI,AA,E7M,N258NN,D,3370,B,B25,5396
9/12/2024 14:31,9/12/2024 14:03,ARR,DTW,AA,38K,N982AN,D,544,A,A37,5397
9/12/2024 14:38,9/12/2024 14:20,ARR,YYZ,AA,737,N906NN,I,1169,D,D4,5398
9/12/2024 14:38,9/12/2024 14:20,ARR,SAT,AA,32C,N154AA,D,2070,C,C4,5399
9/12/2024 13:05,9/12/2024 13:12,DEP,BTR,AA,CP9,N563NN,D,5087,E,E35B,5400
9/14/2024 2:00,9/14/2024 2:00,DEP,BRO,AA,E7M,N263NN,D,3783,B,B25,5401
9/12/2024 13:13,9/12/2024 13:13,DEP,MAF,AA,E7M,N249NN,D,3504,B,B44,5402
9/12/2024 13:05,9/12/2024 13:10,DEP,MTY,AA,E7M,N212NN,I,3515,B,B35,5403
9/12/2024 12:15,9/12/2024 12:21,DEP,CMH,AA,38R,N986NN,D,1279,A,A28,5404
9/12/2024 12:02,9/12/2024 12:03,DEP,FLL,AA,38K,N908NN,D,1340,D,D20,5405
9/12/2024 12:15,9/12/2024 12:15,DEP,DTW,AA,38R,N951NN,D,2374,A,A36,5406
9/12/2024 12:12,9/12/2024 12:14,DEP,SNA,AA,38R,N995NN,D,3106,A,A39,5407
9/12/2024 13:08,9/12/2024 13:08,DEP,CVG,AA,38K,N876NN,D,1568,C,C31,5408
9/12/2024 13:08,9/12/2024 13:09,DEP,ATL,AA,38K,N926NN,D,982,C,C24,5409
9/12/2024 13:28,9/12/2024 13:30,DEP,MEM,AA,19W,N721UW,D,2559,C,C20,5410
9/12/2024 15:27,9/12/2024 15:16,ARR,SGF,AA,E7M,N335JS,D,3624,B,B1A,5411
9/12/2024 13:03,9/12/2024 13:09,DEP,TUS,AA,32C,N132AN,D,2720,A,A8,5412
9/12/2024 13:12,9/12/2024 13:18,DEP,SGF,AA,\N,\N,D,4918,E,E27B,5413
9/12/2024 15:29,9/12/2024 15:21,ARR,TUS,AA,32C,N133AN,D,849,C,C30,5414
9/14/2024 0:23,9/14/2024 0:23,DEP,RSW,AA,38R,N943NN,D,2474,C,C6,5415
9/13/2024 22:15,9/13/2024 22:15,DEP,CLT,AA,32C,N149AN,D,1029,C,C2,5416
9/13/2024 16:17,9/13/2024 16:17,DEP,FAT,AA,38K,N865NN,D,2393,D,D21,5417
9/13/2024 13:46,9/13/2024 13:46,ARR,MSP,AA,38K,N908AN,D,1395,C,C12,5418
9/13/2024 18:44,9/13/2024 18:44,ARR,CRP,AA,E7M,N244NN,D,3546,B,B1,5419
9/13/2024 15:16,9/13/2024 15:16,DEP,CRP,AA,E7M,N244NN,D,3546,B,B27,5420
9/13/2024 18:00,9/13/2024 18:00,DEP,LGA,AA,38K,N814NN,D,910,C,C35,5421
9/13/2024 0:40,9/13/2024 0:40,DEP,SEA,AA,A21,N192UW,D,1241,A,A20,5422
9/13/2024 0:10,9/13/2024 0:10,DEP,MIA,AA,32N,N950XV,D,2206,A,A36,5423
9/12/2024 15:58,9/12/2024 16:12,ARR,PDX,AA,A21,N545UW,D,2216,A,A17,5424
9/12/2024 15:45,9/12/2024 15:39,ARR,DCA,AA,38K,N914AN,D,977,C,C16,5425
9/12/2024 13:13,9/12/2024 13:15,DEP,JAC,AA,319,N8001N,D,1443,D,D22,5426
9/12/2024 17:10,9/12/2024 17:15,ARR,LHR,AA,77W,N728AN,I,51,D,D21A,5427
9/12/2024 23:54,9/12/2024 23:54,DEP,YYZ,AA,38K,N865NN,I,2804,C,C35,5428
9/12/2024 21:46,9/12/2024 21:46,DEP,JFK,AA,38K,N889NN,D,2292,C,C11,5429
9/13/2024 0:09,9/13/2024 0:09,DEP,GRR,AA,38K,N808NN,D,1555,C,C38,5430
9/12/2024 21:59,9/12/2024 21:59,DEP,LGA,AA,38K,N944AN,D,3030,C,C38,5431
9/12/2024 10:10,9/12/2024 10:10,DEP,IAH,UA,E7W,N80343,D,6267,E,E4,5432
9/14/2024 0:20,9/14/2024 0:20,ARR,BNA,AA,32C,N130AN,D,2244,A,A19,5433
9/13/2024 19:26,9/13/2024 19:26,DEP,BNA,AA,32C,N130AN,D,2244,B,B7,5434
9/13/2024 18:16,9/13/2024 18:16,ARR,ONT,AA,32C,N130AN,D,1534,B,B7,5435
9/12/2024 21:03,9/12/2024 21:03,DEP,CLT,AA,32C,N139AN,D,1119,C,C35,5436
9/12/2024 17:02,9/12/2024 17:21,ARR,SAN,AA,32C,N146AA,D,959,B,B17,5437
9/12/2024 13:33,9/12/2024 13:35,DEP,RNO,AA,38K,N949AN,D,2722,C,C39,5438
9/12/2024 17:03,9/12/2024 16:33,ARR,LIT,AA,E7M,N257NN,D,3850,B,B25,5439
9/12/2024 15:08,9/12/2024 15:11,DEP,STL,AA,E7M,N252NN,D,3944,B,B28,5440
9/12/2024 17:07,9/12/2024 16:34,ARR,MLU,AA,E7M,N235NN,D,3518,B,B40,5441
9/12/2024 17:14,9/12/2024 17:34,ARR,BRO,AA,E7M,N329DD,D,3880,B,B37,5442
9/12/2024 15:55,9/12/2024 16:00,DEP,AUS,AA,E7M,N307LH,D,4085,B,B35,5443
9/12/2024 17:11,9/12/2024 16:24,ARR,TYR,AA,E7R,N782SM,D,3968,B,B49,5444
9/12/2024 14:06,9/12/2024 14:10,DEP,CLT,AA,A21,N567UW,D,2896,C,C7,5445
9/12/2024 23:10,9/12/2024 23:10,DEP,HRL,AA,E7M,N308LD,D,3816,B,B33,5446
9/13/2024 14:10,9/13/2024 14:10,ARR,ATL,AA,38K,N803NN,D,1567,D,D18,5447
9/13/2024 0:05,9/13/2024 0:05,DEP,LGA,DL,220,N318DU,D,846,E,E13,5448
9/14/2024 0:44,9/14/2024 0:44,ARR,CHA,AA,E7M,N211NN,D,3736,B,B48,5449
9/13/2024 13:34,9/13/2024 13:34,DEP,JAN,AA,E7M,N226NN,D,3911,B,B19,5450
9/13/2024 1:40,9/13/2024 1:40,DEP,RDU,AA,38R,N994NN,D,542,D,D36,5451
9/13/2024 15:53,9/13/2024 15:53,ARR,DEN,UA,32S,N810UA,D,1254,E,E5,5452
9/12/2024 14:21,9/12/2024 13:30,DEP,ONT,AA,A21,N914UY,D,1513,C,C19,5453
9/12/2024 12:30,9/12/2024 12:30,DEP,IAD,UA,32S,N853UA,D,2639,E,E5,5454
9/12/2024 17:25,9/12/2024 17:23,ARR,AUS,AA,E7M,N332JG,D,3685,B,B29,5455
9/13/2024 12:18,9/13/2024 12:18,ARR,LFT,AA,OO7,N771SK,D,4834,E,E35A,5456
9/13/2024 17:03,9/13/2024 17:09,ARR,SLC,DL,220,N123DQ,D,2798,E,E12,5457
9/13/2024 18:07,9/13/2024 18:07,DEP,ELP,AA,737,N925AN,D,1326,D,D37,5458
9/12/2024 15:02,9/12/2024 15:14,ARR,EWR,UA,737,N23708,D,1686,E,E6,5459
9/13/2024 22:24,9/13/2024 22:24,DEP,SFO,AA,32E,N404AN,D,1175,C,C4,5460
9/13/2024 2:50,9/13/2024 2:50,ARR,LIT,AA,E7M,N239NN,D,3644,B,B37,5461
9/13/2024 4:20,9/13/2024 4:20,ARR,MIA,AA,38K,N866NN,D,1219,A,A35,5462
9/13/2024 22:00,9/13/2024 22:00,DEP,BOS,DL,220,N317DU,D,303,E,E13,5463
9/12/2024 15:53,9/12/2024 15:53,ARR,BOS,DL,220,N317DU,D,760,E,E17,5464
9/13/2024 2:34,9/13/2024 2:34,ARR,MSP,AA,38R,N995NN,D,2406,B,B17,5465
9/14/2024 2:02,9/14/2024 2:02,DEP,COU,AA,E7Q,N764JD,D,3440,B,B21,5466
9/12/2024 20:00,9/12/2024 20:00,DEP,LAX,AA,A21,N163US,D,1504,B,B16,5467
9/13/2024 16:46,9/13/2024 16:46,ARR,HOU,AA,OO7,N612QX,D,6261,E,E23A,5468
9/13/2024 12:05,9/13/2024 12:05,DEP,SDF,AA,E7M,N264NN,D,3948,B,B44,5469
9/13/2024 3:58,9/13/2024 3:58,ARR,IAH,UA,CRJ,N329MS,D,6116,E,E8,5470
9/13/2024 12:00,9/13/2024 12:00,DEP,BOS,AA,321,N563UW,D,2297,D,D37,5471
9/13/2024 17:29,9/13/2024 17:29,DEP,ONT,AA,A21,N970UY,D,2635,C,C4,5472
9/13/2024 2:46,9/13/2024 2:46,ARR,SEA,AA,321,N563UW,D,1992,D,D37,5473
9/14/2024 0:41,9/14/2024 0:41,ARR,ONT,AA,A21,N970UY,D,2635,D,D25,5474
9/13/2024 17:00,9/13/2024 17:00,DEP,IAD,UA,32S,N810UA,D,358,E,E5,5475
9/13/2024 16:26,9/13/2024 16:26,ARR,SAN,AA,A21,N970UY,D,1939,C,C4,5476
9/12/2024 15:10,9/12/2024 15:10,DEP,TYS,AA,38K,N943AN,D,2544,D,D31,5477
9/12/2024 17:32,9/12/2024 16:39,ARR,HSV,AA,E7M,N241NN,D,3476,B,B21,5478
9/12/2024 15:43,9/12/2024 15:40,DEP,GRI,AA,OO7,N760SK,D,9920,E,E25A,5479
9/12/2024 14:29,9/12/2024 14:29,DEP,ATL,DL,32S,N125DN,D,839,E,E14,5480
9/13/2024 2:55,9/13/2024 2:55,ARR,MCO,AA,A21,N970UY,D,1760,C,C16,5481
9/13/2024 3:57,9/13/2024 3:57,DEP,SAN,AA,A21,N970UY,D,2568,C,C16,5482
9/12/2024 19:40,9/12/2024 13:55,ARR,GRI,AA,OO7,N760SK,D,6312,E,E25,5483
9/13/2024 2:59,9/13/2024 2:59,DEP,OMA,AA,737,N954NN,D,2628,D,D3,5484
9/13/2024 22:16,9/13/2024 22:11,ARR,DSM,AA,319,N9018E,D,1664,C,C4,5485
9/13/2024 16:22,9/13/2024 16:22,ARR,LGA,AA,38R,N301PA,D,1626,B,B11,5486
9/13/2024 12:00,9/13/2024 12:00,DEP,LAX,AA,32C,N153AN,D,1660,D,D4,5487
9/13/2024 11:04,9/13/2024 11:04,ARR,LAW,AA,OO7,N772SK,D,6295,E,E24B,5488
9/12/2024 13:20,9/12/2024 13:25,DEP,SEA,AA,32E,N424AN,D,2105,C,C8,5489
9/12/2024 17:51,9/12/2024 17:36,ARR,IND,AA,38K,N972AN,D,1506,A,A11,5490
9/13/2024 1:45,9/13/2024 1:45,ARR,AUS,AA,737,N957AN,D,2558,D,D4,5491
9/13/2024 20:28,9/13/2024 20:28,DEP,DTW,DL,320,N368NW,D,1041,E,E12,5492
9/13/2024 16:23,9/13/2024 16:23,ARR,ORD,AA,38K,N870NN,D,2631,C,C37,5493
9/13/2024 21:00,9/13/2024 21:00,DEP,LAX,DL,32S,N334NB,D,948,E,E15,5494
9/12/2024 15:52,9/12/2024 16:00,DEP,CID,AA,A19,N747UW,D,1905,A,A36,5495
9/12/2024 17:27,9/12/2024 17:27,ARR,ATL,DL,321,N341DN,D,414,E,E15,5496
9/12/2024 17:09,9/12/2024 17:09,ARR,SLC,DL,220,N133DU,D,2798,E,E12,5497
9/12/2024 16:06,9/12/2024 15:00,DEP,ABQ,AA,38K,N835NN,D,1670,B,B17,5498
9/12/2024 18:02,9/12/2024 18:17,ARR,SFO,AA,32C,N127AA,D,2904,A,A37,5499
9/12/2024 18:10,9/12/2024 18:05,DEP,MSP,SY,738,\N,D,502,D,D14,5500
9/13/2024 3:33,9/13/2024 2:47,ARR,CHS,AA,38K,N835NN,D,1638,C,C11,5501
9/12/2024 18:13,9/12/2024 18:25,ARR,MCO,AA,32C,N155NN,D,1087,A,A28,5502
9/12/2024 15:31,9/12/2024 15:38,DEP,VER,AA,E7M,N283NN,I,4014,B,B24,5503
9/12/2024 15:38,9/12/2024 15:38,DEP,MSP,DL,321,N129DN,D,2972,E,E15,5504
9/12/2024 15:06,9/12/2024 15:10,DEP,OAX,AA,320,N104UW,I,2187,C,C22,5505
9/12/2024 18:32,9/12/2024 18:35,ARR,SAN,AA,32C,N128AN,D,2535,C,C10,5506
9/13/2024 16:57,9/13/2024 16:57,ARR,TUL,AA,E7M,N218NN,D,3336,B,B28,5507
9/13/2024 13:29,9/13/2024 13:29,DEP,TUL,AA,E7M,N218NN,D,3336,B,B35,5508
9/13/2024 13:08,9/13/2024 13:08,DEP,HRL,AA,E7M,N235NN,D,3473,B,B39,5509
9/13/2024 12:20,9/13/2024 12:20,ARR,AMA,AA,E7M,N235NN,D,3842,B,B39,5510
9/13/2024 12:28,9/13/2024 12:28,ARR,LEX,AA,E7M,N218NN,D,3581,B,B35,5511
9/13/2024 16:39,9/13/2024 16:39,ARR,HRL,AA,E7M,N235NN,D,3473,B,B36,5512
9/13/2024 2:42,9/13/2024 2:42,DEP,ONT,AA,321,N973UY,D,1162,D,D4,5513
9/13/2024 15:18,9/13/2024 15:18,DEP,LAS,NK,32Q,\N,D,3711,E,E31,5514
9/13/2024 13:25,9/13/2024 13:25,DEP,MEX,AA,38K,N925AN,I,389,A,A28,5515
9/13/2024 22:20,9/13/2024 22:20,DEP,ABQ,AA,38K,N912AN,D,2698,C,C11,5516
9/12/2024 15:17,9/12/2024 15:24,DEP,RAP,AA,E7M,N262NN,D,4106,B,B42,5517
9/12/2024 18:25,9/12/2024 18:52,ARR,JFK,AA,38K,N926AN,D,1245,A,A10,5518
9/13/2024 12:16,9/13/2024 12:16,ARR,BHM,AA,CP9,N560NN,D,5173,E,E36,5519
9/13/2024 14:10,9/13/2024 14:10,DEP,DEN,UA,319,N803UA,D,1253,E,E8,5520
9/13/2024 2:50,9/13/2024 2:50,ARR,LGA,AA,38M,N302SA,D,2818,A,A39,5521
9/13/2024 15:22,9/13/2024 15:22,DEP,BOS,AA,38K,N928NN,D,1163,C,C39,5522
9/13/2024 13:07,9/13/2024 13:07,ARR,BNA,AA,38K,N853NN,D,2787,D,D3,5523
9/13/2024 16:39,9/13/2024 16:39,ARR,HSV,AA,E7M,N240NN,D,3476,B,B47,5524
9/13/2024 12:02,9/13/2024 12:02,DEP,HSV,AA,E7M,N240NN,D,3476,B,B35,5525
9/13/2024 16:34,9/13/2024 16:34,ARR,MAF,AA,E7M,N205NN,D,3504,B,B34,5526
9/13/2024 17:20,9/13/2024 17:20,DEP,MGM,AA,E7M,N205NN,D,3596,B,B34,5527
9/13/2024 13:13,9/13/2024 13:13,DEP,MAF,AA,E7M,N205NN,D,3504,B,B46,5528
9/13/2024 12:00,9/13/2024 12:00,DEP,MIA,AA,38M,N341SV,D,1702,A,A29,5529
9/12/2024 13:31,9/12/2024 13:31,DEP,BNA,AA,737,N807NN,D,1118,D,D3,5530
9/12/2024 17:40,9/12/2024 17:28,DEP,ILM,AA,E7M,N257NN,D,3851,B,B25,5531
9/12/2024 18:29,9/12/2024 18:42,ARR,TUS,AA,32C,N132AN,D,2720,C,C38,5532
9/12/2024 18:00,9/12/2024 18:00,DEP,LGA,DL,220,N133DU,D,1691,E,E12,5533
9/14/2024 0:41,9/14/2024 0:55,ARR,LGA,DL,220,N109DU,D,522,E,E17,5534
9/12/2024 18:23,9/12/2024 18:44,ARR,SAT,AA,38K,N825NN,D,1957,A,A33,5535
9/12/2024 14:56,9/12/2024 15:00,DEP,MRY,AA,319,N8027D,D,2879,C,C6,5536
9/12/2024 15:08,9/12/2024 15:05,DEP,LAX,AA,32C,N158AN,D,375,A,A25,5537
9/12/2024 15:48,9/12/2024 15:20,DEP,SJD,AA,32C,N130AN,I,2667,C,C2,5538
9/12/2024 23:12,9/12/2024 19:54,ARR,LAS,AA,A21,N185UW,D,2634,C,C17,5539
9/13/2024 0:18,9/13/2024 0:20,ARR,STS,AA,A19,N827AW,D,3109,A,A10,5540
9/13/2024 1:57,9/13/2024 1:57,DEP,STL,AA,A19,N806AW,D,1010,C,C8,5541
9/13/2024 3:41,9/13/2024 3:41,DEP,PHX,AA,38K,N943AN,D,1744,C,C10,5542
9/13/2024 1:45,9/13/2024 1:45,DEP,CID,AA,319,N721UW,D,2394,D,D2,5543
9/13/2024 13:22,9/13/2024 13:22,DEP,MIA,AA,A21,N914UY,D,1824,A,A21,5544
9/12/2024 22:47,9/12/2024 22:42,ARR,ORD,AA,38R,N939NN,D,2429,C,C7,5545
9/13/2024 4:00,9/13/2024 4:00,DEP,LAS,AA,32C,N122NN,D,637,D,D37,5546
9/13/2024 15:20,9/13/2024 15:20,DEP,MEX,AA,38R,N338PK,I,393,C,C37,5547
9/13/2024 0:44,9/13/2024 0:44,DEP,XNA,AA,A19,N828AW,D,1536,C,C12,5548
9/13/2024 18:45,9/13/2024 18:45,ARR,MTJ,AA,19W,N704US,D,1683,A,A19,5549
9/12/2024 20:07,9/12/2024 20:07,DEP,ANC,AA,32E,N440AN,D,399,B,B12,5550
9/13/2024 11:00,9/13/2024 11:00,DEP,DEN,UA,320,N467UA,D,1005,E,E5,5551
9/13/2024 11:43,9/13/2024 11:43,ARR,SHV,AA,OO7,N702SK,D,4974,E,E26,5552
9/12/2024 19:24,9/12/2024 19:30,DEP,FRA,AA,772,N754AN,I,70,D,D30,5553
9/12/2024 20:54,9/12/2024 20:54,DEP,IAH,UA,737,N14230,D,2682,E,E6,5554
9/13/2024 20:47,9/13/2024 20:47,ARR,DCA,AA,38K,N809NN,D,1177,A,A10,5555
9/13/2024 12:15,9/13/2024 12:15,ARR,MSY,AA,38K,N809NN,D,2090,A,A28,5556
9/13/2024 22:14,9/13/2024 22:14,DEP,SMF,AA,A21,N914UY,D,2554,C,C15,5557
9/12/2024 20:20,9/12/2024 20:20,DEP,MCO,AA,A21,N916US,D,2472,D,D34,5558
9/13/2024 2:35,9/13/2024 1:45,DEP,BFL,AA,319,N8009T,D,1024,B,B6,5559
9/13/2024 20:44,9/13/2024 20:44,ARR,PHX,AA,A21,N178US,D,633,A,A19,5560
9/13/2024 23:55,9/13/2024 23:55,DEP,ELP,AA,38R,N358PW,D,555,D,D40,5561
9/13/2024 22:47,9/13/2024 22:47,ARR,MTJ,AA,38R,N358PW,D,665,D,D40,5562
9/13/2024 23:12,9/13/2024 23:12,DEP,MSP,DL,320,N326US,D,2971,E,E15,5563
9/12/2024 21:15,9/12/2024 19:50,ARR,FRA,AA,772,N786AN,I,71,D,D25A,5564
9/13/2024 3:37,9/13/2024 3:37,ARR,LAS,AA,A21,N198UW,D,1494,D,D20,5565
9/12/2024 20:05,9/12/2024 20:05,DEP,STL,AA,A19,N828AW,D,622,A,A25,5566
9/13/2024 17:19,9/13/2024 17:19,DEP,ECP,AA,E7M,N215NN,D,3625,B,B25,5567
9/13/2024 12:30,9/13/2024 12:30,DEP,MCI,AA,E7M,N215NN,D,3916,B,B1,5568
9/13/2024 16:24,9/13/2024 16:24,ARR,MCI,AA,E7M,N215NN,D,3916,B,B25,5569
9/12/2024 19:52,9/12/2024 19:52,DEP,MCI,AA,38K,N926AN,D,1376,A,A10,5570
9/12/2024 21:56,9/12/2024 21:05,ARR,HND,AA,788,N875BD,I,176,D,D21A,5571
9/13/2024 21:36,9/13/2024 21:36,DEP,AMA,AA,E7M,N237NN,D,3789,B,B22,5572
9/14/2024 0:44,9/14/2024 0:44,ARR,AMA,AA,E7M,N237NN,D,3789,B,B29,5573
9/13/2024 11:48,9/13/2024 11:48,ARR,GPT,AA,OO7,N760SK,D,6211,E,E29A,5574
9/13/2024 12:18,9/13/2024 12:18,ARR,HOU,AA,OO7,N750EV,D,4951,E,E27A,5575
9/13/2024 15:00,9/13/2024 15:00,DEP,SAV,AA,320,N117UW,D,2081,A,A28,5576
9/13/2024 2:07,9/13/2024 2:07,ARR,PIT,AA,32C,N155NN,D,1868,A,A25,5577
9/13/2024 1:58,9/13/2024 0:39,ARR,SLC,AA,32C,N132AN,D,2169,A,A39,5578
9/12/2024 20:00,9/12/2024 20:00,DEP,AUS,AA,38R,N315PE,D,775,A,A18,5579
9/13/2024 0:45,9/13/2024 0:45,DEP,JAX,AA,38R,N315PE,D,1305,A,A16,5580
9/13/2024 16:56,9/13/2024 16:56,ARR,AEX,AA,OO7,N760SK,D,4812,E,E22B,5581
9/13/2024 16:29,9/13/2024 16:29,ARR,SHV,AA,OO7,N707SK,D,4930,E,E24A,5582
9/12/2024 19:53,9/12/2024 19:42,DEP,RAP,AA,E7M,N259NN,D,3532,B,B33,5583
9/13/2024 12:07,9/13/2024 12:07,DEP,IND,AA,38K,N824NN,D,1506,A,A38,5584
9/12/2024 21:55,9/12/2024 22:35,ARR,PVG,AA,788,N802AN,I,128,D,D36,5585
9/13/2024 2:07,9/13/2024 2:07,DEP,HSV,AA,E7M,N241NN,D,3374,B,B47,5586
9/12/2024 21:41,9/12/2024 21:05,ARR,NRT,AA,788,N805AN,I,60,D,D29,5587
9/12/2024 21:12,9/12/2024 20:42,ARR,TXK,AA,E7Q,N762DT,D,3966,E,E34A,5588
9/12/2024 23:31,9/12/2024 23:45,ARR,SEA,AA,32C,N145AN,D,2100,A,A21,5589
9/12/2024 19:21,9/12/2024 19:25,DEP,BWI,AA,38K,N831NN,D,1213,A,A19,5590
9/12/2024 23:03,9/12/2024 23:09,ARR,MSO,AA,38R,N969NN,D,851,D,D40,5591
9/12/2024 19:05,9/12/2024 18:21,ARR,ORD,F9,UNK,N309FR,D,3243,D,D6,5592
9/13/2024 16:29,9/13/2024 16:29,ARR,LAW,AA,OO7,N614QX,D,6363,E,E23B,5593
9/12/2024 23:45,9/12/2024 23:45,ARR,AUS,AA,38R,N315PE,D,1635,A,A16,5594
9/13/2024 16:13,9/13/2024 16:13,ARR,COS,AA,OO7,N732SK,D,6219,E,E27A,5595
9/13/2024 2:43,9/13/2024 2:39,ARR,OMA,AA,38R,N342PM,D,2466,B,B11,5596
9/13/2024 0:44,9/13/2024 0:44,ARR,SAF,AA,OO7,N760SK,D,4936,E,E22A,5597
9/13/2024 23:58,9/13/2024 23:58,DEP,SAN,AA,A21,N157UW,D,1634,C,C10,5598
9/12/2024 22:11,9/12/2024 22:10,ARR,YYZ,AC,A319,\N,I,1033,E,E2,5599
9/13/2024 15:25,9/13/2024 15:25,DEP,TLH,AA,E7M,N237NN,D,3574,B,B1,5600
9/13/2024 0:17,9/13/2024 0:20,ARR,LIR,AA,38R,N314PD,I,1436,D,D38,5601
9/12/2024 18:39,9/12/2024 18:41,DEP,STL,AA,38K,N972AN,D,1363,A,A11,5602
9/13/2024 0:32,9/13/2024 0:32,ARR,BZN,AA,E7M,N240NN,D,3862,B,B4,5603
9/12/2024 21:03,9/12/2024 20:55,ARR,LIT,AA,E7M,N292NN,D,3855,B,B43,5604
9/12/2024 19:30,9/12/2024 19:33,DEP,CRP,AA,E7M,N246NN,D,4012,B,B19,5605
9/12/2024 19:26,9/12/2024 19:30,DEP,ORF,AA,38K,N906AN,D,1914,D,D38,5606
9/12/2024 22:51,9/12/2024 22:59,ARR,DCA,AA,A21,N192UW,D,1244,A,A20,5607
9/13/2024 12:17,9/13/2024 12:17,ARR,CLT,AA,32E,N406AN,D,417,A,A23,5608
9/13/2024 23:55,9/13/2024 23:55,DEP,SNA,AA,32E,N406AN,D,348,C,C15,5609
9/13/2024 13:25,9/13/2024 13:25,DEP,SEA,AA,32E,N406AN,D,2105,A,A23,5610
9/13/2024 22:50,9/13/2024 22:50,ARR,SEA,AA,32E,N406AN,D,2105,C,C15,5611
9/12/2024 22:09,9/12/2024 22:27,ARR,SJC,AA,38R,N358PW,D,2046,D,D1,5612
9/13/2024 16:00,9/13/2024 16:00,DEP,MSP,AA,38K,N949AN,D,2147,B,B7,5613
9/12/2024 20:33,9/12/2024 20:44,ARR,BHM,AA,E7M,N273NN,D,3888,B,B32,5614
9/12/2024 19:29,9/12/2024 19:35,ARR,JAN,AA,CP9,N553NN,D,5383,E,E35A,5615
9/12/2024 21:21,9/12/2024 21:35,ARR,JAC,AA,319,N90024,D,2058,A,A19,5616
9/13/2024 1:50,9/13/2024 1:50,DEP,AMA,AA,E7M,N235NN,D,3837,B,B43,5617
9/12/2024 21:04,9/12/2024 21:04,DEP,BOS,AA,737,N880NN,D,2306,D,D37,5618
9/12/2024 21:23,9/12/2024 20:53,ARR,LRD,AA,E7Q,N782SM,D,3502,E,E37A,5619
9/12/2024 17:16,9/12/2024 17:19,DEP,TUS,AA,32C,N129AA,D,2926,C,C21,5620
9/12/2024 17:40,9/12/2024 17:40,DEP,SLC,DL,220,N128DU,D,2174,E,E14,5621
9/12/2024 18:39,9/12/2024 18:44,ARR,XNA,AA,E7M,N250NN,D,3584,B,B48,5622
9/12/2024 16:42,9/12/2024 16:35,DEP,EWR,AA,32C,N133AN,D,813,C,C30,5623
9/12/2024 19:38,9/12/2024 19:28,ARR,DTW,DL,320,N320US,D,1041,E,E12,5624
9/12/2024 18:04,9/12/2024 18:16,ARR,ONT,AA,32S,N154UW,D,1534,D,D4,5625
9/12/2024 19:25,9/12/2024 19:29,DEP,PIT,AA,32C,N155NN,D,1868,A,A28,5626
9/12/2024 19:41,9/12/2024 19:33,DEP,ATL,AA,32C,N147AA,D,1051,C,C37,5627
9/12/2024 22:33,9/12/2024 22:35,ARR,SBA,AA,319,N93003,D,2083,A,A28,5628
9/12/2024 22:10,9/12/2024 22:22,ARR,PIT,AA,38K,N811NN,D,1988,A,A29,5629
9/12/2024 19:28,9/12/2024 19:35,DEP,SDF,AA,19W,N724UW,D,506,B,B14,5630
9/14/2024 0:47,9/14/2024 0:47,ARR,MIA,AA,38M,N310RF,D,1314,D,D18,5631
9/12/2024 20:40,9/12/2024 20:20,ARR,FCO,AA,772,N781AN,I,239,D,D33,5632
9/12/2024 22:53,9/12/2024 22:49,ARR,SBP,AA,A19,N823AW,D,2087,C,C20,5633
9/12/2024 19:35,9/12/2024 19:30,DEP,SAT,AA,38K,N821NN,D,1961,C,C21,5634
9/12/2024 19:35,9/12/2024 19:44,DEP,TLH,AA,CP9,N610NN,D,5233,E,E34A,5635
9/12/2024 23:29,9/12/2024 23:29,ARR,EWR,UA,737,N17264,D,1814,E,E6,5636
9/12/2024 22:14,9/12/2024 22:13,ARR,DTW,AA,38K,N853NN,D,1323,C,C8,5637
9/12/2024 22:10,9/12/2024 22:08,ARR,SJD,AA,32C,N130AN,I,2667,D,D38,5638
9/13/2024 12:11,9/13/2024 12:11,DEP,TUL,AA,OO7,N763SK,D,4899,E,E38B,5639
9/12/2024 18:01,9/12/2024 18:07,DEP,ELP,AA,38K,N839NN,D,1326,D,D18,5640
9/12/2024 20:44,9/12/2024 20:44,DEP,MSP,AA,38R,N995NN,D,2406,A,A9,5641
9/12/2024 21:40,9/12/2024 21:26,ARR,IND,AA,32C,N154AA,D,2456,A,A25,5642
9/12/2024 18:56,9/12/2024 18:45,ARR,ICT,AA,E7M,N228NN,D,3550,B,B24,5643
9/12/2024 17:38,9/12/2024 17:30,DEP,TPA,AA,A21,N545UW,D,2324,A,A17,5644
9/12/2024 22:25,9/12/2024 22:25,DEP,IAD,UA,319,N895UA,D,1240,E,E6,5645
9/12/2024 17:51,9/12/2024 17:43,DEP,IAH,AA,A05,N647AW,D,1873,A,A29,5646
9/12/2024 21:07,9/12/2024 21:15,ARR,LHR,AA,772,N762AN,I,79,D,D30,5647
9/12/2024 19:40,9/12/2024 19:26,DEP,ORD,UA,737,N37277,D,694,E,E9,5648
9/12/2024 19:43,9/12/2024 19:48,ARR,ORD,AA,38K,N951AA,D,1109,A,A38,5649
9/12/2024 22:45,9/12/2024 22:58,ARR,BOS,AA,A21,N184US,D,1285,A,A24,5650
9/12/2024 20:31,9/12/2024 20:54,ARR,YYZ,AA,38R,N960NN,I,1993,A,A8,5651
9/12/2024 15:41,9/12/2024 15:48,DEP,BZN,AA,38K,N890NN,D,952,D,D34,5652
9/12/2024 18:37,9/12/2024 18:44,ARR,MAF,AA,E7M,N207AN,D,3505,B,B28,5653
9/12/2024 17:28,9/12/2024 17:30,DEP,MEX,AA,38R,N994NN,I,2815,B,B16,5654
9/12/2024 22:04,9/12/2024 21:48,ARR,LGA,AA,38K,N945AN,D,575,A,A37,5655
9/12/2024 17:19,9/12/2024 17:23,DEP,CVG,AA,38K,N819NN,D,2345,C,C24,5656
9/12/2024 20:33,9/12/2024 20:49,ARR,BWI,AA,38K,N928NN,D,2314,A,A28,5657
9/12/2024 21:13,9/12/2024 20:54,ARR,FLL,AA,38K,N806NN,D,1364,A,A33,5658
9/12/2024 17:27,9/12/2024 17:31,DEP,SEA,AA,A21,N563UW,D,1992,B,B14,5659
9/12/2024 19:54,9/12/2024 20:14,ARR,SLC,AA,A21,N177US,D,2178,B,B18,5660
9/12/2024 17:33,9/12/2024 17:40,DEP,JFK,AA,38M,N336SR,D,2246,C,C31,5661
9/12/2024 19:41,9/12/2024 19:29,ARR,MSP,DL,319,N351NB,D,2970,E,E15,5662
9/12/2024 18:04,9/12/2024 18:13,ARR,LAX,AA,321,N971UY,D,2746,D,D17,5663
9/12/2024 17:39,9/12/2024 17:40,DEP,BOS,AA,32C,N158AN,D,849,D,D17,5664
9/12/2024 19:22,9/12/2024 19:37,ARR,DEN,F9,UNK,N619FR,D,4070,E,E21,5665
9/12/2024 20:00,9/12/2024 18:25,DEP,SLC,AA,32C,N132AN,D,1456,C,C38,5666
9/12/2024 21:34,9/12/2024 21:34,ARR,MLM,AA,319,N716UW,I,2136,D,D3,5667
9/12/2024 21:51,9/12/2024 21:51,DEP,DEN,UA,32S,N447UA,D,2655,E,E9,5668
9/12/2024 19:14,9/12/2024 19:20,ARR,LHR,AA,77W,N726AN,I,21,D,D25A,5669
9/12/2024 16:05,9/12/2024 16:05,ARR,AUS,SY,737,\N,D,8128,D,D5,5670
9/12/2024 19:55,9/12/2024 19:40,ARR,STL,AA,E7M,N252NN,D,3944,B,B25,5671
9/12/2024 21:20,9/12/2024 21:29,ARR,DEN,UA,319,N895UA,D,578,E,E6,5672
9/12/2024 17:29,9/12/2024 17:29,DEP,FWA,AA,E7Q,N764JD,D,3909,E,E37B,5673
9/12/2024 19:08,9/12/2024 19:07,ARR,COU,AA,E7M,N259NN,D,3416,B,B33,5674
9/12/2024 19:44,9/12/2024 19:45,ARR,ATL,DL,321,N359DN,D,921,E,E13,5675
9/12/2024 18:46,9/12/2024 18:55,ARR,MHK,AA,E7M,N239NN,D,3920,B,B4,5676
9/13/2024 15:38,9/13/2024 15:38,ARR,IAD,UA,32S,N823UA,D,2314,E,E8,5677
9/12/2024 17:29,9/12/2024 17:33,DEP,DEN,AA,A21,N973UY,D,1321,D,D17,5678
9/12/2024 16:43,9/12/2024 16:45,DEP,BIS,AA,E7M,N206NN,D,3839,B,B30,5679
9/12/2024 19:04,9/12/2024 19:00,ARR,AMS,AA,788,N800AN,I,221,D,D23,5680
9/12/2024 16:40,9/12/2024 16:41,DEP,MCO,AA,32C,N156AN,D,654,C,C6,5681
9/12/2024 17:42,9/12/2024 17:48,DEP,SAT,AA,A05,N667AW,D,460,C,C4,5682
9/12/2024 20:40,9/12/2024 20:54,ARR,MIA,AA,A21,N572UW,D,1824,C,C17,5683
9/12/2024 16:14,9/12/2024 16:18,DEP,AGU,AA,E7R,N788CJ,I,3415,E,E38B,5684
9/12/2024 16:00,9/12/2024 16:05,DEP,OGG,AA,788,N817AN,D,119,A,A34,5685
9/12/2024 18:58,9/12/2024 17:53,DEP,TXK,AA,E7Q,N762DT,D,3966,E,E38A,5686
9/13/2024 0:30,9/12/2024 23:08,ARR,ORF,AA,38K,N930AN,D,1634,A,A33,5687
9/12/2024 18:35,9/12/2024 18:45,ARR,MTJ,AA,19W,N724UW,D,1683,B,B14,5688
9/12/2024 18:20,9/12/2024 17:10,DEP,IAH,UA,CR9,N934FJ,D,6096,E,E4,5689
9/12/2024 21:27,9/12/2024 17:23,ARR,PHL,AA,32C,N991AU,D,771,A,A39,5690
9/12/2024 18:43,9/12/2024 18:33,ARR,MIA,AA,38M,N303RG,D,1794,A,A29,5691
9/12/2024 19:44,9/12/2024 19:20,ARR,MTY,AA,A19,N748UW,I,2198,D,D4,5692
9/12/2024 16:05,9/12/2024 16:05,DEP,DTW,DL,32S,N367NW,D,2746,E,E14,5693
9/12/2024 18:53,9/12/2024 18:46,DEP,LAS,AA,32C,N127AA,D,2668,A,A37,5694
9/12/2024 17:00,9/12/2024 17:00,DEP,IAD,UA,32S,N811UA,D,358,E,E5,5695
9/12/2024 21:17,9/12/2024 19:58,ARR,JAX,AA,38R,N342PM,D,3029,C,C15,5696
9/12/2024 22:27,9/12/2024 22:10,ARR,LHR,BA,388,\N,I,193,D,D16,5697
9/12/2024 18:56,9/12/2024 18:45,ARR,HRL,AA,E7R,N779RN,D,3411,E,E37A,5698
9/12/2024 16:35,9/12/2024 16:35,DEP,DEN,UA,32S,N832UA,D,445,E,E8,5699
9/12/2024 19:44,9/12/2024 19:53,ARR,SFO,UA,319,N828UA,D,1240,E,E8,5700
9/12/2024 16:06,9/12/2024 15:33,DEP,ONT,AA,32N,N950XV,D,948,B,B12,5701
9/12/2024 19:22,9/12/2024 19:49,ARR,QRO,AA,737,N880NN,I,2302,D,D37,5702
9/12/2024 17:14,9/12/2024 17:19,DEP,FAR,AA,E7M,N280NN,D,3886,B,B35,5703
9/12/2024 16:50,9/12/2024 16:50,DEP,BOS,DL,220,N317DU,D,760,E,E17,5704
9/12/2024 18:45,9/12/2024 18:48,ARR,MFE,AA,E7M,N277NN,D,3825,B,B22,5705
9/12/2024 17:59,9/12/2024 17:50,DEP,FLL,AA,38K,N907NN,D,1373,A,A28,5706
9/12/2024 19:57,9/12/2024 20:05,ARR,CUN,AA,32C,N906AA,I,1068,D,D31,5707
9/12/2024 18:55,9/12/2024 19:00,ARR,VPS,AA,38K,N970AN,D,388,D,D2,5708
9/12/2024 17:23,9/12/2024 17:20,DEP,CLT,AA,A21,N922US,D,1082,C,C35,5709
9/12/2024 19:14,9/12/2024 18:58,ARR,GRR,AA,19W,N704US,D,1875,C,C30,5710
9/12/2024 17:44,9/12/2024 17:19,DEP,XNA,AA,319,N9018E,D,2676,C,C38,5711
9/12/2024 19:09,9/12/2024 19:32,ARR,SNA,AA,38R,N995NN,D,3106,A,A9,5712
9/13/2024 15:27,9/13/2024 15:27,ARR,TUL,AA,OO7,N763SK,D,4899,E,E30,5713
9/12/2024 19:00,9/12/2024 18:48,ARR,ECP,AA,CP9,N573NN,D,5319,E,E36,5714
9/13/2024 12:45,9/13/2024 12:45,DEP,SFO,UA,320,N430UA,D,657,E,E9,5715
9/12/2024 21:03,9/12/2024 21:17,ARR,SEA,AA,A21,N979UY,D,2767,A,A18,5716
9/13/2024 19:40,9/13/2024 19:40,DEP,MCO,NK,32S,\N,D,1099,E,E18,5717
9/12/2024 16:08,9/12/2024 16:03,ARR,MKE,AA,319,N4032T,D,53,A,A35,5718
9/12/2024 15:59,9/12/2024 16:10,ARR,RNO,AA,38R,N994NN,D,1361,B,B16,5719
9/12/2024 13:20,9/12/2024 13:20,DEP,LAS,AA,32E,N409AA,D,1853,D,D21,5720
9/12/2024 16:15,9/12/2024 16:30,ARR,SEA,AA,32C,N902AA,D,2748,C,C22,5721
9/12/2024 13:08,9/12/2024 13:17,DEP,BWI,AA,38K,N928NN,D,2314,B,B9,5722
9/12/2024 16:09,9/12/2024 16:10,ARR,LAX,AA,A21,N172US,D,2811,A,A37,5723
9/12/2024 13:08,9/12/2024 13:11,DEP,PHL,AA,32C,N908AA,D,309,C,C30,5724
9/12/2024 12:01,9/12/2024 12:00,DEP,SEA,AA,32C,N145AN,D,2100,C,C35,5725
9/12/2024 13:20,9/12/2024 13:09,DEP,GSO,AA,E7M,N253NN,D,3570,B,B39,5726
9/12/2024 16:25,9/12/2024 16:22,ARR,ORD,UA,737,N17317,D,1071,E,E9,5727
9/12/2024 16:34,9/12/2024 16:24,ARR,TUL,AA,E7M,N290NN,D,3336,B,B24,5728
9/12/2024 16:34,9/12/2024 16:39,ARR,PHX,AA,A21,N563UW,D,424,B,B14,5729
9/12/2024 13:20,9/12/2024 13:23,DEP,LAX,AA,32E,N457AM,D,1994,C,C10,5730
9/12/2024 16:38,9/12/2024 16:39,ARR,GEG,AA,A05,N647AW,D,2369,A,A29,5731
9/13/2024 22:44,9/13/2024 22:44,ARR,DEN,AA,A21,N172US,D,1321,A,A8,5732
9/13/2024 14:47,9/13/2024 14:47,DEP,IAH,UA,E7W,N86334,D,6079,E,E4,5733
9/12/2024 12:20,9/12/2024 12:20,DEP,SAN,AA,32Q,N431AN,D,2991,D,D2,5734
9/12/2024 16:46,9/12/2024 16:30,ARR,BOS,AA,A21,N576UW,D,2600,A,A16,5735
9/12/2024 22:50,9/12/2024 22:50,ARR,CRP,AA,E7M,N246NN,D,4012,B,B4,5736
9/12/2024 13:28,9/12/2024 13:54,ARR,IAH,UA,E7W,N87345,D,6087,E,E4,5737
9/12/2024 13:56,9/12/2024 13:41,DEP,FLL,AA,38K,N806NN,D,1364,A,A19,5738
9/12/2024 18:16,9/12/2024 18:24,ARR,AUS,AA,38K,N831NN,D,784,A,A19,5739
9/12/2024 22:14,9/12/2024 22:03,ARR,MEX,AA,38R,N346PR,I,393,D,D31,5740
9/12/2024 18:10,9/12/2024 18:26,ARR,IAH,UA,CRJ,N927LR,D,6326,E,E6,5741
9/12/2024 19:29,9/12/2024 18:54,ARR,GSP,AA,E7M,N211NN,D,3436,B,B34,5742
9/12/2024 20:36,9/12/2024 20:44,ARR,TLH,AA,E7M,N209NN,D,3672,B,B37,5743
9/12/2024 22:15,9/12/2024 22:15,DEP,ORD,AA,38K,N806NN,D,2399,A,A33,5744
9/12/2024 20:24,9/12/2024 20:24,DEP,ABQ,AA,38K,N974AN,D,9,C,C17,5745
9/13/2024 17:30,9/13/2024 17:30,DEP,SLC,DL,220,N131DU,D,2174,E,E14,5746
9/12/2024 15:18,9/12/2024 15:23,ARR,LGA,AA,737,N306PB,D,955,D,D17,5747
9/13/2024 13:59,9/13/2024 13:59,ARR,OKC,AA,OO7,N631SK,D,4945,E,E23B,5748
9/13/2024 16:35,9/13/2024 16:35,DEP,DEN,UA,32S,N823UA,D,445,E,E8,5749
9/12/2024 23:45,9/12/2024 23:45,DEP,TLH,AA,CP9,N563NN,D,5361,E,E34A,5750
9/13/2024 2:50,9/13/2024 2:50,ARR,BRO,AA,E7R,N788CJ,D,3875,E,E34A,5751
9/13/2024 1:00,9/13/2024 1:00,ARR,SGF,AA,CP9,N564NN,D,5242,E,E34A,5752
9/12/2024 17:35,9/12/2024 17:34,ARR,ORD,AA,38K,N837NN,D,1210,A,A25,5753
9/12/2024 13:41,9/12/2024 13:37,DEP,JAX,AA,38R,N342PM,D,3029,A,A10,5754
9/12/2024 16:52,9/12/2024 16:57,ARR,SJC,AA,737,N954NN,D,445,D,D37,5755
9/12/2024 17:18,9/12/2024 17:40,ARR,SLC,AA,38K,N919NN,D,2066,D,D22,5756
9/13/2024 18:10,9/13/2024 18:10,DEP,EWR,UA,737,N17328,D,2160,E,E6,5757
9/12/2024 17:27,9/12/2024 17:25,ARR,SAL,AV,A20N,\N,I,440,D,D6,5758
9/13/2024 17:40,9/13/2024 17:40,DEP,BOS,AA,32C,N133AN,D,849,D,D17,5759
9/12/2024 23:09,9/12/2024 23:09,ARR,LBB,AA,E7M,N211NN,D,3738,B,B27,5760
9/13/2024 2:37,9/13/2024 2:37,ARR,PHL,AA,32Q,N405AN,D,2533,D,D3,5761
9/14/2024 0:44,9/14/2024 0:44,ARR,DEN,AA,A21,N508AY,D,631,C,C2,5762
9/12/2024 23:59,9/12/2024 23:59,ARR,LFT,AA,CP9,N553NN,D,5530,E,E36,5763
9/13/2024 15:05,9/13/2024 15:05,DEP,SBP,AA,A19,N770UW,D,2087,A,A35,5764
9/12/2024 22:25,9/12/2024 22:25,DEP,GPT,AA,OO7,N612QX,D,4872,E,E28A,5765
9/13/2024 3:40,9/13/2024 3:40,DEP,CLL,AA,E7R,N782SM,D,3717,B,B49,5766
9/13/2024 0:59,9/13/2024 0:59,ARR,TLH,AA,CP9,N610NN,D,5233,E,E35B,5767
9/12/2024 22:50,9/12/2024 22:50,ARR,TUL,AA,E7M,N239NN,D,3956,B,B32,5768
9/13/2024 0:14,9/13/2024 0:14,ARR,QRO,AA,737,N954NN,I,2299,D,D3,5769
9/12/2024 23:51,9/12/2024 23:51,DEP,OKC,AA,OO7,N608SK,D,4893,E,E30,5770
9/12/2024 16:58,9/12/2024 17:00,DEP,AUS,AA,38K,N946AN,D,1186,A,A25,5771
9/13/2024 1:52,9/13/2024 1:52,DEP,MIA,AA,32C,N930AU,D,1847,D,D34,5772
9/13/2024 0:34,9/13/2024 0:34,ARR,CLL,AA,OO7,N726SK,D,6373,E,E23B,5773
9/13/2024 19:03,9/13/2024 19:03,ARR,CLT,NK,32B,\N,D,210,E,E33,5774
9/13/2024 0:25,9/13/2024 0:25,ARR,ACT,AA,OO7,N773SK,D,4925,E,E29A,5775
9/12/2024 20:03,9/12/2024 20:21,ARR,SFO,AA,A21,N181UW,D,2116,A,A17,5776
9/12/2024 17:18,9/12/2024 17:23,DEP,AVL,AA,320,N112US,D,569,A,A8,5777
9/12/2024 16:38,9/12/2024 16:30,DEP,SLC,AA,32C,N994AN,D,2439,B,B9,5778
9/13/2024 2:53,9/13/2024 2:53,ARR,FLL,NK,32N,\N,D,214,E,E18,5779
9/12/2024 22:44,9/12/2024 22:47,ARR,MRY,AA,319,N8027D,D,2879,A,A21,5780
9/12/2024 20:01,9/12/2024 20:10,ARR,DGO,AA,E7M,N205NN,I,3765,B,B1A,5781
